0.73233,0.73233,0.73233,0.73233,0.73233,0.73233,0.73233,0.73233,0.73233,0.73233,0.73233,0.73233,0.73233,0.73233,0.73233,0.73233,0.70183,0.60017,0.57213,0.56253,0.56253,0.56253,0.56253,0.56621,0.58865,0.63418,0.68456,0.72728,0.72756,0.70015,0.64635,0.59255,0.53874,0.49222,0.4806,0.47764,0.47764,0.47764,0.45524,0.4168,0.363,0.3092,0.25045,0.18067,0.075499,0.0090869,-0.061263,-0.16563,-0.23252,-0.30956,-0.4017,-0.47578,-0.53733,-0.5869,-0.61853,-0.62601,-0.62601,-0.62601,-0.62601,-0.62601,-0.62601,-0.62601,-0.62601,-0.62601,-0.62601,-0.65401,-0.69631,-0.75011,-0.82675,-0.90079,-0.96646,-0.97997,-1.0191,-1.0725,-1.1241,-1.1354,-1.1532,-1.2035,-1.2157,-1.2398,-1.2798,-1.3336,-1.3874,-1.4412,-1.495,-1.5488,-1.6026,-1.6564,-1.7056,-1.7297,-1.734,-1.787,-1.8095,-1.8146,-1.8146,-1.8146,-1.8146,-1.8146,-1.768,-1.6984,-1.6129,-1.5591,-1.5053,-1.4514,-1.3976,-1.3438,-1.29,-1.2362,-1.2248,-1.2203,-1.2203,-1.2203,-1.2203,-1.215,-1.1933,-1.1584,-1.1314,-1.1211,-1.0733,-1.0505,-1.0447,-0.99202,-0.97063,-0.9656,-0.9656,-0.9656,-0.9656,-0.9656,-0.98927,-1.0195,-1.052,-1.065,-1.1011,-1.1354,-1.1354,-1.1354,-1.1354,-1.1354,-1.0921,-1.0427,-0.98885,-0.93504,-0.90017,-0.87487,-0.85351,-0.83124,-0.8365,-0.8803,-0.88499,-0.9172,-0.96385,-0.9652,-0.9656,-0.9656,-0.9656,-0.9656,-0.9656,-0.9656,-0.9656,-0.95507,-0.93338,-0.89228,-0.87565,-0.85501,-0.80121,-0.74741,-0.6936,-0.6398,-0.586,-0.53219,-0.47839,-0.42459,-0.39025,-0.37132,-0.37132,-0.38477,-0.41295,-0.45615,-0.45209,-0.41864,-0.36483,-0.31103,-0.25723,-0.17819,-0.04273,0.053624,0.14118,0.22446,0.30828,0.38496,0.46089,0.55606,0.62039,0.67385,0.72657,0.73233,0.75514,0.80451,0.85832,0.88907,0.91382,0.97817,1.0552,1.1137,1.1259,1.0923,1.0674,1.056,1.0022,0.94835,0.90446,0.90257,0.90212,0.90212,0.90212,0.93383,0.96375,0.9883,1.0118,1.0431,1.0719,1.0719,1.0719,1.0719,1.0719,1.0719,1.0959,1.1424,1.153,1.1568,1.1635,1.1954,1.2034,1.1998,1.1871,1.2222,1.2463,1.2585,1.3088,1.3266,1.3379,1.3895,1.4429,1.5113,1.6054,1.6473,1.6809,1.7081,1.7154,1.6827,1.6316,1.5897,1.5813,1.5813,1.5813,1.5813,1.5813,1.5813,1.5813,1.5813,1.5888,1.6204,1.67,1.7238,1.7776,1.8174,1.836,1.8353,1.8288,1.7543,1.6089,1.3472,1.0795,0.81046,0.54145,0.30552,0.11202,-0.035376,-0.097021,-0.093039,-0.03689,0.082342,0.22663,0.33775,0.39128,0.39274,0.39274,0.38769,0.34497,0.2946,0.24079,0.18699,0.1117,0.028898,-0.058702,-0.099051,-0.11184,-0.097817,-0.046987,-0.031739,-0.017802,0.033298,0.048281,0.053157,0.053157,0.053157,0.037156,0.0083987,-0.022694,-0.031739,-0.034939,-0.046294,-0.089072,-0.11663,-0.11663
1.1499,1.1499,1.1499,1.1499,1.1499,1.1499,1.1499,1.1499,1.1499,1.1499,1.1499,1.1499,1.1499,1.1499,1.1499,1.1473,1.0939,1.0623,1.0493,1.0493,1.0493,1.0477,1.0237,0.98867,0.94872,0.94872,0.94649,0.9327,0.8129,0.72525,0.66042,0.60051,0.54061,0.48071,0.4208,0.37613,0.3452,0.3452,0.3452,0.3452,0.3452,0.3452,0.33781,0.28239,0.22411,0.16421,0.10431,0.065979,0.043442,0.043442,0.043442,0.045258,0.056469,0.095017,0.12801,0.068108,0.046328,0.043442,0.043442,0.043442,0.036913,0.0026375,-0.049456,-0.10936,-0.16926,-0.22917,-0.28907,-0.34897,-0.40888,-0.46878,-0.52868,-0.55242,-0.56982,-0.61242,-0.66771,-0.72098,-0.75301,-0.77648,-0.80674,-0.86664,-0.92655,-0.98645,-1.0464,-1.1063,-1.1797,-1.2906,-1.3747,-1.4565,-1.5526,-1.6447,-1.7268,-1.7867,-1.8354,-1.8697,-1.8764,-1.9257,-1.9495,-1.8908,-1.8732,-1.8537,-1.8092,-1.7825,-1.7671,-1.7671,-1.7485,-1.7186,-1.6738,-1.6665,-1.6665,-1.6665,-1.6665,-1.6479,-1.595,-1.5751,-1.5521,-1.514,-1.4837,-1.4567,-1.4333,-1.3919,-1.3648,-1.3648,-1.3659,-1.3901,-1.45,-1.4617,-1.4468,-1.4003,-1.3771,-1.3518,-1.3201,-1.2626,-1.2169,-1.191,-1.2266,-1.2251,-1.1674,-1.1636,-1.1636,-1.1636,-1.1636,-1.1457,-1.1056,-1.0778,-1.0514,-1.0261,-0.9848,-0.95749,-0.94692,-0.89154,-0.86184,-0.86184,-0.86184,-0.86184,-0.86184,-0.86184,-0.87849,-0.91213,-0.94577,-0.96242,-0.96242,-0.96242,-0.96028,-0.95506,-0.89515,-0.86495,-0.86043,-0.8111,-0.75613,-0.69622,-0.63632,-0.57641,-0.51651,-0.45661,-0.3967,-0.3368,-0.2769,-0.21699,-0.16093,-0.15869,-0.18647,-0.23095,-0.20501,-0.17999,-0.15773,-0.15773,-0.13314,-0.085334,0.021018,0.10315,0.17478,0.29459,0.37866,0.4397,0.49961,0.58668,0.68341,0.73018,0.74755,0.74755,0.74755,0.75675,0.77665,0.82951,0.84814,0.85721,0.9168,0.94228,0.96324,1.0529,1.1127,1.1499,1.1499,1.1653,1.192,1.2365,1.245,1.2272,1.168,1.1499,1.1605,1.2137,1.2393,1.2505,1.2505,1.2505,1.2505,1.2505,1.2623,1.2845,1.3265,1.2937,1.2338,1.1739,1.1542,1.1499,1.1499,1.1499,1.1417,1.1096,1.0751,1.0539,1.0712,1.1137,1.1499,1.1499,1.1499,1.1656,1.2207,1.2796,1.3276,1.3472,1.3511,1.3511,1.3511,1.3511,1.3476,1.3368,1.2857,1.2258,1.1659,1.106,1.0623,1.0511,1.0493,1.0377,1.0037,0.9703,0.94872,0.94872,0.94872,0.94872,0.94872,0.94872,0.94872,0.94872,0.86171,0.7707,0.69318,0.60034,0.49576,0.37595,0.27421,0.19048,0.13057,0.070671,0.010768,-0.049136,-0.10904,-0.14773,-0.15702,-0.15773,-0.15773,-0.15773,-0.15773,-0.15773,-0.15773,-0.15773,-0.15773,-0.15773,-0.15773,-0.15773,-0.15773,-0.15773,-0.15773,-0.15773,-0.12194,-0.074122,-0.014219,0.024002,0.043442,0.043442,0.043442,0.043442,0.043442
1.016,1.016,1.016,1.016,1.016,1.016,1.016,1.016,1.016,1.016,1.016,1.016,1.016,1.016,1.016,1.016,1.016,1.016,1.016,1.016,0.98581,0.95042,0.85855,0.76499,0.75083,0.73823,0.73823,0.73823,0.73823,0.73823,0.73823,0.73823,0.73823,0.73823,0.73823,0.73823,0.73823,0.72283,0.69806,0.62323,0.52768,0.46019,0.40004,0.35075,0.30298,0.25521,0.20908,0.19492,0.18504,0.20274,0.23752,0.33306,0.40918,0.44103,0.46045,0.46045,0.46045,0.46045,0.44358,0.4135,0.37199,0.32421,0.27644,0.22867,0.1809,0.13313,0.088551,0.044318,0.043778,0.041836,0.015296,-0.01433,-0.060332,-0.095114,-0.095114,-0.095114,-0.095114,-0.095114,-0.095114,-0.095114,-0.095114,-0.10858,-0.13158,-0.17119,-0.21897,-0.26674,-0.31451,-0.36228,-0.41005,-0.45782,-0.50506,-0.50859,-0.51369,-0.53315,-0.55779,-0.60556,-0.65333,-0.7011,-0.74262,-0.7727,-0.78957,-0.78957,-0.78957,-0.78957,-0.79928,-0.8152,-0.85327,-0.90104,-0.94881,-0.99658,-1.0444,-1.0921,-1.1399,-1.1877,-1.2354,-1.2832,-1.331,-1.3788,-1.4265,-1.4639,-1.4763,-1.484,-1.484,-1.484,-1.484,-1.484,-1.484,-1.484,-1.484,-1.484,-1.484,-1.5097,-1.5415,-1.5938,-1.6487,-1.7432,-1.8351,-1.8705,-1.9015,-1.9068,-1.9219,-1.9697,-2.0175,-2.0652,-2.1116,-2.1558,-2.1785,-2.1785,-2.1633,-2.1367,-2.095,-2.0455,-1.9617,-1.8662,-1.7912,-1.7204,-1.6707,-1.6229,-1.5274,-1.4318,-1.3363,-1.2407,-1.1452,-1.0497,-0.95412,-0.86582,-0.79151,-0.72853,-0.68076,-0.63299,-0.58521,-0.53744,-0.48967,-0.4419,-0.39413,-0.37898,-0.37367,-0.3729,-0.3729,-0.3729,-0.37091,-0.28952,-0.20483,-0.093366,0.024316,0.16763,0.32186,0.5041,0.6844,0.86133,1.0231,1.1664,1.3097,1.453,1.5732,1.6794,1.7105,1.7105,1.7105,1.7105,1.6918,1.6706,1.5778,1.4839,1.4219,1.3643,1.3342,1.3212,1.369,1.4168,1.4645,1.5095,1.5502,1.5716,1.5716,1.5885,1.6185,1.66,1.7078,1.7556,1.8034,1.828,1.8475,1.843,1.8359,1.7414,1.6459,1.5503,1.4548,1.3593,1.2637,1.1682,1.0726,0.97709,0.88155,0.786,0.71435,0.66658,0.6188,0.57103,0.52326,0.47549,0.42772,0.37995,0.35004,0.3235,0.32156,0.32102,0.27679,0.23411,0.2058,0.18267,0.18267,0.17128,0.12881,0.09073,0.060651,0.043778,0.043778,0.022437,-0.018257,-0.053557,-0.085404,-0.095114,-0.095114,-0.12549,-0.16442,-0.19875,-0.23237,-0.23401,-0.23401,-0.23401,-0.23401,-0.23401,-0.23401,-0.23401,-0.23401,-0.23401,-0.23401,-0.23401,-0.23401,-0.23401,-0.21556,-0.18194,-0.14496,-0.10603,-0.095114,-0.095114,-0.095114,-0.095114,-0.095114,-0.095114,-0.095114,-0.095114,-0.095114,-0.095114,-0.095114,-0.095114,-0.095114,-0.095114,-0.095114,-0.095114,-0.095114,-0.095114,-0.095114,-0.095114,-0.095114,-0.095114,-0.095114,-0.095114,-0.095114,-0.095114,-0.095114,-0.095114,-0.095114
0.57325,0.57325,0.57325,0.57325,0.57325,0.57325,0.57325,0.57325,0.57325,0.57325,0.57325,0.57325,0.57325,0.57325,0.57325,0.57325,0.57325,0.57325,0.57325,0.57325,0.57325,0.57325,0.57325,0.57325,0.57325,0.57325,0.57325,0.5756,0.603,0.63947,0.67816,0.67816,0.65691,0.62003,0.57058,0.52113,0.47664,0.47063,0.45427,0.42824,0.3788,0.32935,0.284,0.26529,0.25852,0.25852,0.25852,0.25852,0.26126,0.27931,0.31799,0.35986,0.36254,0.34605,0.3169,0.2728,0.25852,0.25235,0.21827,0.18281,0.1536,0.1536,0.12434,0.085043,0.056977,0.04822,0.037331,-0.012118,-0.061566,-0.10911,-0.14987,-0.16113,-0.16968,-0.20711,-0.2411,-0.26604,-0.26604,-0.26604,-0.26604,-0.26604,-0.26906,-0.28475,-0.3342,-0.38365,-0.4331,-0.48255,-0.532,-0.58145,-0.63089,-0.68034,-0.72979,-0.77924,-0.82869,-0.86985,-0.89124,-0.90139,-0.92157,-0.97102,-1.0205,-1.0699,-1.1194,-1.1688,-1.2183,-1.2677,-1.2978,-1.316,-1.3187,-1.3606,-1.41,-1.4595,-1.4999,-1.525,-1.525,-1.5588,-1.5951,-1.6258,-1.6299,-1.6299,-1.6299,-1.6299,-1.6322,-1.6382,-1.6827,-1.7321,-1.7816,-1.8185,-1.8397,-1.8397,-1.8397,-1.8307,-1.8086,-1.7628,-1.7348,-1.7348,-1.7348,-1.7348,-1.7348,-1.7348,-1.7348,-1.7348,-1.7184,-1.6867,-1.6372,-1.6317,-1.6183,-1.5929,-1.5444,-1.4949,-1.4455,-1.396,-1.3526,-1.3159,-1.3152,-1.295,-1.2536,-1.2248,-1.2102,-1.2102,-1.2102,-1.2102,-1.2102,-1.2102,-1.2102,-1.2095,-1.1728,-1.1294,-1.0799,-1.0305,-0.98105,-0.9316,-0.88215,-0.83089,-0.7759,-0.677,-0.5781,-0.47921,-0.38031,-0.28141,-0.18519,-0.12638,-0.072926,-0.023477,0.025971,0.047469,0.048691,0.048691,0.048691,0.048691,0.048691,0.027442,-0.0063644,-0.026411,-0.0040987,0.04535,0.094799,0.14425,0.19395,0.2454,0.32667,0.42147,0.48963,0.54585,0.5953,0.64475,0.6691,0.68366,0.71974,0.79711,0.88843,0.94055,0.99089,1.0403,1.0898,1.1392,1.1949,1.2784,1.3633,1.4419,1.4914,1.5408,1.586,1.6141,1.6224,1.6224,1.6224,1.6224,1.6224,1.6224,1.6224,1.6138,1.5764,1.5424,1.5175,1.5175,1.5512,1.5854,1.5854,1.5482,1.4987,1.4493,1.4248,1.4093,1.3973,1.3564,1.307,1.2575,1.2394,1.2468,1.2963,1.3457,1.3869,1.4083,1.4125,1.4125,1.4125,1.4125,1.4125,1.4125,1.4125,1.3983,1.3542,1.3056,1.2562,1.2067,1.1573,1.1078,1.0584,1.0089,0.95949,0.91004,0.86059,0.81114,0.76169,0.71224,0.64517,0.54828,0.47305,0.40953,0.36009,0.31064,0.27476,0.26006,0.25852,0.25852,0.25852,0.25852,0.24948,0.22743,0.18155,0.1536,0.1536,0.12582,0.087448,0.038,-0.011449,-0.060898,-0.11035,-0.14341,-0.16113,-0.16113,-0.16113,-0.17274,-0.19813,-0.24216,-0.26604,-0.26604,-0.26604,-0.26604,-0.26604,-0.26604,-0.28617,-0.3276,-0.35645,-0.37095,-0.37095
0.80769,0.80769,0.80769,0.80769,0.80769,0.80769,0.80769,0.80769,0.80769,0.80769,0.80769,0.80769,0.80769,0.80769,0.80769,0.81772,0.85337,0.87168,0.88065,0.90566,0.92858,0.94802,0.95309,0.95403,0.96306,0.98446,1.0199,1.0258,1.0258,1.0258,1.0077,0.9755,0.93688,0.89775,0.85863,0.8195,0.78037,0.74124,0.70211,0.66299,0.62368,0.57987,0.50161,0.43966,0.39544,0.35552,0.31639,0.27726,0.22779,0.1706,0.11754,0.078457,0.071048,0.041104,-0.0012659,-0.079522,-0.14357,-0.18594,-0.22585,-0.26182,-0.27571,-0.2828,-0.2828,-0.29526,-0.31319,-0.34306,-0.3578,-0.36173,-0.39903,-0.43816,-0.47728,-0.53836,-0.61131,-0.71665,-0.81805,-0.91367,-0.9959,-1.0727,-1.1398,-1.1929,-1.2321,-1.2712,-1.3103,-1.3494,-1.3886,-1.4277,-1.4391,-1.4536,-1.4772,-1.4989,-1.52,-1.546,-1.5873,-1.6503,-1.6659,-1.6736,-1.7127,-1.7518,-1.791,-1.8032,-1.8095,-1.8095,-1.7973,-1.7772,-1.7386,-1.6995,-1.6604,-1.6242,-1.5914,-1.5914,-1.5752,-1.5372,-1.4983,-1.4635,-1.4517,-1.4345,-1.4125,-1.3901,-1.3676,-1.3449,-1.2918,-1.2196,-1.1804,-1.1552,-1.1552,-1.1308,-1.0981,-1.0881,-1.0825,-1.0825,-1.0676,-1.0457,-1.0066,-0.96743,-0.9283,-0.88917,-0.85004,-0.81091,-0.77179,-0.73266,-0.69353,-0.6635,-0.65008,-0.66094,-0.68163,-0.7057,-0.72771,-0.74716,-0.81081,-0.87852,-0.91765,-0.95678,-0.9959,-1.035,-1.0667,-1.0783,-1.0825,-1.0825,-1.0825,-1.0867,-1.0983,-1.13,-1.1691,-1.2082,-1.2473,-1.2865,-1.297,-1.2951,-1.2657,-1.2309,-1.1918,-1.1526,-1.1097,-1.0572,-0.98803,-0.90978,-0.83152,-0.75326,-0.67501,-0.59675,-0.5185,-0.44024,-0.36198,-0.28373,-0.22264,-0.16563,-0.11123,-0.043404,0.034852,0.10882,0.17238,0.21151,0.22541,0.22678,0.25989,0.29532,0.33445,0.39042,0.45195,0.51308,0.56932,0.62025,0.6833,0.73547,0.73779,0.78361,0.86187,0.87457,0.88934,0.91898,0.95494,0.99348,1.0136,1.0312,1.0449,1.0715,1.0985,1.0985,1.0985,1.0985,1.0985,1.0916,1.0601,1.0394,1.0265,1.0258,1.0306,1.0461,1.0708,1.0987,1.1036,1.1223,1.1615,1.1708,1.1712,1.1712,1.1852,1.2132,1.2312,1.2439,1.2439,1.2439,1.2439,1.2439,1.2439,1.2439,1.2439,1.2439,1.2439,1.2439,1.2439,1.2631,1.2869,1.3068,1.3237,1.3376,1.381,1.4345,1.5063,1.5347,1.5347,1.5347,1.5135,1.4501,1.4132,1.388,1.3669,1.3314,1.2765,1.2114,1.1472,1.103,1.0411,0.96281,0.95344,0.95309,0.95309,0.95309,0.95309,0.93065,0.90215,0.86303,0.81521,0.76235,0.69104,0.63381,0.59469,0.55556,0.51053,0.43597,0.35945,0.2812,0.20294,0.11962,0.021916,-0.070435,-0.15957,-0.19051,-0.2101,-0.2101,-0.2101,-0.2101,-0.2101,-0.2101,-0.2101,-0.18847,-0.16717,-0.17065,-0.18478,-0.20793,-0.2101,-0.20866,-0.20333,-0.17653,-0.1374
-1.5777,-1.5777,-1.5777,-1.5777,-1.5777,-1.5777,-1.5777,-1.5777,-1.5777,-1.5777,-1.5777,-1.5777,-1.5777,-1.5777,-1.5777,-1.5777,-1.5777,-1.5777,-1.5777,-1.5777,-1.5777,-1.5777,-1.5777,-1.5777,-1.5777,-1.5777,-1.5777,-1.5777,-1.5777,-1.5777,-1.5777,-1.5777,-1.5777,-1.5777,-1.5777,-1.5777,-1.5777,-1.5777,-1.5777,-1.5777,-1.5777,-1.5777,-1.5777,-1.5777,-1.5777,-1.5777,-1.5777,-1.5777,-1.5777,-1.5777,-1.5777,-1.5777,-1.5777,-1.5777,-1.5777,-1.5715,-1.5637,-1.5494,-1.5347,-1.5199,-1.5067,-1.5005,-1.4963,-1.4963,-1.4963,-1.4963,-1.48,-1.452,-1.4123,-1.368,-1.3236,-1.2793,-1.235,-1.1906,-1.1463,-1.102,-1.0576,-1.0093,-0.95408,-0.89691,-0.8378,-0.77869,-0.71958,-0.66936,-0.62192,-0.57726,-0.53292,-0.48859,-0.44234,-0.38556,-0.32812,-0.26901,-0.2099,-0.15079,-0.098925,-0.053038,-0.0082058,0.036126,0.080457,0.12479,0.15596,0.18623,0.21579,0.24534,0.2749,0.30445,0.33401,0.36356,0.39311,0.42267,0.45222,0.48178,0.51133,0.54089,0.57044,0.60153,0.63422,0.67855,0.72288,0.76721,0.81154,0.85587,0.90021,0.94454,0.98887,1.0332,1.0751,1.1163,1.147,1.1766,1.2061,1.235,1.2607,1.2831,1.2979,1.3127,1.3274,1.3396,1.3497,1.3529,1.3529,1.3529,1.3529,1.3529,1.3529,1.3529,1.3529,1.3529,1.3529,1.3529,1.3529,1.3529,1.3529,1.3529,1.3529,1.3529,1.3529,1.3529,1.3529,1.3518,1.3441,1.3344,1.3197,1.3049,1.2901,1.2753,1.2606,1.2458,1.231,1.2162,1.2015,1.1781,1.1538,1.1242,1.0946,1.0651,1.0418,1.0325,1.0272,1.0272,1.0272,1.0272,1.0196,1.0087,0.99457,0.9798,0.96502,0.95135,0.94824,0.94583,0.94583,0.94583,0.94583,0.93976,0.92732,0.91343,0.89865,0.88387,0.8691,0.85432,0.83954,0.82476,0.80999,0.79521,0.78043,0.76566,0.75088,0.7361,0.72132,0.70655,0.68192,0.65236,0.62281,0.59325,0.56442,0.53648,0.5217,0.50692,0.49215,0.47687,0.46054,0.43822,0.40867,0.37911,0.34956,0.32167,0.29445,0.27775,0.26297,0.24819,0.23375,0.22208,0.21319,0.21319,0.21319,0.21319,0.21125,0.20736,0.1966,0.18183,0.16705,0.15227,0.14166,0.13179,0.13179,0.13179,0.13179,0.13179,0.13179,0.13179,0.13179,0.13179,0.13179,0.13179,0.13179,0.13179,0.13179,0.13179,0.13179,0.13179,0.13179,0.13179,0.13179,0.13179,0.13179,0.13179,0.13179,0.13179,0.13179,0.13179,0.13179,0.13179,0.13179,0.13179,0.13179,0.13179,0.13179,0.13179,0.13179,0.13179,0.13179,0.13179,0.13179,0.13179,0.13179,0.13179,0.1314,0.12051,0.10898,0.094197,0.07942,0.064643,0.054866,0.051755,0.050384,0.050384,0.050384,0.050384,0.040162,0.027718,0.013052,-0.0017246,-0.016502,-0.028446,-0.030001,-0.03102,-0.03102,-0.03102,-0.03102,-0.03102,-0.03102,-0.03102,-0.03102,-0.03102,-0.03102
-0.58123,-0.58123,-0.58123,-0.58123,-0.58123,-0.58123,-0.58123,-0.58123,-0.58123,-0.58123,-0.58123,-0.58123,-0.58123,-0.58123,-0.58123,-0.58123,-0.58123,-0.58123,-0.58123,-0.58123,-0.58123,-0.58123,-0.58123,-0.58123,-0.58123,-0.58123,-0.58123,-0.58123,-0.58123,-0.58123,-0.58123,-0.58123,-0.58123,-0.58123,-0.5748,-0.56626,-0.5412,-0.51441,-0.48763,-0.46084,-0.43406,-0.41296,-0.40178,-0.39639,-0.39639,-0.38356,-0.36442,-0.33899,-0.31221,-0.30755,-0.30396,-0.30396,-0.30396,-0.30396,-0.30525,-0.30819,-0.32516,-0.35194,-0.37393,-0.39423,-0.39639,-0.39639,-0.39639,-0.39639,-0.39639,-0.39639,-0.39639,-0.39639,-0.39639,-0.38514,-0.36807,-0.34311,-0.31633,-0.30942,-0.30396,-0.30396,-0.29743,-0.2733,-0.24841,-0.22251,-0.21154,-0.21154,-0.21154,-0.21154,-0.21154,-0.21126,-0.20332,-0.19182,-0.16504,-0.14217,-0.12686,-0.11912,-0.11912,-0.11912,-0.11912,-0.11912,-0.11912,-0.10145,-0.082034,-0.05525,-0.034179,-0.02947,-0.026699,-0.026699,-0.012239,0.013368,0.03982,0.066605,0.093389,0.12003,0.14093,0.15814,0.15814,0.15814,0.15814,0.15814,0.15814,0.15814,0.15814,0.15814,0.15814,0.14263,0.12518,0.098393,0.076553,0.069784,0.065722,0.065722,0.065722,0.065722,0.065722,0.065722,0.065722,0.065677,0.06185,0.054243,0.027458,0.0030109,-0.016415,-0.026699,-0.026699,-0.03349,-0.04438,-0.067612,-0.094397,-0.13459,-0.17681,-0.23038,-0.27972,-0.31534,-0.34753,-0.37431,-0.40109,-0.42788,-0.45466,-0.48145,-0.52942,-0.58123,-0.63656,-0.69572,-0.77608,-0.85805,-0.9437,-1.0392,-1.1464,-1.2481,-1.3464,-1.431,-1.5113,-1.569,-1.6226,-1.6494,-1.6726,-1.6835,-1.6903,-1.6903,-1.68,-1.6606,-1.6361,-1.6093,-1.5826,-1.5558,-1.529,-1.5059,-1.5056,-1.5035,-1.4971,-1.4695,-1.416,-1.3624,-1.3088,-1.2553,-1.2017,-1.1574,-1.1152,-1.0884,-1.0645,-1.0516,-1.0433,-1.0433,-1.0433,-1.0433,-1.0433,-1.0433,-1.0433,-1.0433,-1.0433,-1.0433,-1.0433,-1.0427,-1.0403,-1.0157,-0.9621,-0.90853,-0.85496,-0.80139,-0.74782,-0.69425,-0.64068,-0.58711,-0.53119,-0.46585,-0.39521,-0.31485,-0.24224,-0.1772,-0.11971,-0.06614,0.0027201,0.075127,0.1552,0.23292,0.2909,0.34769,0.40126,0.45483,0.5084,0.56197,0.61554,0.66911,0.72268,0.77079,0.81745,0.84424,0.87102,0.89781,0.92459,0.95137,0.97816,1.0049,1.0317,1.0585,1.0987,1.1423,1.1954,1.2489,1.3025,1.3561,1.4097,1.4829,1.5841,1.6874,1.7921,1.8217,1.8217,1.8289,1.8382,1.8918,1.944,1.9899,2.0295,2.0563,2.0885,2.1265,2.1743,2.2279,2.2583,2.2824,2.2838,2.2821,2.2639,2.2435,2.2167,2.1812,2.1327,2.0813,2.0278,1.9921,1.9638,1.9368,1.91,1.8832,1.8537,1.8101,1.7464,1.6392,1.5493,1.4786,1.452,1.452,1.4127,1.3621,1.259,1.1545,1.0797,1.0099,0.95638,0.91812,0.90399,0.89751,0.89751,0.91365,0.9369,0.96315,0.98993
0.73425,0.73425,0.73425,0.73425,0.73425,0.73425,0.73425,0.73425,0.73425,0.73425,0.73425,0.73425,0.73425,0.73425,0.73425,0.73425,0.73425,0.73425,0.73425,0.73425,0.73425,0.73425,0.73425,0.73425,0.73425,0.73425,0.73425,0.73425,0.73425,0.73425,0.73425,0.73425,0.73425,0.73425,0.73425,0.73425,0.73425,0.73425,0.73425,0.73425,0.73425,0.73425,0.73425,0.73425,0.73425,0.73425,0.73425,0.73425,0.73425,0.73425,0.73425,0.73425,0.73425,0.73425,0.73425,0.73425,0.73425,0.73425,0.73425,0.73425,0.73425,0.73425,0.73425,0.73425,0.73425,0.73425,0.73425,0.73425,0.73425,0.73425,0.73425,0.73425,0.73425,0.73425,0.73425,0.73425,0.73425,0.73425,0.73425,0.73425,0.73425,0.73425,0.73425,0.73425,0.73425,0.73425,0.73425,0.73425,0.73425,0.73425,0.73425,0.73425,0.73425,0.73582,0.7482,0.76057,0.77385,0.78721,0.80057,0.81394,0.8273,0.84066,0.85402,0.86739,0.88012,0.88458,0.88903,0.88966,0.88966,0.88966,0.88966,0.88966,0.88966,0.88966,0.88966,0.8897,0.89242,0.89514,0.90104,0.90772,0.9144,0.92108,0.92777,0.93445,0.94113,0.94781,0.95449,0.96023,0.96592,0.96736,0.96736,0.96736,0.96736,0.96736,0.96736,0.96736,0.96736,0.96736,0.96736,0.96736,0.96736,0.96736,0.96736,0.96736,0.96736,0.96736,0.96736,0.96736,0.96736,0.96736,0.96736,0.97003,0.97423,0.97949,0.98617,0.99285,0.99953,1.0062,1.0129,1.0196,1.0263,1.0329,1.0325,1.0268,1.0134,0.98666,0.95994,0.93321,0.90648,0.87976,0.85303,0.82631,0.79958,0.77131,0.74162,0.70456,0.65111,0.59766,0.54421,0.49076,0.4373,0.38385,0.3304,0.27695,0.2235,0.17005,0.11371,0.048881,-0.016038,-0.082852,-0.14967,-0.21648,-0.28329,-0.35011,-0.41692,-0.48373,-0.55055,-0.61502,-0.66995,-0.72489,-0.77177,-0.81854,-0.86531,-0.91208,-0.95885,-1.0056,-1.0524,-1.0992,-1.1453,-1.1876,-1.2299,-1.264,-1.2974,-1.3308,-1.3642,-1.3976,-1.431,-1.4644,-1.4978,-1.5311,-1.5625,-1.5939,-1.6037,-1.6104,-1.6171,-1.6238,-1.6305,-1.6371,-1.6438,-1.6505,-1.6572,-1.6639,-1.6705,-1.6683,-1.6641,-1.6584,-1.6517,-1.6451,-1.6384,-1.6317,-1.625,-1.6183,-1.6116,-1.605,-1.5926,-1.5785,-1.5612,-1.5411,-1.5211,-1.501,-1.481,-1.4609,-1.4409,-1.4209,-1.4008,-1.3822,-1.3641,-1.3484,-1.335,-1.3216,-1.3083,-1.2949,-1.2815,-1.2682,-1.2548,-1.2414,-1.2281,-1.2147,-1.2014,-1.188,-1.1746,-1.1613,-1.1479,-1.1345,-1.1212,-1.1078,-1.0945,-1.0811,-1.0677,-1.0563,-1.0482,-1.0403,-1.0336,-1.0269,-1.0202,-1.0135,-1.0069,-1.0002,-0.9935,-0.98682,-0.98126,-0.97804,-0.97518,-0.97518,-0.97518,-0.97518,-0.97518,-0.97518,-0.97518,-0.97518,-0.97518,-0.97518,-0.97518,-0.97518,-0.97518,-0.97518,-0.97518,-0.97518,-0.97518,-0.97518,-0.97518,-0.97518,-0.97518,-0.97518,-0.97518
0.62594,0.62594,0.62594,0.62594,0.62594,0.62594,0.62594,0.62594,0.56643,0.50285,0.49542,0.49542,0.49542,0.49542,0.49542,0.47535,0.38557,0.45662,0.48721,0.54097,0.58204,0.52011,0.49891,0.49542,0.49542,0.49542,0.49542,0.49542,0.42508,0.32916,0.25787,0.2344,0.2344,0.2344,0.28791,0.37655,0.48129,0.58999,0.76207,0.85573,0.92561,0.98181,1.0175,1.0175,0.96236,0.91214,0.86122,0.80495,0.75756,0.70166,0.60931,0.47702,0.3338,0.23179,0.18066,0.12647,0.10388,0.086971,0.038179,-0.020428,-0.026633,-0.026633,-0.026633,-0.026633,-0.026633,-0.026633,-0.026633,-0.026633,-0.03656,-0.074174,-0.144,-0.15714,-0.17596,-0.2445,-0.38908,-0.59857,-0.80806,-0.99958,-1.1489,-1.2488,-1.3286,-1.3545,-1.421,-1.4623,-1.4623,-1.4629,-1.4816,-1.5695,-1.6743,-1.7739,-1.8553,-1.869,-1.9518,-1.9843,-1.9843,-1.9843,-1.9843,-1.9843,-1.9843,-1.9843,-1.9843,-1.9843,-1.9843,-1.9833,-1.9236,-1.8189,-1.7247,-1.7235,-1.7233,-1.6587,-1.5969,-1.5928,-1.5928,-1.5928,-1.5243,-1.424,-1.3428,-1.33,-1.2377,-1.1356,-1.0808,-1.0707,-1.0625,-0.97525,-0.8729,-0.82169,-0.80972,-0.80972,-0.80972,-0.80972,-0.80972,-0.847,-0.93192,-1.0358,-1.0644,-1.0707,-1.0707,-1.0478,-0.97879,-0.94512,-0.99993,-1.0488,-1.0707,-1.0707,-1.0707,-1.0707,-1.1151,-1.1688,-1.2012,-1.2012,-1.2012,-1.2012,-1.2012,-1.2012,-1.1969,-1.1421,-1.0904,-1.0385,-1.0053,-1.0039,-1.0089,-0.95762,-0.97294,-1.0255,-1.0605,-1.0156,-0.95461,-0.94023,-0.94023,-0.95228,-0.99403,-1.0601,-1.0707,-1.0488,-0.98679,-0.88204,-0.7773,-0.70218,-0.67921,-0.67921,-0.67291,-0.64423,-0.54038,-0.41581,-0.2567,-0.095631,0.0077044,0.090003,0.10388,0.11585,0.16706,0.2718,0.37655,0.46661,0.49542,0.48934,0.45635,0.35161,0.26887,0.3192,0.36491,0.36705,0.37953,0.47804,0.49542,0.49542,0.49542,0.49542,0.49542,0.49542,0.49542,0.45037,0.36747,0.36498,0.36491,0.36491,0.41513,0.48829,0.49994,0.59595,0.62179,0.62594,0.62594,0.62594,0.62594,0.62594,0.68426,0.77972,0.8676,0.8863,0.96876,1.0069,0.97616,0.90972,0.89009,0.9699,1.0698,1.13,1.1742,1.2536,1.3583,1.3981,1.409,1.409,1.409,1.409,1.409,1.4579,1.511,1.5395,1.5375,1.4739,1.4273,1.409,1.409,1.409,1.409,1.409,1.3729,1.3194,1.2785,1.2785,1.2785,1.2785,1.2785,1.2785,1.2785,1.2785,1.2785,1.2785,1.2785,1.2785,1.2785,1.2785,1.3039,1.3543,1.4026,1.3652,1.2984,1.2537,1.2015,1.14,1.1069,1.0333,1.0175,0.98576,0.8883,0.71322,0.60848,0.52515,0.46569,0.37188,0.2309,0.20971,0.12915,0.10388,0.1121,0.15043,0.25518,0.35992,0.45401,0.49542,0.49894,0.51705,0.61181,0.62594,0.62594,0.62594,0.62594,0.62594,0.62594,0.62594,0.62594,0.62594,0.62594
0.64462,0.64462,0.64462,0.64462,0.64462,0.64462,0.64462,0.64462,0.64462,0.64462,0.64462,0.64462,0.64462,0.64462,0.64462,0.64462,0.64462,0.65817,0.69035,0.74143,0.74143,0.74143,0.74143,0.74143,0.74143,0.75087,0.80575,0.79371,0.76044,0.74472,0.70827,0.67215,0.64779,0.64462,0.63276,0.60378,0.5201,0.42518,0.3232,0.27727,0.2574,0.2574,0.2574,0.2574,0.2574,0.2574,0.2574,0.2574,0.2574,0.2574,0.24095,0.19316,0.13285,0.070878,0.0089099,-0.019516,-0.04835,-0.080188,-0.14216,-0.21685,-0.3013,-0.39009,-0.43775,-0.48196,-0.59696,-0.66932,-0.71066,-0.71066,-0.71066,-0.73142,-0.78938,-0.85093,-0.9129,-0.97487,-1.0368,-1.0778,-1.1019,-1.1747,-1.2588,-1.3429,-1.3772,-1.3883,-1.3883,-1.3883,-1.3771,-1.3516,-1.3001,-1.2966,-1.3229,-1.383,-1.3883,-1.4151,-1.4746,-1.5366,-1.5716,-1.5787,-1.5321,-1.4762,-1.4142,-1.3522,-1.3134,-1.2915,-1.2915,-1.3107,-1.3406,-1.382,-1.3883,-1.3883,-1.3883,-1.3883,-1.3883,-1.3883,-1.3883,-1.3883,-1.3883,-1.3883,-1.3556,-1.3173,-1.3515,-1.3438,-1.3189,-1.2964,-1.2915,-1.2915,-1.2915,-1.2915,-1.2826,-1.2604,-1.2177,-1.2012,-1.2155,-1.2682,-1.2915,-1.2914,-1.2908,-1.2511,-1.1994,-1.1957,-1.156,-1.1127,-1.1004,-1.0618,-1.0247,-1.0037,-0.96899,-0.93524,-0.90564,-0.90427,-0.89256,-0.86885,-0.84572,-0.86264,-0.90427,-0.90427,-0.90848,-0.92554,-0.98751,-1.0495,-1.0953,-1.0975,-1.1428,-1.1648,-1.1245,-1.1065,-1.0797,-1.0371,-0.97579,-0.91383,-0.85186,-0.78989,-0.74274,-0.70802,-0.68706,-0.63882,-0.57938,-0.52974,-0.50512,-0.45952,-0.33928,-0.26702,-0.20505,-0.14308,-0.081113,-0.019145,0.042823,0.10479,0.16676,0.23113,0.33287,0.42665,0.51578,0.60889,0.72293,0.84686,0.9708,1.0809,1.1737,1.2356,1.2976,1.3596,1.4215,1.4835,1.5455,1.6074,1.6694,1.7023,1.7058,1.6558,1.6265,1.6127,1.6127,1.6127,1.6127,1.6127,1.6127,1.6052,1.5811,1.5416,1.5098,1.4944,1.446,1.4159,1.4086,1.3466,1.2846,1.228,1.2261,1.2255,1.2168,1.1653,1.1398,1.1181,1.0752,1.0476,1.0318,1.0318,1.0577,1.1109,1.1985,1.3003,1.3833,1.445,1.4943,1.5206,1.534,1.5919,1.6127,1.6127,1.6127,1.6127,1.5989,1.5458,1.4857,1.4388,1.4212,1.3838,1.3196,1.2219,1.0991,0.97512,0.85203,0.75091,0.6937,0.67554,0.70915,0.69301,0.66897,0.71983,0.68778,0.62581,0.56385,0.54981,0.50924,0.4001,0.27775,0.17368,0.095681,0.073724,0.044701,0.007823,-0.021157,-0.033018,-0.033018,-0.033018,-0.033018,-0.033018,-0.033018,-0.04156,-0.067548,-0.12952,-0.18919,-0.22663,-0.22663,-0.22663,-0.22663,-0.22663,-0.17556,-0.11842,-0.05926,-0.040453,-0.033018,-0.033018,-0.033018,-0.033018,-0.033018,-0.033018,-0.033018,-0.033018,-0.033018,-0.022118,0.0062341,0.05957,0.059812,0.028949,-0.033018
0.32933,0.32933,0.32933,0.32933,0.32933,0.32933,0.32933,0.32933,0.32933,0.32933,0.32933,0.32933,0.32933,0.32933,0.32933,0.32933,0.32933,0.32933,0.32933,0.32933,0.36036,0.39147,0.41195,0.36314,0.32933,0.32933,0.3089,0.27345,0.22225,0.29405,0.33462,0.34811,0.43516,0.52076,0.59731,0.59731,0.65047,0.71258,0.63577,0.55208,0.47967,0.46687,0.41242,0.33787,0.25082,0.21236,0.19534,0.19534,0.24083,0.28911,0.32496,0.32933,0.32933,0.32933,0.25555,0.14937,0.011112,-0.0769,-0.16395,-0.251,-0.33806,-0.42511,-0.51356,-0.61726,-0.75611,-0.90608,-0.98417,-1.014,-1.034,-1.1185,-1.0805,-0.9935,-0.90645,-1.0045,-1.1203,-1.1408,-1.0849,-1.0308,-1.0129,-0.95386,-0.90422,-0.87862,-0.82357,-0.72885,-0.58803,-0.46338,-0.35768,-0.27262,-0.27006,-0.31672,-0.40377,-0.49082,-0.57787,-0.66151,-0.72168,-0.75762,-0.79208,-0.87914,-0.95537,-1.0132,-1.0247,-1.0875,-1.1446,-1.1446,-1.1446,-1.1736,-1.2606,-1.2762,-1.3091,-1.3885,-1.406,-1.4125,-1.4125,-1.4125,-1.4125,-1.4125,-1.4125,-1.4125,-1.4091,-1.3566,-1.3124,-1.2733,-1.2285,-1.1829,-1.1383,-1.1012,-1.0756,-1.0723,-1.13,-1.1446,-1.1446,-1.1446,-1.1446,-1.1446,-1.1446,-1.1446,-1.147,-1.1534,-1.2302,-1.2785,-1.2785,-1.2785,-1.2785,-1.2782,-1.2001,-1.1566,-1.1446,-1.1446,-1.1446,-1.1378,-1.0751,-1.0342,-1.0106,-1.0106,-1.0457,-1.1044,-1.1915,-1.2465,-1.2681,-1.2284,-1.1797,-1.1345,-1.1025,-1.0479,-1.0195,-1.0438,-1.0875,-1.0849,-1.0145,-1.0106,-1.0106,-1.0106,-1.0106,-1.0106,-1.0106,-1.0106,-0.96217,-0.88538,-0.87898,-0.82861,-0.75027,-0.66322,-0.6229,-0.6086,-0.6086,-0.56388,-0.51055,-0.4811,-0.47461,-0.48984,-0.53977,-0.58225,-0.6086,-0.6086,-0.5747,-0.51642,-0.42937,-0.31362,-0.16993,0.0041762,0.15556,0.27386,0.36091,0.44796,0.53501,0.62138,0.70075,0.73367,0.74923,0.83628,0.98136,1.1555,1.3296,1.5037,1.6409,1.6639,1.7244,1.8007,1.8877,1.9222,1.9372,1.9372,1.9864,2.034,2.0686,2.0262,2.0006,2.0032,2.0083,1.9671,1.88,1.793,1.7059,1.6209,1.5595,1.5352,1.5329,1.515,1.4609,1.4013,1.4013,1.3967,1.372,1.2875,1.2673,1.2673,1.2673,1.2007,1.1699,1.239,1.3236,1.4106,1.4977,1.5847,1.6718,1.7588,1.7889,1.8032,1.8023,1.7511,1.7061,1.6662,1.6226,1.5295,1.4014,1.2631,1.158,1.071,0.98392,0.89687,0.80982,0.72277,0.64822,0.59731,0.59731,0.59731,0.59563,0.59051,0.51538,0.42833,0.34128,0.33079,0.2945,0.21385,0.053507,-0.044734,-0.073282,-0.14241,-0.15125,-0.10882,-0.083211,-0.0050193,0.11683,0.29093,0.40128,0.46332,0.46332,0.43417,0.39054,0.3419,0.3037,0.27153,0.24593,0.30971,0.39676,0.48381,0.5384,0.54242,0.47073,0.45299,0.40956,0.32251,0.23546,0.14841,0.061357
0.82182,0.82182,0.82182,0.82182,0.82182,0.82182,0.82182,0.82182,0.82182,0.82182,0.82182,0.82182,0.82182,0.82623,0.85481,0.87992,0.89659,0.89659,0.89161,0.86849,0.82528,0.86624,0.8678,0.84348,0.82634,0.80709,0.77943,0.73465,0.68988,0.64511,0.59919,0.51251,0.44468,0.39124,0.34647,0.3017,0.25693,0.21215,0.16738,0.12261,0.077838,0.033066,-0.011706,-0.056478,-0.10125,-0.14602,-0.19422,-0.24947,-0.33044,-0.37464,-0.37646,-0.41647,-0.45942,-0.5042,-0.54897,-0.59374,-0.63531,-0.67055,-0.67376,-0.67376,-0.67589,-0.71495,-0.73787,-0.7533,-0.77712,-0.81712,-0.85893,-0.89513,-0.89984,-0.94477,-1.0319,-1.0833,-1.1305,-1.1753,-1.2201,-1.2648,-1.3096,-1.3544,-1.3992,-1.4663,-1.5559,-1.6454,-1.735,-1.8197,-1.8873,-1.9369,-1.9792,-2.0174,-2.0198,-2.0198,-2.0168,-1.9806,-1.9388,-1.894,-1.8493,-1.8152,-1.7954,-1.7954,-1.7954,-1.7732,-1.7334,-1.7239,-1.7023,-1.6707,-1.6259,-1.5811,-1.5363,-1.4916,-1.4468,-1.402,-1.3572,-1.3125,-1.2677,-1.2229,-1.1782,-1.1427,-1.1224,-1.1224,-1.1224,-1.1224,-1.1224,-1.1224,-1.14,-1.1659,-1.1926,-1.1885,-1.1632,-1.1156,-1.0272,-0.95945,-0.91048,-0.86571,-0.83805,-0.82784,-0.84498,-0.87727,-0.89887,-0.90078,-0.94477,-0.98954,-1.0303,-1.0437,-1.031,-1.0059,-0.97729,-0.97287,-0.97248,-0.97152,-0.92715,-0.88238,-0.84176,-0.82747,-0.82332,-0.82332,-0.82332,-0.82332,-0.82332,-0.82332,-0.77854,-0.73377,-0.689,-0.64423,-0.58372,-0.51455,-0.43929,-0.39036,-0.34559,-0.30082,-0.25605,-0.21127,-0.17092,-0.15472,-0.13507,-0.11097,-0.079531,-0.065554,-0.019327,0.070217,0.15976,0.22848,0.28574,0.35814,0.4137,0.44792,0.44792,0.44792,0.44792,0.44907,0.49098,0.51403,0.52731,0.55398,0.59415,0.64255,0.69876,0.77788,0.82182,0.82182,0.82182,0.82182,0.82182,0.82182,0.80816,0.78476,0.75047,0.74704,0.74704,0.74704,0.74704,0.76706,0.80181,0.84658,0.87826,0.89659,0.89659,0.89659,0.89659,0.89446,0.85541,0.83249,0.82182,0.82182,0.82182,0.81885,0.81028,0.77022,0.77038,0.81272,0.81939,0.82182,0.8266,0.84946,0.88945,0.93152,0.96867,0.97137,0.99376,1.0358,1.0435,1.0843,1.1452,1.2128,1.2737,1.3414,1.4243,1.4715,1.5386,1.6243,1.6776,1.7066,1.7239,1.7449,1.7849,1.8275,1.8666,1.8687,1.8687,1.8655,1.8303,1.7704,1.6939,1.6044,1.5148,1.4271,1.3423,1.2957,1.251,1.2062,1.1614,1.1166,1.0719,1.0271,0.97298,0.90374,0.8142,0.72465,0.63511,0.54556,0.45602,0.36648,0.28154,0.21009,0.16071,0.11709,0.075171,0.074028,0.074028,0.077855,0.11024,0.15119,0.19596,0.24073,0.2855,0.3295,0.37236,0.37314,0.37314,0.36914,0.33771,0.29694,0.25658,0.228,0.22359,0.22359,0.22359,0.22359,0.22359,0.22359,0.22359,0.22359,0.22788,0.24312,0.27057,0.26836,0.22359
0.84594,0.84594,0.84594,0.84594,0.84594,0.84594,0.84594,0.84594,0.84594,0.84594,0.84594,0.84594,0.84594,0.84594,0.84594,0.84594,0.84594,0.84594,0.84594,0.84594,0.84594,0.84594,0.84594,0.84594,0.84594,0.84594,0.84594,0.84594,0.84594,0.84594,0.84594,0.82426,0.75952,0.61547,0.47144,0.37571,0.34371,0.34341,0.31522,0.25379,0.10976,-0.034274,-0.14747,-0.15707,-0.1591,-0.1591,-0.1591,-0.1591,-0.1591,-0.1591,-0.1591,-0.1591,-0.1591,-0.1591,-0.1591,-0.1591,-0.1591,-0.1591,-0.1591,-0.1591,-0.27102,-0.40237,-0.5464,-0.69043,-0.83446,-0.97849,-1.1225,-1.2665,-1.4106,-1.5546,-1.6296,-1.6666,-1.6666,-1.6666,-1.6666,-1.6666,-1.6666,-1.6666,-1.6666,-1.6666,-1.6991,-1.7755,-1.9195,-2.0635,-2.093,-1.9867,-1.8427,-1.7356,-1.6666,-1.6666,-1.6666,-1.6666,-1.6666,-1.6666,-1.6341,-1.5477,-1.4074,-1.2887,-1.2089,-1.353,-1.497,-1.6221,-1.6573,-1.6666,-1.6666,-1.6666,-1.6666,-1.6666,-1.6666,-1.6666,-1.6666,-1.6666,-1.6666,-1.6666,-1.6666,-1.6666,-1.6666,-1.6666,-1.6666,-1.584,-1.4682,-1.3242,-1.1801,-1.0361,-0.89208,-0.74804,-0.60401,-0.45998,-0.31595,-0.1719,-0.027873,0.11616,0.26019,0.3373,0.34341,0.34341,0.34341,0.34341,0.34341,0.34341,0.34341,0.34341,0.34341,0.30336,0.20414,0.061748,-0.082286,-0.22632,-0.37036,-0.51439,-0.63387,-0.65628,-0.66162,-0.66162,-0.66162,-0.66162,-0.66162,-0.66162,-0.51759,-0.37356,-0.22952,-0.085487,0.058548,0.19724,0.31886,0.34341,0.34341,0.34341,0.34341,0.34341,0.34341,0.34341,0.34341,0.34341,0.34341,0.34341,0.34341,0.34341,0.34341,0.34341,0.34341,0.34341,0.34341,0.34341,0.34341,0.34341,0.34341,0.34341,0.36508,0.42983,0.57386,0.71791,0.86194,1.006,1.15,1.294,1.4381,1.5821,1.7261,1.8393,1.8489,1.851,1.8766,1.9502,2.0878,2.2199,2.3311,2.187,2.043,1.899,1.7549,1.6109,1.4762,1.3674,1.3484,1.3484,1.3484,1.3484,1.3484,1.3484,1.3484,1.3484,1.3484,1.3484,1.3484,1.3484,1.3484,1.3484,1.3484,1.3484,1.3484,1.3484,1.3484,1.3484,1.2131,0.98997,0.7019,0.47872,0.34341,0.34341,0.34341,0.34341,0.34341,0.34341,0.34341,0.34341,0.34341,0.34341,0.34341,0.34341,0.34341,0.34341,0.34341,0.34341,0.34341,0.34341,0.34341,0.34341,0.34341,0.34341,0.34341,0.32932,0.28131,0.15137,0.007335,-0.1367,-0.15311,-0.1591,-0.16556,-0.23598,-0.35435,-0.49636,-0.63079,-0.66162,-0.66162,-0.66162,-0.66162,-0.66162,-0.66162,-0.66162,-0.66162,-0.66162,-0.66162,-0.66162,-0.66162,-0.66162,-0.66162,-0.66162,-0.66162,-0.66162,-0.5947,-0.45678,-0.31275,-0.21522,-0.1591,-0.1591,-0.1591,-0.1591,-0.1591,-0.1591,-0.11905,-0.019827,0.12256,0.24651,0.34341,0.34341,0.34341,0.34341,0.34341,0.34341,0.36294,0.42375,0.55786,0.7019,0.84594
0.29174,0.29174,0.29174,0.29174,0.29174,0.29174,0.29174,0.29174,0.29174,0.29174,0.29174,0.29174,0.29174,0.29174,0.29174,0.29174,0.29174,0.29174,0.27103,0.2042,0.1774,0.16532,0.16532,0.20319,0.24603,0.28911,0.29174,0.29174,0.29174,0.30211,0.3473,0.425,0.5027,0.53947,0.54457,0.54457,0.54457,0.55155,0.59946,0.66737,0.73253,0.74662,0.71152,0.66709,0.65138,0.58765,0.50995,0.43225,0.35454,0.30123,0.29277,0.23801,0.17015,0.092448,0.056661,0.0051654,-0.068914,-0.16591,-0.22455,-0.24735,-0.32505,-0.40006,-0.46677,-0.46677,-0.51223,-0.58715,-0.66485,-0.74256,-0.82026,-0.89796,-0.97566,-1.0534,-1.1311,-1.1887,-1.2306,-1.2487,-1.3072,-1.3517,-1.3517,-1.3517,-1.38,-1.4516,-1.4703,-1.4781,-1.4781,-1.5243,-1.5672,-1.6045,-1.6045,-1.6174,-1.6436,-1.706,-1.731,-1.731,-1.731,-1.731,-1.731,-1.731,-1.6881,-1.6356,-1.6106,-1.6045,-1.6045,-1.6045,-1.6045,-1.6045,-1.6045,-1.6045,-1.6045,-1.6045,-1.6045,-1.5722,-1.4981,-1.4205,-1.3428,-1.2658,-1.2381,-1.2253,-1.2253,-1.2253,-1.2253,-1.2253,-1.2253,-1.2191,-1.1982,-1.1221,-1.0989,-1.0989,-1.0989,-1.0517,-0.99954,-0.97699,-0.97244,-0.97244,-0.97244,-0.97244,-0.97244,-0.97244,-0.98587,-1.0247,-1.0955,-1.0989,-1.0622,-0.98605,-0.97679,-0.97244,-0.97244,-0.97244,-0.97244,-0.97244,-0.97244,-0.97244,-0.97244,-0.97244,-0.97244,-0.97244,-0.97244,-0.97244,-0.97244,-0.97244,-0.97244,-0.95433,-0.89676,-0.86389,-0.83084,-0.78937,-0.74539,-0.71961,-0.71961,-0.68693,-0.59995,-0.45381,-0.37578,-0.29808,-0.22038,-0.14267,-0.064971,0.01813,0.15059,0.29737,0.45278,0.60819,0.72222,0.80196,0.82451,0.87665,0.92546,0.9319,0.99388,1.0716,1.1493,1.1705,1.1981,1.2581,1.3795,1.5018,1.6133,1.6932,1.7581,1.8081,1.7893,1.7459,1.6822,1.6786,1.6332,1.5686,1.6374,1.6716,1.6823,1.6823,1.6496,1.595,1.5173,1.4633,1.4356,1.4606,1.5001,1.5106,1.4418,1.4295,1.4295,1.4295,1.4295,1.4295,1.4295,1.3792,1.3352,1.3038,1.2657,1.2228,1.1767,1.1767,1.1767,1.1767,1.1767,1.1767,1.1767,1.1767,1.2656,1.3936,1.4895,1.5359,1.5559,1.5559,1.529,1.4814,1.4037,1.3103,1.1936,1.0382,0.87998,0.69233,0.45922,0.29283,0.19193,0.16617,0.11042,0.091359,0.11141,0.14845,0.16532,0.16532,0.16532,0.16532,0.16532,0.16532,0.16532,0.16532,0.16532,0.16532,0.17929,0.24129,0.31509,0.38008,0.41188,0.41816,0.41816,0.41816,0.41816,0.41816,0.41816,0.41305,0.37629,0.29858,0.29299,0.25923,0.19245,0.17393,0.16532,0.16795,0.21103,0.25387,0.29174,0.29174,0.29174,0.29352,0.3044,0.35944,0.41816,0.41816,0.3644,0.30777,0.29448,0.29174,0.29174,0.29174,0.29174,0.29174,0.29174,0.27008,0.21649,0.12268,-0.014269,-0.087517,-0.087517
-0.34448,-0.34448,-0.34448,-0.34448,-0.34448,-0.34448,-0.34448,-0.34448,-0.34448,-0.34745,-0.35276,-0.37811,-0.40642,-0.43474,-0.45911,-0.47947,-0.48341,-0.48341,-0.48341,-0.48341,-0.48341,-0.48341,-0.48341,-0.48341,-0.48826,-0.50153,-0.52499,-0.55331,-0.58163,-0.60515,-0.61753,-0.62233,-0.62233,-0.62233,-0.62233,-0.62233,-0.62233,-0.62233,-0.62233,-0.62233,-0.62233,-0.62233,-0.62233,-0.62233,-0.62233,-0.62233,-0.62233,-0.62233,-0.62233,-0.62233,-0.62233,-0.62233,-0.62233,-0.62233,-0.62233,-0.62233,-0.62233,-0.62233,-0.62233,-0.62233,-0.62233,-0.62233,-0.62233,-0.62233,-0.62233,-0.62233,-0.62233,-0.62233,-0.62652,-0.63537,-0.65949,-0.68781,-0.71613,-0.73974,-0.75656,-0.76126,-0.76126,-0.76126,-0.76613,-0.78028,-0.80373,-0.83205,-0.86036,-0.88398,-0.89548,-0.90018,-0.90018,-0.90018,-0.90018,-0.90018,-0.90018,-0.90018,-0.90018,-0.90018,-0.90018,-0.90018,-0.90018,-0.90018,-0.90018,-0.90018,-0.90018,-0.90018,-0.90018,-0.90018,-0.90018,-0.90018,-0.90018,-0.90018,-0.90018,-0.90018,-0.90018,-0.90018,-0.90275,-0.90717,-0.93292,-0.96124,-0.98955,-1.0106,-1.0247,-1.0037,-0.97539,-0.94708,-0.92316,-0.90458,-0.90018,-0.90018,-0.90018,-0.90018,-0.90018,-0.90018,-0.90018,-0.90018,-0.90018,-0.90018,-0.90018,-0.90018,-0.90018,-0.89561,-0.87792,-0.85417,-0.82585,-0.79754,-0.77316,-0.76519,-0.76126,-0.76126,-0.76126,-0.75829,-0.73528,-0.70993,-0.68162,-0.6533,-0.62664,-0.62399,-0.62233,-0.62233,-0.62233,-0.62233,-0.59401,-0.5657,-0.53738,-0.50907,-0.48075,-0.45243,-0.42412,-0.3958,-0.36749,-0.33917,-0.31085,-0.28254,-0.25422,-0.22985,-0.20949,-0.20555,-0.20555,-0.20555,-0.20099,-0.19037,-0.16662,-0.1383,-0.10999,-0.07682,-0.035231,0.016549,0.073181,0.12981,0.18644,0.24308,0.29971,0.35634,0.41297,0.4696,0.52624,0.58287,0.6395,0.69613,0.75276,0.8094,0.86603,0.92266,0.97929,1.0359,1.0926,1.1492,1.2058,1.2625,1.3191,1.3757,1.4323,1.489,1.5456,1.6022,1.6589,1.7155,1.7721,1.8288,1.8854,1.942,1.9987,2.0553,2.1086,2.159,2.1907,2.219,2.2473,2.2756,2.3039,2.3323,2.3606,2.3889,2.4172,2.4455,2.4738,2.5022,2.5305,2.549,2.549,2.5305,2.5022,2.4738,2.4267,2.3312,2.2084,2.0668,1.9252,1.7962,1.713,1.6438,1.5872,1.5306,1.4739,1.4173,1.3607,1.304,1.2474,1.1908,1.1341,1.0775,1.0209,0.96425,0.90762,0.85098,0.79435,0.73772,0.68109,0.62446,0.56782,0.51119,0.45456,0.4005,0.34829,0.31741,0.28909,0.26077,0.2288,0.19341,0.14043,0.0838,0.027168,-0.020673,-0.057838,-0.06663,-0.06663,-0.06663,-0.071425,-0.083813,-0.10733,-0.13565,-0.16397,-0.18743,-0.2007,-0.20555,-0.20555,-0.20555,-0.20555,-0.20555,-0.20555,-0.20555,-0.20555,-0.20555,-0.20555,-0.20555,-0.20555,-0.20555,-0.20555,-0.20555,-0.20555,-0.20555,-0.20555,-0.2039,-0.17824,-0.15158,-0.12326,-0.094946,-0.06663
-1.59,-1.59,-1.59,-1.59,-1.59,-1.59,-1.59,-1.59,-1.59,-1.59,-1.59,-1.59,-1.59,-1.59,-1.59,-1.59,-1.59,-1.59,-1.59,-1.59,-1.59,-1.59,-1.59,-1.59,-1.59,-1.59,-1.59,-1.59,-1.59,-1.59,-1.59,-1.59,-1.59,-1.59,-1.59,-1.59,-1.5861,-1.5805,-1.5531,-1.5246,-1.4962,-1.4731,-1.4572,-1.4424,-1.4282,-1.4212,-1.416,-1.416,-1.416,-1.416,-1.416,-1.416,-1.416,-1.4138,-1.3869,-1.3594,-1.331,-1.3075,-1.2881,-1.2727,-1.2585,-1.2443,-1.2301,-1.2158,-1.2017,-1.1876,-1.1839,-1.1839,-1.1839,-1.1839,-1.1839,-1.1839,-1.1839,-1.1764,-1.1653,-1.1384,-1.1099,-1.0815,-1.053,-1.0246,-0.99611,-0.96765,-0.93919,-0.91073,-0.88227,-0.8517,-0.81678,-0.77749,-0.7348,-0.69211,-0.64942,-0.60674,-0.56405,-0.52136,-0.47867,-0.43597,-0.39328,-0.35059,-0.32236,-0.29737,-0.28314,-0.26758,-0.2504,-0.22548,-0.19702,-0.16857,-0.14211,-0.1264,-0.11128,-0.097052,-0.067125,-0.027948,0.026579,0.083497,0.14042,0.19734,0.25426,0.31117,0.36809,0.42501,0.48193,0.53885,0.59317,0.64085,0.68595,0.72864,0.76409,0.79717,0.81161,0.82576,0.83962,0.84709,0.84709,0.84709,0.84709,0.82814,0.80644,0.77798,0.75415,0.73715,0.73104,0.73104,0.73331,0.7388,0.76726,0.79572,0.82418,0.87855,0.95136,1.0345,1.1187,1.1842,1.2429,1.2856,1.326,1.3642,1.3841,1.3983,1.4126,1.424,1.4262,1.4274,1.4274,1.4274,1.4274,1.4274,1.4268,1.4237,1.4159,1.4017,1.3874,1.3732,1.3705,1.3693,1.3693,1.3724,1.3809,1.3928,1.407,1.4179,1.4274,1.4274,1.4274,1.4274,1.4274,1.4274,1.4274,1.4273,1.4178,1.4072,1.393,1.3788,1.3645,1.3503,1.3361,1.3213,1.3039,1.2755,1.247,1.2185,1.1901,1.1616,1.1332,1.1047,1.0762,1.0478,1.0193,0.99087,0.96241,0.93395,0.90549,0.87703,0.85212,0.83493,0.81937,0.80514,0.78553,0.7643,0.73584,0.70676,0.6759,0.63919,0.5965,0.55382,0.51113,0.49201,0.47454,0.46031,0.44268,0.42069,0.39433,0.36587,0.34347,0.32485,0.32485,0.32485,0.32485,0.31674,0.30362,0.28955,0.27454,0.25163,0.22691,0.19845,0.17476,0.1548,0.15077,0.15077,0.15077,0.15077,0.15077,0.15077,0.15077,0.15077,0.15077,0.15077,0.15077,0.15077,0.15077,0.15077,0.15077,0.15077,0.15077,0.15077,0.15077,0.14663,0.13609,0.12323,0.109,0.09477,0.08054,0.066311,0.052642,0.040075,0.03471,0.03471,0.03471,0.03471,0.03471,0.03471,0.03471,0.038339,0.045362,0.05781,0.072039,0.081153,0.084975,0.070746,0.056516,0.042287,0.045308,0.055841,0.069822,0.082712,0.088995,0.092737,0.092737,0.094986,0.098497,0.11141,0.12564,0.13986,0.15409,0.16832,0.18255,0.19678,0.19646,0.19235,0.17812,0.16518,0.15539,0.15077,0.15077,0.15077,0.15077
-1.4031,-1.4031,-1.4031,-1.4031,-1.4031,-1.4031,-1.4031,-1.4031,-1.4031,-1.4031,-1.4031,-1.4031,-1.4031,-1.4031,-1.4031,-1.4031,-1.4031,-1.4031,-1.4031,-1.4031,-1.4031,-1.4031,-1.4031,-1.4031,-1.4031,-1.4031,-1.4031,-1.4031,-1.4031,-1.4031,-1.4017,-1.3975,-1.3821,-1.3667,-1.3534,-1.3446,-1.3442,-1.3442,-1.3442,-1.3442,-1.3442,-1.3442,-1.3417,-1.3303,-1.3154,-1.3,-1.2871,-1.2856,-1.2854,-1.2854,-1.2854,-1.2854,-1.2854,-1.2854,-1.2854,-1.2854,-1.2854,-1.283,-1.2767,-1.2614,-1.246,-1.2335,-1.2265,-1.2265,-1.2265,-1.2265,-1.2265,-1.2265,-1.2265,-1.2229,-1.2098,-1.1946,-1.1792,-1.1638,-1.1485,-1.1331,-1.1177,-1.1023,-1.087,-1.0716,-1.0587,-1.0498,-1.0498,-1.0498,-1.0465,-1.0382,-1.0228,-1.0074,-0.99206,-0.97668,-0.96131,-0.94593,-0.92609,-0.8983,-0.86754,-0.83679,-0.80603,-0.77528,-0.74452,-0.71494,-0.68976,-0.67439,-0.65901,-0.64363,-0.62826,-0.61288,-0.5975,-0.58212,-0.56675,-0.55137,-0.53599,-0.52515,-0.51986,-0.51986,-0.51986,-0.51462,-0.50261,-0.48723,-0.47186,-0.45648,-0.4411,-0.42572,-0.41035,-0.39497,-0.37959,-0.36421,-0.34884,-0.33346,-0.31808,-0.3027,-0.28357,-0.25957,-0.22882,-0.19806,-0.16731,-0.13655,-0.1058,-0.075045,-0.050173,-0.031164,-0.015786,-0.00040851,0.021597,0.050599,0.081354,0.11211,0.14287,0.17362,0.20438,0.23513,0.26588,0.29664,0.32739,0.35815,0.3889,0.41966,0.45041,0.48117,0.51192,0.54268,0.57343,0.5978,0.61694,0.63232,0.64769,0.67046,0.69908,0.72983,0.76059,0.79952,0.84535,0.89148,0.93762,0.98375,1.0299,1.076,1.1185,1.1551,1.1859,1.2167,1.2474,1.2782,1.3089,1.3397,1.3637,1.3828,1.3982,1.4136,1.437,1.4653,1.4961,1.5268,1.5485,1.5647,1.5801,1.5955,1.6108,1.6262,1.6416,1.6536,1.6589,1.6589,1.6589,1.6483,1.6266,1.5958,1.5651,1.5343,1.5036,1.4728,1.4421,1.4113,1.3806,1.3498,1.3191,1.2981,1.2815,1.2662,1.2508,1.2354,1.22,1.2047,1.1922,1.1878,1.1878,1.1878,1.1826,1.1713,1.1559,1.1405,1.118,1.0906,1.0599,1.0291,0.99837,0.96762,0.93687,0.90611,0.88575,0.86898,0.8536,0.83822,0.82285,0.80747,0.79209,0.77672,0.76134,0.74596,0.73042,0.71036,0.68295,0.6522,0.62144,0.60482,0.59894,0.59894,0.59894,0.58079,0.55468,0.52393,0.49317,0.48415,0.48117,0.48117,0.48117,0.46871,0.45379,0.43841,0.42303,0.40766,0.39228,0.37739,0.36595,0.3634,0.3634,0.3634,0.3634,0.3634,0.3634,0.36408,0.38171,0.40841,0.43916,0.46992,0.47826,0.48117,0.48117,0.48117,0.48117,0.48117,0.48117,0.48117,0.48117,0.48117,0.48048,0.4773,0.46354,0.44816,0.43375,0.424,0.42228,0.42228,0.42228,0.42228,0.42228,0.42228,0.42319,0.43369,0.44779,0.46317,0.47799,0.48043,0.48117,0.48117,0.48117
0.31737,0.31737,0.31737,0.31737,0.31737,0.31737,0.31737,0.31737,0.31737,0.31737,0.31737,0.31737,0.31737,0.31737,0.31737,0.31737,0.31737,0.31737,0.31737,0.31737,0.31737,0.31737,0.31737,0.31737,0.31737,0.31737,0.31737,0.31737,0.31737,0.33805,0.37412,0.42001,0.4659,0.50911,0.52943,0.53737,0.53737,0.53737,0.53737,0.53737,0.53737,0.53737,0.53648,0.52982,0.49813,0.45224,0.40635,0.36046,0.31456,0.26867,0.22278,0.17689,0.131,0.10753,0.097371,0.097371,0.097371,0.097371,0.097371,0.097371,0.089297,0.046908,0.012313,-0.01263,-0.01263,-0.035837,-0.071483,-0.11738,-0.16327,-0.20916,-0.25505,-0.30095,-0.33731,-0.34151,-0.35291,-0.37451,-0.4204,-0.41841,-0.39308,-0.34719,-0.3013,-0.26126,-0.23814,-0.23263,-0.24356,-0.28455,-0.32932,-0.37521,-0.4211,-0.49162,-0.57204,-0.65997,-0.71467,-0.76056,-0.80645,-0.85235,-0.89824,-0.94413,-0.97981,-1.0026,-1.0026,-0.97738,-0.9427,-0.89996,-0.89263,-0.89263,-0.89263,-0.89263,-0.90621,-0.94579,-0.99072,-1.0366,-1.0825,-1.1284,-1.1743,-1.2202,-1.2661,-1.3043,-1.3295,-1.3326,-1.3326,-1.3326,-1.3426,-1.3673,-1.4132,-1.4327,-1.4426,-1.4426,-1.4426,-1.4426,-1.4426,-1.4426,-1.4586,-1.4968,-1.5324,-1.5526,-1.5526,-1.5526,-1.5526,-1.5526,-1.5526,-1.5526,-1.5526,-1.5526,-1.5526,-1.5526,-1.5526,-1.5526,-1.5526,-1.5526,-1.5526,-1.5526,-1.5526,-1.5526,-1.5526,-1.5526,-1.5526,-1.5526,-1.5526,-1.5526,-1.5524,-1.525,-1.4882,-1.4431,-1.4428,-1.4239,-1.3866,-1.2948,-1.2222,-1.1669,-1.121,-1.0751,-1.0305,-1.0112,-1.0026,-1.0001,-0.95523,-0.9098,-0.86391,-0.81802,-0.81256,-0.83845,-0.87663,-0.89263,-0.89485,-0.92078,-0.95849,-1.0002,-1.0019,-0.99275,-0.97321,-0.92731,-0.83914,-0.72293,-0.59927,-0.52375,-0.47786,-0.43196,-0.38607,-0.34018,-0.29429,-0.2484,-0.20251,-0.15661,-0.066705,0.050778,0.18845,0.32612,0.45983,0.57298,0.67189,0.76367,0.85546,0.93705,1.0082,1.0541,1.0772,1.0884,1.094,1.1277,1.1688,1.1909,1.1974,1.1974,1.1974,1.2076,1.2289,1.2748,1.2971,1.3074,1.3074,1.3074,1.3074,1.3074,1.3074,1.3074,1.3074,1.3177,1.3396,1.3855,1.4314,1.4762,1.5178,1.5274,1.5398,1.5846,1.6661,1.7347,1.7452,1.7474,1.7474,1.7474,1.7474,1.7463,1.7428,1.705,1.6523,1.5847,1.4972,1.4184,1.3665,1.3196,1.2737,1.2279,1.182,1.1361,1.0902,1.0443,1.0132,1.0094,1.0481,1.0798,1.0865,1.0874,1.0874,1.0874,1.0874,1.0874,1.0874,1.0874,1.0874,1.0874,1.0874,1.0874,1.0874,1.0776,1.0523,1.0065,0.96055,0.91466,0.86877,0.82288,0.77698,0.73109,0.6852,0.63931,0.59342,0.5571,0.53737,0.53737,0.53737,0.53737,0.53737,0.53737,0.53737,0.53737,0.53737,0.53737,0.53737,0.52809,0.50093,0.45504,0.43656,0.42737,0.42737
