-0.88163,-0.81957,-0.7542,-0.68168,-0.59879,-0.50749,-0.40694,-0.29928,-0.18787,-0.074617,0.046029,0.18146,0.33738,0.51745,0.72268,0.94828,1.1833,1.417,1.6397,1.8435,2.0212,2.1718,2.2964,2.3976,2.4772,2.5402,2.5906,2.6305,2.6602,2.6815,2.695,2.6992,2.6926,2.6752,2.6467,2.604,2.5467,2.4755,2.3917,2.2945,2.1875,2.0738,1.9557,1.8333,1.7095,1.5854,1.4609,1.3354,1.2117,1.0916,0.97614,0.86872,0.77337,0.69224,0.62459,0.57273,0.53607,0.51217,0.49596,0.48943,0.49033,0.49599,0.50433,0.5195,0.54103,0.56726,0.59888,0.63835,0.68292,0.72689,0.76852,0.80487,0.83039,0.83876,0.83209,0.81104,0.77614,0.72706,0.67145,0.61159,0.54819,0.48131,0.4153,0.34958,0.28212,0.21254,0.14257,0.071503,-0.0016995,-0.074604,-0.14445,-0.21016,-0.27209,-0.32798,-0.37759,-0.42195,-0.46323,-0.49983,-0.53231,-0.56167,-0.58918,-0.61337,-0.63512,-0.65575,-0.67537,-0.69225,-0.7064,-0.71888,-0.7288,-0.73543,-0.73982,-0.74462,-0.74853,-0.7512,-0.75314,-0.75691,-0.75965,-0.76125,-0.76253,-0.76593,-0.76885,-0.77139,-0.77456,-0.77927,-0.78321,-0.78605,-0.78909,-0.79234,-0.7944,-0.79528,-0.79698,-0.79897,-0.80041,-0.80107,-0.80278,-0.80364,-0.80249,-0.79865,-0.79324,-0.78394,-0.76975,-0.75046,-0.72666,-0.69628,-0.65805,-0.61186,-0.55744,-0.49346,-0.42018,-0.34048,-0.257,-0.17258,-0.090852,-0.016802,0.0479,0.10253,0.14739,0.18248,0.21084,0.2347,0.25543,0.27311,0.28878,0.30225,0.31253,0.31889,0.32181,0.32176,0.31893,0.3144,0.30942,0.30466,0.29974,0.29509,0.29061,0.28605,0.28078,0.27541,0.27006,0.26457,0.25848,0.25184,0.24403,0.23409,0.2215,0.20606,0.18717,0.16378,0.13607,0.10419,0.068327,0.028524,-0.01258,-0.053425,-0.093065,-0.13171,-0.16783,-0.20254,-0.23779,-0.27496,-0.31348,-0.35376,-0.39613,-0.43907,-0.48059,-0.52012,-0.55803,-0.59282,-0.62409,-0.65246,-0.67931,-0.70327,-0.72456,-0.74372,-0.76167,-0.77665,-0.78916,-0.80019,-0.81034,-0.81878,-0.82622,-0.83365,-0.84047,-0.84565,-0.84938,-0.85259,-0.85453,-0.85534,-0.85601,-0.85789,-0.86004,-0.86265,-0.86618,-0.87131,-0.87685,-0.88318,-0.89089,-0.90015,-0.91006,-0.92056,-0.93169,-0.94267,-0.95265,-0.9616,-0.96991,-0.97734,-0.98389,-0.98974,-0.99504,-0.999,-1.0013,-1.0022,-1.0021,-1.0012,-1.0002,-0.99949,-0.99911,-0.9986,-0.99809,-0.99827,-1.0002,-1.0048,-1.013,-1.0246,-1.0378,-1.0502,-1.0595,-1.0647,-1.0656,-1.0637
-1.9944,-1.8328,-1.5365,-1.1657,-0.77532,-0.40321,-0.057041,0.24971,0.51277,0.72187,0.87831,0.98361,1.0526,1.0906,1.103,1.0902,1.0648,1.0348,1.0057,0.98193,0.97436,0.9869,1.0066,1.0197,1.0287,1.0494,1.0874,1.1266,1.1559,1.1852,1.2504,1.3758,1.5626,1.7789,1.9872,2.15,2.2448,2.2548,2.1789,2.0264,1.8182,1.5722,1.3025,1.0217,0.74364,0.47536,0.20768,-0.066221,-0.3365,-0.57113,-0.75398,-0.88684,-0.99432,-1.0798,-1.1503,-1.1975,-1.2335,-1.2486,-1.2478,-1.214,-1.1586,-1.079,-0.99877,-0.91684,-0.84318,-0.76078,-0.66551,-0.53186,-0.34379,-0.07496,0.26585,0.64394,0.98848,1.2448,1.3904,1.45,1.4521,1.409,1.3053,1.1338,0.90954,0.67048,0.43891,0.21425,-0.02052,-0.26313,-0.49558,-0.68972,-0.83265,-0.9214,-0.97242,-1.0028,-1.03,-1.0488,-1.0585,-1.059,-1.0665,-1.0813,-1.1006,-1.1149,-1.1264,-1.1347,-1.139,-1.138,-1.1336,-1.1308,-1.1271,-1.1226,-1.1121,-1.1005,-1.0814,-1.0515,-0.99188,-0.89635,-0.75861,-0.59517,-0.41316,-0.22556,-0.030929,0.15667,0.32997,0.47633,0.60095,0.70593,0.80539,0.91256,1.0461,1.1973,1.3384,1.4305,1.4674,1.4651,1.4539,1.4347,1.3925,1.2967,1.1466,0.95536,0.75268,0.5353,0.29726,0.032613,-0.21888,-0.42186,-0.54978,-0.6237,-0.66128,-0.68655,-0.69596,-0.6971,-0.68349,-0.66967,-0.65439,-0.64308,-0.61647,-0.57448,-0.51554,-0.45247,-0.3808,-0.30749,-0.2446,-0.20876,-0.19399,-0.18385,-0.16818,-0.14614,-0.10955,-0.036407,0.081858,0.22296,0.35164,0.47028,0.62743,0.8688,1.1716,1.4518,1.6287,1.6831,1.642,1.5478,1.4223,1.286,1.1424,0.99734,0.83841,0.66623,0.47624,0.28288,0.090163,-0.084008,-0.23721,-0.36244,-0.47256,-0.55034,-0.55443,-0.41042,-0.10027,0.32235,0.72647,1.0177,1.1626,1.2175,1.2324,1.2457,1.2448,1.2282,1.1803,1.1074,1.0061,0.89526,0.77664,0.6518,0.50441,0.33914,0.16616,0.0093309,-0.12189,-0.21917,-0.28967,-0.33587,-0.37107,-0.39315,-0.40876,-0.41284,-0.41543,-0.41684,-0.42343,-0.42476,-0.41976,-0.40623,-0.39815,-0.40086,-0.41846,-0.44305,-0.47207,-0.50235,-0.53742,-0.57762,-0.6212,-0.66115,-0.69373,-0.72137,-0.75024,-0.78448,-0.82611,-0.87828,-0.94032,-1.0003,-1.0419,-1.0598,-1.0671,-1.081,-1.1066,-1.1371,-1.1611,-1.1702,-1.1621,-1.1462,-1.1321,-1.1223,-1.1174,-1.1377,-1.2086,-1.334,-1.4859,-1.643,-1.7965,-1.9317,-2.0129,-2.0292
-0.98639,-0.9854,-0.9845,-0.98373,-0.98311,-0.98265,-0.98341,-0.98478,-0.9863,-0.98749,-0.988,-0.98907,-0.99021,-0.99091,-0.99089,-0.99001,-0.98981,-0.99021,-0.99051,-0.9903,-0.98921,-0.98849,-0.98833,-0.98774,-0.98622,-0.98337,-0.98034,-0.97779,-0.97453,-0.97007,-0.96406,-0.95763,-0.95218,-0.94648,-0.94018,-0.93295,-0.92562,-0.91997,-0.91428,-0.9078,-0.89967,-0.88986,-0.87982,-0.86691,-0.84936,-0.82509,-0.79241,-0.75178,-0.69948,-0.63329,-0.5514,-0.45318,-0.34156,-0.21644,-0.080003,0.064657,0.21359,0.36014,0.50124,0.63358,0.75481,0.86363,0.95821,1.04,1.1113,1.1744,1.2318,1.2846,1.3346,1.3835,1.4324,1.482,1.5321,1.5832,1.6361,1.6915,1.7497,1.8105,1.873,1.9368,2.0005,2.0625,2.1208,2.1735,2.2193,2.2573,2.2871,2.3083,2.321,2.3257,2.3231,2.3138,2.2984,2.277,2.2502,2.2185,2.1819,2.1405,2.0938,2.0421,1.9852,1.9227,1.8546,1.7806,1.7014,1.6178,1.5305,1.4409,1.3496,1.2591,1.1708,1.0855,1.0034,0.92325,0.84641,0.77198,0.69869,0.62536,0.55008,0.47439,0.39874,0.32342,0.24893,0.17475,0.10336,0.035897,-0.027526,-0.087069,-0.14429,-0.19783,-0.24682,-0.29163,-0.33268,-0.37182,-0.40824,-0.44071,-0.4698,-0.4962,-0.52193,-0.5469,-0.56927,-0.58931,-0.60739,-0.62502,-0.64263,-0.65774,-0.67058,-0.68156,-0.69206,-0.70347,-0.71312,-0.72124,-0.72824,-0.73508,-0.74376,-0.75136,-0.75794,-0.76371,-0.76915,-0.77652,-0.78288,-0.78816,-0.79248,-0.796,-0.80094,-0.80455,-0.80639,-0.80595,-0.80259,-0.79708,-0.78661,-0.76983,-0.74584,-0.71412,-0.67567,-0.62968,-0.5765,-0.5173,-0.45359,-0.3878,-0.32096,-0.25406,-0.18821,-0.12418,-0.062929,-0.0043631,0.051939,0.10605,0.15796,0.20715,0.25338,0.29668,0.33673,0.37322,0.40577,0.43432,0.4594,0.48131,0.50025,0.51616,0.52873,0.53798,0.54344,0.54459,0.54087,0.5318,0.51764,0.4986,0.47513,0.44779,0.4171,0.38391,0.34874,0.31197,0.27384,0.23441,0.194,0.15272,0.11067,0.067997,0.024782,-0.018596,-0.061916,-0.10497,-0.14752,-0.18943,-0.23017,-0.26936,-0.30671,-0.34189,-0.37482,-0.40484,-0.43168,-0.45534,-0.47593,-0.49396,-0.50919,-0.52175,-0.53221,-0.54119,-0.54973,-0.55787,-0.56576,-0.57406,-0.58344,-0.59482,-0.60812,-0.62293,-0.6395,-0.65797,-0.67867,-0.70107,-0.72394,-0.747,-0.77001,-0.79303,-0.81576,-0.837,-0.85675,-0.8752,-0.89271,-0.9096,-0.92478,-0.93831,-0.95033,-0.96099,-0.97067,-0.97822,-0.9837,-0.98739
-0.88842,-0.8559,-0.81893,-0.77744,-0.73676,-0.69657,-0.65676,-0.62223,-0.59234,-0.56424,-0.53931,-0.51517,-0.48831,-0.46095,-0.4316,-0.39281,-0.33883,-0.25998,-0.1443,0.0085126,0.19103,0.39503,0.60558,0.80976,1.0053,1.1874,1.3487,1.4866,1.5937,1.6617,1.6958,1.7038,1.693,1.679,1.6715,1.6714,1.682,1.7017,1.7244,1.7523,1.7887,1.8365,1.9037,1.9938,2.1016,2.2202,2.3374,2.439,2.5187,2.5753,2.6122,2.6399,2.6673,2.6976,2.7331,2.7681,2.7915,2.7969,2.7767,2.7237,2.6405,2.529,2.3902,2.2314,2.0579,1.8712,1.6778,1.4825,1.2864,1.0951,0.91346,0.74185,0.58388,0.44206,0.31249,0.19346,0.08483,-0.017963,-0.115,-0.20124,-0.27778,-0.34502,-0.39882,-0.44341,-0.48334,-0.51442,-0.53967,-0.56365,-0.58101,-0.59504,-0.61225,-0.62668,-0.64027,-0.65786,-0.67264,-0.68543,-0.70049,-0.7124,-0.7205,-0.72642,-0.724,-0.7108,-0.68835,-0.65433,-0.60941,-0.55748,-0.49867,-0.43334,-0.36456,-0.29345,-0.22112,-0.15176,-0.08829,-0.031751,0.014867,0.049484,0.07292,0.084857,0.085746,0.079345,0.067972,0.052781,0.036229,0.01811,-0.0034496,-0.027997,-0.055381,-0.08526,-0.11444,-0.14046,-0.16213,-0.17704,-0.18354,-0.18057,-0.16549,-0.13707,-0.096637,-0.045908,0.010784,0.067721,0.12165,0.16914,0.2067,0.2336,0.24804,0.24756,0.23339,0.20665,0.16836,0.12295,0.073727,0.021871,-0.029959,-0.080895,-0.13264,-0.1852,-0.23852,-0.29361,-0.34902,-0.40224,-0.45251,-0.49832,-0.53795,-0.57197,-0.60066,-0.62331,-0.64105,-0.65471,-0.66371,-0.66923,-0.6721,-0.6714,-0.66855,-0.66521,-0.66071,-0.65637,-0.65307,-0.64803,-0.64095,-0.63264,-0.62101,-0.60688,-0.59193,-0.57414,-0.55379,-0.53282,-0.5112,-0.49123,-0.47621,-0.46632,-0.46172,-0.46275,-0.46775,-0.4757,-0.48688,-0.50045,-0.51558,-0.53213,-0.54905,-0.5652,-0.58064,-0.59522,-0.60863,-0.62143,-0.6336,-0.64421,-0.653,-0.65954,-0.66288,-0.66335,-0.66161,-0.65764,-0.65236,-0.64675,-0.64058,-0.63438,-0.6288,-0.62316,-0.61772,-0.61312,-0.60842,-0.60373,-0.59964,-0.59517,-0.59068,-0.58734,-0.58474,-0.58342,-0.58404,-0.58524,-0.58615,-0.58632,-0.58446,-0.58071,-0.57628,-0.57191,-0.56879,-0.56786,-0.56871,-0.5709,-0.57423,-0.57802,-0.58226,-0.58743,-0.59337,-0.60007,-0.60771,-0.61594,-0.62485,-0.63533,-0.64788,-0.66282,-0.68024,-0.69896,-0.71748,-0.73529,-0.75218,-0.76826,-0.78409,-0.79942,-0.81373,-0.82802,-0.84418,-0.86374,-0.8873,-0.9125,-0.93423,-0.94837,-0.9537,-0.9519
-1.1038,-1.0712,-1.0249,-0.96729,-0.90516,-0.84432,-0.78351,-0.72085,-0.65855,-0.59222,-0.51972,-0.44248,-0.36013,-0.26697,-0.15574,-0.020493,0.14939,0.36024,0.60986,0.89007,1.1879,1.4855,1.7636,2.0096,2.2167,2.3824,2.5108,2.6093,2.6844,2.7396,2.7776,2.7981,2.7973,2.7733,2.7261,2.6568,2.5682,2.4672,2.3599,2.2486,2.137,2.0269,1.9172,1.8063,1.6955,1.5851,1.4711,1.3555,1.2383,1.1182,0.99608,0.87635,0.76183,0.65204,0.55185,0.46146,0.37774,0.30204,0.23588,0.17862,0.12967,0.095943,0.078468,0.075091,0.090136,0.12306,0.16784,0.21838,0.27374,0.32847,0.37743,0.4262,0.477,0.52846,0.57991,0.63198,0.68027,0.71967,0.75373,0.78203,0.80102,0.80783,0.79939,0.7701,0.71633,0.64453,0.56086,0.47118,0.38204,0.29686,0.21416,0.13033,0.046509,-0.037568,-0.12161,-0.2029,-0.27938,-0.35084,-0.4177,-0.47785,-0.53145,-0.57983,-0.62278,-0.66134,-0.69755,-0.73245,-0.76385,-0.79141,-0.81583,-0.83537,-0.85066,-0.86409,-0.87708,-0.88838,-0.89889,-0.91033,-0.92029,-0.92879,-0.93733,-0.94584,-0.9522,-0.95678,-0.96141,-0.9639,-0.96466,-0.96585,-0.96857,-0.97173,-0.9757,-0.98291,-0.99076,-0.99836,-1.0066,-1.0158,-1.0238,-1.0296,-1.0362,-1.0405,-1.0416,-1.0408,-1.0394,-1.0362,-1.0313,-1.0279,-1.0237,-1.0173,-1.0096,-1.0003,-0.98763,-0.971,-0.95214,-0.92815,-0.89664,-0.85699,-0.80705,-0.74395,-0.667,-0.57852,-0.47892,-0.37065,-0.25914,-0.14761,-0.037613,0.069393,0.17195,0.27257,0.37266,0.46988,0.56297,0.64963,0.72582,0.78722,0.83339,0.86476,0.88078,0.88419,0.87773,0.86291,0.84062,0.81298,0.78122,0.74467,0.70479,0.6627,0.61918,0.57561,0.53441,0.49747,0.46548,0.44041,0.42338,0.41472,0.41522,0.42495,0.44195,0.46235,0.48291,0.49877,0.50514,0.50128,0.48738,0.46372,0.43143,0.39365,0.35068,0.30122,0.24804,0.19209,0.1329,0.071237,0.009785,-0.05177,-0.11521,-0.17735,-0.23761,-0.29678,-0.3538,-0.40651,-0.45524,-0.50175,-0.54333,-0.58049,-0.61509,-0.64711,-0.67625,-0.70374,-0.73134,-0.75627,-0.77823,-0.79746,-0.81183,-0.81994,-0.82223,-0.81976,-0.81102,-0.79792,-0.78356,-0.76844,-0.7541,-0.74298,-0.73657,-0.73345,-0.73399,-0.73874,-0.7456,-0.7536,-0.76283,-0.77293,-0.7825,-0.7919,-0.80205,-0.8123,-0.82314,-0.83568,-0.85029,-0.86637,-0.88361,-0.90155,-0.91875,-0.93545,-0.95341,-0.97466,-1.0006,-1.0315,-1.0648,-1.0956,-1.119,-1.1324,-1.1359,-1.1327
2.0231,2.401,1.6757,1.5722,1.8009,1.5954,1.3575,1.3874,1.3296,1.147,1.0639,1.0128,0.89567,0.78748,0.7157,0.62552,0.53152,0.44395,0.3515,0.26537,0.17545,0.092966,0.010692,-0.069679,-0.12346,-0.10142,0.089484,0.49023,1.0478,1.6004,1.9827,2.1508,2.1719,2.1557,2.1499,2.145,2.1253,2.0898,2.0537,1.9888,1.8518,1.6146,1.301,0.96358,0.62187,0.28447,-0.036643,-0.30274,-0.47558,-0.54077,-0.47463,-0.29746,-0.063677,0.1494,0.28953,0.35978,0.38069,0.39618,0.41518,0.43047,0.43842,0.43048,0.39435,0.2997,0.15843,0.010486,-0.10119,-0.17075,-0.22993,-0.29285,-0.36413,-0.42947,-0.48671,-0.53997,-0.58043,-0.60611,-0.60019,-0.55477,-0.44729,-0.2433,0.06886,0.45861,0.83395,1.1061,1.2428,1.2776,1.2711,1.2524,1.2208,1.1548,1.0263,0.81578,0.53179,0.22324,-0.067185,-0.32735,-0.56131,-0.7739,-0.96699,-1.1521,-1.318,-1.4573,-1.5653,-1.6434,-1.702,-1.7396,-1.7701,-1.7867,-1.7931,-1.793,-1.7812,-1.746,-1.6491,-1.4705,-1.1938,-0.82271,-0.38818,0.047308,0.40992,0.66753,0.82065,0.89557,0.92354,0.92881,0.92134,0.88836,0.82156,0.71658,0.58314,0.4371,0.29163,0.16082,0.049857,-0.038725,-0.10708,-0.16034,-0.18987,-0.18959,-0.15103,-0.080112,-0.0064789,0.037316,0.023908,-0.032747,-0.11515,-0.2107,-0.30923,-0.40644,-0.49504,-0.58356,-0.67327,-0.76274,-0.846,-0.91315,-0.96741,-1.0121,-1.053,-1.0862,-1.1051,-1.1154,-1.122,-1.1321,-1.1412,-1.1487,-1.1579,-1.1674,-1.1807,-1.1978,-1.2223,-1.2521,-1.2875,-1.3283,-1.3644,-1.3981,-1.433,-1.4795,-1.5305,-1.5795,-1.6263,-1.6615,-1.6777,-1.6594,-1.601,-1.4924,-1.3198,-1.079,-0.77535,-0.44606,-0.13495,0.1224,0.31304,0.44401,0.52324,0.56006,0.55502,0.51481,0.45384,0.3822,0.30107,0.20255,0.091572,-0.021257,-0.12538,-0.21467,-0.29572,-0.3717,-0.44434,-0.51039,-0.56512,-0.61311,-0.6452,-0.66298,-0.66751,-0.65793,-0.63104,-0.57903,-0.51268,-0.44462,-0.40543,-0.40623,-0.42724,-0.46479,-0.5299,-0.60874,-0.64657,-0.64045,-0.64015,-0.66034,-0.68113,-0.68925,-0.69736,-0.69781,-0.68428,-0.66782,-0.64794,-0.62471,-0.59268,-0.55736,-0.51683,-0.46638,-0.41191,-0.34631,-0.2762,-0.19975,-0.12034,-0.041019,0.041978,0.12144,0.2065,0.29284,0.38185,0.47338,0.56118,0.65466,0.74889,0.82359,0.91436,1.0323,1.096,1.1469,1.3108,1.4179,1.3688,1.5215,1.8054,1.67,1.5712,2.2297,2.3625,0.4994
-0.8292,-0.8141,-0.79082,-0.75917,-0.71969,-0.67355,-0.62267,-0.56868,-0.51328,-0.45802,-0.40426,-0.3534,-0.30621,-0.26315,-0.2244,-0.1899,-0.15954,-0.13273,-0.1086,-0.086308,-0.065146,-0.044933,-0.025565,-0.0070068,0.010428,0.026239,0.039555,0.049668,0.056405,0.059639,0.059406,0.05561,0.048208,0.037729,0.024549,0.0090379,-0.0086385,-0.02848,-0.04993,-0.072597,-0.096093,-0.12017,-0.14485,-0.16968,-0.19443,-0.21895,-0.24313,-0.26713,-0.29073,-0.31376,-0.33603,-0.35728,-0.37738,-0.39589,-0.41246,-0.42675,-0.43855,-0.4479,-0.45461,-0.45876,-0.46052,-0.46008,-0.45791,-0.45369,-0.44743,-0.43911,-0.42872,-0.41658,-0.40217,-0.38549,-0.36688,-0.34686,-0.32649,-0.30605,-0.28614,-0.2677,-0.25158,-0.23889,-0.22972,-0.22403,-0.22197,-0.22355,-0.22897,-0.23768,-0.2489,-0.26241,-0.27807,-0.29604,-0.31615,-0.33779,-0.36091,-0.38545,-0.41145,-0.4387,-0.46622,-0.49355,-0.52023,-0.54595,-0.57058,-0.59316,-0.61345,-0.63135,-0.64703,-0.66135,-0.67364,-0.68393,-0.6923,-0.69895,-0.70556,-0.71103,-0.71518,-0.71779,-0.71883,-0.72047,-0.72143,-0.7213,-0.71977,-0.71679,-0.71497,-0.71337,-0.71125,-0.70822,-0.704,-0.70117,-0.69912,-0.69664,-0.69321,-0.68852,-0.68489,-0.68243,-0.67986,-0.67682,-0.673,-0.67011,-0.66859,-0.66675,-0.66399,-0.65984,-0.65553,-0.6521,-0.64801,-0.64278,-0.63577,-0.62719,-0.61736,-0.60323,-0.58255,-0.55284,-0.51236,-0.46065,-0.39474,-0.3133,-0.21577,-0.10284,0.022695,0.16002,0.3069,0.46083,0.61909,0.77788,0.9361,1.0926,1.2469,1.3991,1.549,1.6976,1.8452,1.9914,2.1346,2.2718,2.3999,2.5151,2.6137,2.6927,2.7499,2.7849,2.7988,2.7938,2.773,2.7396,2.6969,2.6478,2.5947,2.539,2.4819,2.4239,2.3656,2.3073,2.2491,2.1907,2.1318,2.0722,2.0113,1.9485,1.8832,1.8153,1.7445,1.671,1.5947,1.5156,1.4337,1.3489,1.2611,1.17,1.0755,0.97749,0.87705,0.77479,0.67149,0.56795,0.46475,0.36404,0.26655,0.17277,0.083129,-0.0028481,-0.082557,-0.15574,-0.22245,-0.28289,-0.33872,-0.38753,-0.42989,-0.46686,-0.49952,-0.53033,-0.55701,-0.5798,-0.5996,-0.61728,-0.63492,-0.65037,-0.66334,-0.67455,-0.68473,-0.6956,-0.70536,-0.71316,-0.71941,-0.7246,-0.73016,-0.73498,-0.73822,-0.74047,-0.74236,-0.74511,-0.748,-0.74978,-0.75069,-0.75118,-0.75222,-0.75378,-0.75489,-0.75613,-0.75807,-0.76145,-0.76626,-0.771,-0.77553,-0.77982,-0.78408,-0.78866,-0.79265,-0.79645,-0.8005,-0.8052,-0.81087,-0.81647,-0.82163,-0.82597
-0.90519,-0.89679,-0.88505,-0.87096,-0.8559,-0.84133,-0.82827,-0.81705,-0.80752,-0.79928,-0.79207,-0.7854,-0.77909,-0.77316,-0.76798,-0.76357,-0.75964,-0.75591,-0.75232,-0.74926,-0.74634,-0.74356,-0.7411,-0.74058,-0.74165,-0.7437,-0.74608,-0.74922,-0.75376,-0.7581,-0.76137,-0.76313,-0.76626,-0.76905,-0.7709,-0.77126,-0.77172,-0.77292,-0.77334,-0.77217,-0.76941,-0.76782,-0.76535,-0.76119,-0.7547,-0.74845,-0.7423,-0.73501,-0.72593,-0.71595,-0.70772,-0.69917,-0.68929,-0.67694,-0.66442,-0.6487,-0.62661,-0.59483,-0.55178,-0.49613,-0.42372,-0.3321,-0.22021,-0.091565,0.054135,0.21461,0.3865,0.56379,0.74118,0.91495,1.0812,1.2361,1.3754,1.4988,1.6061,1.6984,1.7756,1.84,1.8948,1.9432,1.9878,2.0307,2.0749,2.1224,2.174,2.2284,2.2849,2.3417,2.3965,2.4464,2.4891,2.5232,2.5478,2.5622,2.5655,2.5583,2.5409,2.5136,2.4765,2.4301,2.3755,2.3133,2.2444,2.1691,2.0887,2.0041,1.9158,1.8239,1.7298,1.6343,1.538,1.441,1.3439,1.2483,1.1543,1.0617,0.96929,0.87933,0.79169,0.70577,0.62003,0.53531,0.45288,0.37232,0.29317,0.21422,0.13918,0.068259,0.0013757,-0.062939,-0.12247,-0.1762,-0.22487,-0.26989,-0.31232,-0.34942,-0.38196,-0.41088,-0.43897,-0.46341,-0.48403,-0.50186,-0.519,-0.5357,-0.54965,-0.56147,-0.57187,-0.58383,-0.59359,-0.60117,-0.60721,-0.61392,-0.62078,-0.62627,-0.63086,-0.6353,-0.64182,-0.6471,-0.651,-0.65368,-0.65705,-0.66002,-0.66177,-0.66261,-0.66344,-0.66543,-0.66639,-0.66602,-0.66411,-0.66204,-0.65829,-0.65216,-0.64346,-0.63266,-0.6199,-0.60374,-0.58381,-0.56003,-0.53379,-0.50428,-0.47178,-0.43672,-0.40003,-0.36191,-0.32188,-0.2799,-0.23619,-0.19188,-0.14682,-0.10177,-0.057556,-0.015397,0.024418,0.061949,0.097207,0.13007,0.16016,0.18772,0.21235,0.23351,0.25023,0.26247,0.27027,0.27388,0.27365,0.27016,0.26444,0.25706,0.24835,0.238,0.22617,0.21252,0.19661,0.17794,0.15639,0.13215,0.10537,0.07627,0.045057,0.012385,-0.021425,-0.056054,-0.091279,-0.12639,-0.16086,-0.19434,-0.22663,-0.25753,-0.28659,-0.31395,-0.33984,-0.36479,-0.38828,-0.41033,-0.43112,-0.45101,-0.46979,-0.48706,-0.50317,-0.51857,-0.53417,-0.54908,-0.56359,-0.57796,-0.59269,-0.60702,-0.6204,-0.63308,-0.64565,-0.65889,-0.67214,-0.68597,-0.70085,-0.71732,-0.73416,-0.75068,-0.76676,-0.78275,-0.79886,-0.81465,-0.83064,-0.84708,-0.86411,-0.87988,-0.89316,-0.90313,-0.9096,-0.91245,-0.91204,-0.90976
-1.2193,-1.1789,-1.1263,-1.0587,-0.97357,-0.86935,-0.74627,-0.60589,-0.45013,-0.28252,-0.10743,0.070395,0.24518,0.41379,0.5736,0.72323,0.8624,0.99121,1.1104,1.2219,1.3272,1.4274,1.5229,1.6126,1.6963,1.773,1.8414,1.9003,1.9479,1.9827,2.0048,2.0143,2.0123,1.9998,1.9772,1.9471,1.9115,1.8724,1.8313,1.7882,1.7427,1.6953,1.6457,1.5934,1.5376,1.4759,1.4087,1.3365,1.26,1.18,1.0967,1.0105,0.92348,0.83726,0.75345,0.67343,0.59644,0.52433,0.45817,0.39852,0.34551,0.29782,0.25366,0.21331,0.17604,0.14125,0.10854,0.075336,0.043769,0.014913,-0.010398,-0.031472,-0.049111,-0.064053,-0.074287,-0.080066,-0.081784,-0.079793,-0.077069,-0.070507,-0.058784,-0.041035,-0.016469,0.014267,0.050802,0.095733,0.14863,0.20856,0.2743,0.34194,0.41303,0.48695,0.56227,0.63738,0.70961,0.77676,0.83947,0.8961,0.94514,0.9855,1.0149,1.0358,1.0497,1.0581,1.0624,1.0638,1.0634,1.0645,1.068,1.0743,1.0833,1.0932,1.105,1.1185,1.1326,1.1466,1.159,1.1688,1.1764,1.1814,1.1832,1.1813,1.1748,1.1645,1.1512,1.1352,1.1169,1.0964,1.0738,1.0503,1.0257,0.99977,0.97165,0.93972,0.90384,0.86343,0.81775,0.76636,0.70899,0.6458,0.57873,0.50892,0.43756,0.36577,0.29371,0.2231,0.1548,0.088894,0.025293,-0.036457,-0.096773,-0.15401,-0.20798,-0.25853,-0.30552,-0.34992,-0.39037,-0.42648,-0.45879,-0.4881,-0.51557,-0.54246,-0.56752,-0.59125,-0.6141,-0.6364,-0.65935,-0.68156,-0.7023,-0.72161,-0.73963,-0.75681,-0.77382,-0.78875,-0.80167,-0.81285,-0.82258,-0.83221,-0.84064,-0.84742,-0.85305,-0.85809,-0.86339,-0.87002,-0.87638,-0.88271,-0.88933,-0.89645,-0.90506,-0.91389,-0.92208,-0.92958,-0.93648,-0.94304,-0.94999,-0.9557,-0.96028,-0.96398,-0.96702,-0.97022,-0.97281,-0.97421,-0.9745,-0.97382,-0.9725,-0.97118,-0.9691,-0.96663,-0.96424,-0.96238,-0.96171,-0.96194,-0.96277,-0.96417,-0.96604,-0.96829,-0.97094,-0.97317,-0.97487,-0.97609,-0.97693,-0.97777,-0.97848,-0.97902,-0.97963,-0.98054,-0.98196,-0.98422,-0.98693,-0.99013,-0.99387,-0.99818,-1.0032,-1.0085,-1.014,-1.0194,-1.0246,-1.0296,-1.0343,-1.0382,-1.0413,-1.0436,-1.0455,-1.0471,-1.0488,-1.0507,-1.0533,-1.0569,-1.0617,-1.0681,-1.0759,-1.0852,-1.096,-1.1086,-1.1231,-1.1397,-1.1582,-1.1785,-1.2002,-1.2228,-1.2455,-1.2669,-1.2859,-1.3015,-1.3132,-1.3208,-1.3246,-1.325,-1.3232,-1.3203
-0.89788,-0.89344,-0.88745,-0.88055,-0.87359,-0.86739,-0.86257,-0.85924,-0.85721,-0.85608,-0.85545,-0.855,-0.85448,-0.85385,-0.85321,-0.85284,-0.85279,-0.85294,-0.85311,-0.85309,-0.85296,-0.85252,-0.85175,-0.85072,-0.84964,-0.84881,-0.84806,-0.84725,-0.84622,-0.84525,-0.84439,-0.84328,-0.84176,-0.83974,-0.83845,-0.83734,-0.83578,-0.83323,-0.82965,-0.82722,-0.82453,-0.82111,-0.81655,-0.81176,-0.80849,-0.80506,-0.80076,-0.79499,-0.78974,-0.78548,-0.78094,-0.77554,-0.769,-0.76465,-0.76105,-0.75719,-0.75216,-0.74594,-0.7414,-0.73623,-0.72968,-0.72105,-0.71141,-0.70241,-0.69252,-0.68122,-0.66801,-0.65433,-0.63964,-0.62188,-0.59905,-0.56879,-0.53079,-0.4809,-0.4155,-0.33111,-0.22525,-0.097609,0.053165,0.22597,0.41784,0.62333,0.8357,1.0486,1.2556,1.4509,1.6295,1.7891,1.9293,2.051,2.1563,2.2469,2.3256,2.3948,2.4564,2.5118,2.5616,2.6068,2.6474,2.6829,2.7116,2.7313,2.7395,2.7335,2.7109,2.6697,2.61,2.533,2.4415,2.3394,2.2308,2.1203,2.0116,1.9069,1.807,1.7112,1.6182,1.5257,1.4314,1.3332,1.2301,1.1224,1.0111,0.89797,0.78441,0.67326,0.56651,0.46547,0.37072,0.28163,0.19973,0.12458,0.055556,-0.0088513,-0.069108,-0.12388,-0.17386,-0.2199,-0.26452,-0.30647,-0.34483,-0.38013,-0.41292,-0.44625,-0.47641,-0.50298,-0.5263,-0.54743,-0.5686,-0.58615,-0.60054,-0.6125,-0.62427,-0.63591,-0.64488,-0.65145,-0.65599,-0.66112,-0.66472,-0.66547,-0.6637,-0.65994,-0.65743,-0.65293,-0.64629,-0.63771,-0.62791,-0.61808,-0.60534,-0.58938,-0.57005,-0.5484,-0.52415,-0.49578,-0.46323,-0.42656,-0.38715,-0.34403,-0.29671,-0.24544,-0.19071,-0.13448,-0.076185,-0.016801,0.042502,0.10022,0.15476,0.20607,0.25353,0.29675,0.33516,0.36891,0.39876,0.42517,0.44863,0.46901,0.48713,0.50362,0.51884,0.53296,0.54544,0.55672,0.56656,0.57455,0.57994,0.58188,0.58011,0.57418,0.56381,0.54873,0.52924,0.50598,0.47955,0.45061,0.41949,0.38685,0.35294,0.31763,0.28059,0.24127,0.19974,0.1559,0.10998,0.06244,0.014342,-0.032859,-0.078035,-0.12022,-0.15895,-0.19341,-0.22334,-0.24911,-0.27129,-0.29091,-0.30751,-0.3215,-0.33334,-0.34357,-0.35275,-0.36018,-0.36647,-0.37248,-0.3795,-0.38795,-0.39778,-0.40961,-0.42387,-0.44116,-0.46023,-0.48034,-0.50143,-0.52359,-0.54772,-0.57244,-0.59785,-0.62399,-0.65075,-0.67747,-0.70202,-0.72375,-0.74254,-0.75927,-0.77439,-0.78852,-0.80308,-0.81908,-0.83719,-0.8557,-0.87292,-0.88738
-0.7533,-0.74114,-0.73257,-0.72541,-0.718,-0.70777,-0.69698,-0.68747,-0.67628,-0.66803,-0.66044,-0.65202,-0.64955,-0.64718,-0.64514,-0.64651,-0.64478,-0.6444,-0.64344,-0.63715,-0.63299,-0.6267,-0.61824,-0.61093,-0.59749,-0.57699,-0.5433,-0.47953,-0.37057,-0.18916,0.083025,0.44314,0.87441,1.3391,1.7954,2.2135,2.5729,2.8723,3.118,3.3129,3.4604,3.5561,3.5942,3.5762,3.5083,3.4045,3.2806,3.1462,3.0069,2.8632,2.7148,2.5647,2.4163,2.2739,2.1395,2.0119,1.8906,1.7746,1.6645,1.5615,1.4621,1.3647,1.2647,1.1553,1.0415,0.92177,0.79691,0.67348,0.54755,0.42506,0.3092,0.19413,0.085753,-0.019251,-0.12218,-0.21126,-0.28612,-0.34296,-0.38209,-0.41372,-0.43769,-0.45648,-0.47399,-0.48453,-0.49255,-0.49971,-0.50484,-0.51159,-0.51676,-0.51964,-0.5236,-0.52543,-0.52758,-0.53199,-0.53554,-0.54025,-0.54554,-0.55013,-0.55783,-0.56707,-0.5768,-0.58842,-0.59761,-0.60465,-0.61159,-0.61761,-0.62495,-0.63275,-0.63851,-0.64404,-0.64786,-0.65061,-0.65261,-0.64809,-0.63079,-0.59326,-0.52964,-0.44183,-0.33469,-0.21716,-0.099757,0.011585,0.11231,0.20039,0.27621,0.33862,0.38829,0.4261,0.45131,0.46559,0.46854,0.45891,0.43798,0.40568,0.36444,0.31872,0.26995,0.22202,0.17622,0.13133,0.088386,0.04689,0.0071818,-0.028989,-0.062129,-0.091265,-0.11659,-0.13898,-0.15712,-0.17119,-0.17919,-0.17868,-0.16913,-0.14678,-0.11098,-0.063457,-0.0055754,0.054339,0.10809,0.14866,0.17005,0.17461,0.16599,0.14647,0.1202,0.085781,0.042504,-0.0079668,-0.065335,-0.12652,-0.18895,-0.25187,-0.31107,-0.36456,-0.41172,-0.451,-0.4843,-0.51255,-0.53552,-0.55584,-0.57361,-0.58985,-0.6071,-0.62293,-0.63723,-0.64938,-0.65692,-0.66098,-0.65947,-0.651,-0.63817,-0.61929,-0.59682,-0.57293,-0.54697,-0.52076,-0.49384,-0.46522,-0.43517,-0.40036,-0.35888,-0.31026,-0.25454,-0.1954,-0.13728,-0.083962,-0.038793,-0.0021782,0.026259,0.046447,0.058987,0.063389,0.059387,0.047572,0.027887,0.00070956,-0.033337,-0.073705,-0.11812,-0.16475,-0.21237,-0.25965,-0.30609,-0.3501,-0.38986,-0.425,-0.45502,-0.48131,-0.50526,-0.52636,-0.5446,-0.55874,-0.56835,-0.57527,-0.57957,-0.58272,-0.58592,-0.58779,-0.58943,-0.59074,-0.59161,-0.59326,-0.5941,-0.59384,-0.59339,-0.59214,-0.59243,-0.59558,-0.60141,-0.60956,-0.61729,-0.62273,-0.62616,-0.628,-0.62986,-0.63208,-0.63385,-0.63577,-0.63904,-0.64477,-0.65249,-0.65969,-0.66612,-0.67569,-0.69385,-0.72282,-0.75664,-0.78419,-0.79741,-0.79655
-0.95297,-0.88983,-0.81065,-0.71368,-0.59764,-0.46199,-0.30855,-0.13807,0.047526,0.2455,0.45252,0.66381,0.87605,1.0862,1.2917,1.49,1.6782,1.8547,2.0186,2.169,2.3047,2.4237,2.5247,2.607,2.67,2.7133,2.7359,2.7377,2.7207,2.6873,2.6404,2.583,2.5179,2.4496,2.3813,2.3154,2.2526,2.1918,2.1324,2.0726,2.0101,1.9424,1.8665,1.782,1.6888,1.5877,1.4803,1.3675,1.2522,1.137,1.0243,0.91627,0.81432,0.72075,0.6372,0.56498,0.505,0.45683,0.42146,0.39865,0.38777,0.38792,0.3969,0.41488,0.44055,0.47199,0.50709,0.5423,0.57744,0.61093,0.64068,0.66503,0.68153,0.69199,0.69746,0.69799,0.69363,0.68316,0.66862,0.65147,0.63133,0.60769,0.57924,0.54742,0.51438,0.48029,0.44509,0.40775,0.36861,0.32901,0.2878,0.2436,0.19457,0.14016,0.082588,0.02251,-0.038873,-0.10023,-0.16,-0.21393,-0.26056,-0.29952,-0.3317,-0.35979,-0.38376,-0.40596,-0.42867,-0.45366,-0.48336,-0.51553,-0.54918,-0.58306,-0.61595,-0.64856,-0.67871,-0.70633,-0.73201,-0.7565,-0.78193,-0.80698,-0.83108,-0.85379,-0.87465,-0.89469,-0.91247,-0.92752,-0.94035,-0.95164,-0.96323,-0.97451,-0.98456,-0.99313,-0.9999,-1.0056,-1.0095,-1.0103,-1.0079,-1.0025,-0.99465,-0.98391,-0.9684,-0.94729,-0.91985,-0.88626,-0.84678,-0.80062,-0.74864,-0.6922,-0.63334,-0.57434,-0.51561,-0.4584,-0.40379,-0.35284,-0.30695,-0.26551,-0.22872,-0.19664,-0.16931,-0.1474,-0.1296,-0.1154,-0.10425,-0.095649,-0.089932,-0.085893,-0.0831,-0.08122,-0.079995,-0.079761,-0.079842,-0.079908,-0.079748,-0.079225,-0.078666,-0.077873,-0.07682,-0.075628,-0.074457,-0.073716,-0.073413,-0.073435,-0.073685,-0.074015,-0.074442,-0.07481,-0.074902,-0.074696,-0.074309,-0.074153,-0.074675,-0.076254,-0.079422,-0.084693,-0.092617,-0.10352,-0.11732,-0.13389,-0.15293,-0.17408,-0.19678,-0.22008,-0.24342,-0.26641,-0.2889,-0.31088,-0.33185,-0.35204,-0.37183,-0.39172,-0.41227,-0.43294,-0.45394,-0.47545,-0.49757,-0.52067,-0.54369,-0.56651,-0.58909,-0.61137,-0.63369,-0.65494,-0.67494,-0.69369,-0.7112,-0.72793,-0.74305,-0.75653,-0.76858,-0.77946,-0.78979,-0.79902,-0.80715,-0.81453,-0.82153,-0.82893,-0.83643,-0.84406,-0.85215,-0.86094,-0.87086,-0.88132,-0.89177,-0.9021,-0.91229,-0.92264,-0.93288,-0.94266,-0.95222,-0.96177,-0.97164,-0.98163,-0.99107,-0.99989,-1.0081,-1.0161,-1.0241,-1.0318,-1.0396,-1.0479,-1.0567,-1.066,-1.0747,-1.0825,-1.0887,-1.0931,-1.0959,-1.0966,-1.0959,-1.0943
-1.1904,-1.1487,-1.0892,-1.0049,-0.89296,-0.74811,-0.56617,-0.3496,-0.10335,0.16718,0.45165,0.73727,1.0143,1.2722,1.5004,1.6951,1.8547,1.9778,2.0694,2.1346,2.1764,2.1993,2.2064,2.1975,2.173,2.1341,2.0814,2.0165,1.9424,1.8607,1.7712,1.676,1.5762,1.4721,1.3681,1.2675,1.1688,1.0744,0.98392,0.8932,0.80418,0.71891,0.63586,0.5577,0.48578,0.41601,0.34765,0.2821,0.21689,0.15269,0.095044,0.043235,-0.0049943,-0.045029,-0.07905,-0.1119,-0.13586,-0.14958,-0.15357,-0.13904,-0.10295,-0.046851,0.032598,0.13375,0.24811,0.36889,0.48814,0.59412,0.67928,0.7421,0.77997,0.79247,0.78554,0.76137,0.72072,0.66977,0.61009,0.54062,0.46372,0.37919,0.28537,0.18472,0.080474,-0.025318,-0.12888,-0.22615,-0.31622,-0.39884,-0.47213,-0.53665,-0.59395,-0.64253,-0.68378,-0.7208,-0.75328,-0.78247,-0.81014,-0.83378,-0.85203,-0.86622,-0.87572,-0.881,-0.88582,-0.89152,-0.89557,-0.89854,-0.90214,-0.902,-0.89875,-0.89863,-0.8974,-0.89469,-0.89437,-0.89238,-0.88645,-0.88034,-0.87493,-0.8695,-0.86737,-0.87023,-0.87374,-0.87674,-0.88083,-0.88169,-0.87858,-0.87593,-0.87,-0.85848,-0.84362,-0.81884,-0.77675,-0.71323,-0.62004,-0.48973,-0.32398,-0.12939,0.085956,0.30771,0.52037,0.71634,0.88887,1.0311,1.1451,1.2331,1.2953,1.3398,1.3734,1.3988,1.4213,1.4433,1.4633,1.4807,1.4956,1.5062,1.5114,1.5123,1.5091,1.5026,1.4962,1.4929,1.4943,1.5029,1.518,1.5352,1.5507,1.5589,1.5534,1.5318,1.4927,1.4342,1.3589,1.2694,1.1667,1.0556,0.94199,0.82771,0.71555,0.60967,0.50874,0.41052,0.31819,0.22952,0.14013,0.053231,-0.032888,-0.12108,-0.20611,-0.28566,-0.36052,-0.42704,-0.48415,-0.53518,-0.58001,-0.61703,-0.64885,-0.67694,-0.699,-0.7177,-0.73655,-0.7513,-0.76336,-0.77623,-0.78611,-0.79417,-0.80358,-0.81128,-0.81668,-0.82228,-0.82743,-0.83193,-0.83802,-0.84498,-0.84945,-0.85077,-0.84903,-0.84264,-0.83406,-0.8273,-0.8215,-0.8171,-0.81429,-0.81015,-0.80379,-0.79672,-0.79003,-0.78551,-0.78538,-0.78963,-0.79659,-0.80496,-0.81336,-0.82043,-0.82659,-0.83272,-0.83852,-0.84431,-0.8503,-0.85555,-0.86012,-0.86439,-0.86771,-0.86992,-0.87129,-0.87163,-0.8715,-0.87227,-0.87474,-0.87936,-0.88667,-0.8965,-0.90796,-0.92072,-0.93453,-0.94847,-0.96285,-0.97855,-0.99529,-1.0132,-1.0323,-1.0513,-1.0704,-1.0914,-1.1159,-1.1449,-1.1775,-1.2096,-1.2354,-1.2513,-1.2566,-1.2541
-0.85522,-0.76482,-0.65314,-0.52082,-0.36984,-0.20358,-0.027617,0.15382,0.33602,0.51483,0.68697,0.84938,1.0014,1.1431,1.2751,1.3983,1.5132,1.6207,1.7216,1.8162,1.9049,1.9874,2.064,2.1346,2.1989,2.2558,2.3036,2.3405,2.3643,2.3729,2.3646,2.3384,2.2949,2.2359,2.1641,2.0831,1.9962,1.9074,1.8194,1.734,1.6522,1.573,1.4952,1.417,1.336,1.2501,1.1575,1.0574,0.95008,0.8366,0.71897,0.59946,0.48131,0.36739,0.26011,0.16118,0.070777,-0.010081,-0.082101,-0.1465,-0.20464,-0.25885,-0.30817,-0.35331,-0.39478,-0.43288,-0.46911,-0.50087,-0.52835,-0.55206,-0.57259,-0.59211,-0.60788,-0.62042,-0.63046,-0.63872,-0.64758,-0.65405,-0.65876,-0.66261,-0.66645,-0.6727,-0.6781,-0.68297,-0.68783,-0.69311,-0.7007,-0.70736,-0.71321,-0.71865,-0.72404,-0.73104,-0.73687,-0.74164,-0.74576,-0.74964,-0.7549,-0.75941,-0.76349,-0.76759,-0.77203,-0.77781,-0.78293,-0.78722,-0.79066,-0.79336,-0.79608,-0.7978,-0.79885,-0.79972,-0.80083,-0.80284,-0.80496,-0.80713,-0.80932,-0.8115,-0.81401,-0.81625,-0.81837,-0.82061,-0.82323,-0.82684,-0.83082,-0.83503,-0.8393,-0.84349,-0.84822,-0.85272,-0.85696,-0.86097,-0.86482,-0.86948,-0.87408,-0.87838,-0.88211,-0.88509,-0.8883,-0.89089,-0.89287,-0.89438,-0.89575,-0.89863,-0.90237,-0.90704,-0.91265,-0.91921,-0.92823,-0.93844,-0.94939,-0.96055,-0.97147,-0.9835,-0.99498,-1.0053,-1.0139,-1.0205,-1.0271,-1.0323,-1.0357,-1.0369,-1.0355,-1.0332,-1.0279,-1.0186,-1.0039,-0.98321,-0.95832,-0.92747,-0.89042,-0.84729,-0.7987,-0.74821,-0.69539,-0.64117,-0.58641,-0.53207,-0.48149,-0.43384,-0.38924,-0.34745,-0.3081,-0.27273,-0.23921,-0.20625,-0.1724,-0.13638,-0.098835,-0.057905,-0.013017,0.035972,0.088654,0.14286,0.19836,0.25418,0.30952,0.36382,0.41585,0.46634,0.51575,0.56462,0.61338,0.66163,0.70977,0.7577,0.80524,0.85228,0.89853,0.94438,0.99027,1.0366,1.0837,1.1314,1.1793,1.2265,1.2716,1.313,1.3491,1.3783,1.3995,1.4116,1.4143,1.4074,1.3914,1.3666,1.3335,1.2928,1.2445,1.1897,1.1288,1.0623,0.99093,0.91499,0.83621,0.75555,0.6739,0.59205,0.51025,0.42996,0.3515,0.27502,0.20064,0.1279,0.058063,-0.0089761,-0.073596,-0.13638,-0.19875,-0.26003,-0.32095,-0.38208,-0.44354,-0.5057,-0.56598,-0.62341,-0.67729,-0.72724,-0.77422,-0.81674,-0.85558,-0.89167,-0.92561,-0.95842,-0.98731,-1.0114,-1.0301,-1.0429,-1.0513,-1.0537,-1.0517,-1.0474
-0.88923,-0.86759,-0.8383,-0.7982,-0.74953,-0.69088,-0.61954,-0.53841,-0.45102,-0.35656,-0.25807,-0.16155,-0.064422,0.035199,0.13491,0.2423,0.36365,0.49736,0.64662,0.81183,0.98611,1.1634,1.34,1.5089,1.6633,1.802,1.9228,2.0212,2.0996,2.1602,2.2025,2.2325,2.2567,2.2786,2.3042,2.3385,2.3824,2.4353,2.4952,2.5569,2.6136,2.6606,2.6929,2.7069,2.703,2.6813,2.6415,2.5863,2.5161,2.4311,2.3353,2.2324,2.1254,2.0205,1.9211,1.8263,1.7349,1.6446,1.5487,1.442,1.3266,1.2026,1.0716,0.94367,0.82145,0.70191,0.58581,0.46889,0.34523,0.21769,0.091768,-0.029925,-0.14291,-0.24206,-0.32997,-0.41054,-0.47909,-0.53729,-0.58891,-0.62904,-0.65981,-0.68707,-0.70892,-0.72493,-0.73808,-0.74703,-0.74933,-0.74797,-0.74584,-0.7405,-0.73428,-0.73212,-0.72981,-0.72823,-0.73034,-0.73259,-0.73389,-0.7364,-0.73941,-0.74205,-0.74591,-0.75096,-0.75349,-0.75138,-0.74336,-0.7245,-0.69292,-0.65078,-0.59806,-0.53753,-0.47527,-0.41543,-0.36032,-0.31253,-0.27252,-0.23651,-0.20146,-0.16628,-0.12814,-0.087325,-0.048327,-0.013082,0.015988,0.035756,0.046984,0.051767,0.051237,0.04701,0.040967,0.033497,0.024859,0.017184,0.012573,0.012962,0.021912,0.04215,0.07466,0.12077,0.17966,0.24785,0.32103,0.39348,0.45838,0.51016,0.54482,0.55939,0.55337,0.52926,0.4904,0.44108,0.38761,0.33379,0.2805,0.2292,0.17841,0.12555,0.07101,0.015134,-0.042601,-0.10124,-0.15962,-0.21784,-0.27487,-0.32738,-0.37387,-0.41459,-0.44795,-0.47519,-0.49901,-0.5186,-0.53433,-0.54823,-0.5604,-0.57165,-0.58407,-0.59713,-0.60842,-0.61761,-0.62483,-0.62847,-0.63023,-0.63303,-0.63443,-0.63439,-0.6339,-0.63087,-0.62529,-0.61868,-0.61023,-0.59892,-0.58508,-0.56855,-0.54887,-0.52781,-0.50764,-0.48852,-0.47134,-0.45698,-0.44416,-0.43289,-0.42436,-0.41903,-0.41746,-0.42007,-0.42571,-0.43266,-0.44031,-0.44895,-0.45908,-0.4718,-0.48757,-0.5045,-0.52064,-0.53492,-0.54656,-0.55659,-0.56703,-0.57878,-0.59164,-0.60484,-0.617,-0.62687,-0.63468,-0.64152,-0.64799,-0.65511,-0.66395,-0.67364,-0.68395,-0.69511,-0.70622,-0.7169,-0.7271,-0.73564,-0.74156,-0.74489,-0.74577,-0.74486,-0.74386,-0.74404,-0.74515,-0.74713,-0.74972,-0.75164,-0.75276,-0.75341,-0.7532,-0.75232,-0.75152,-0.75103,-0.751,-0.75144,-0.7514,-0.74957,-0.74587,-0.74149,-0.73798,-0.73743,-0.74109,-0.7485,-0.75942,-0.77454,-0.79484,-0.82105,-0.85202,-0.88347,-0.90952,-0.92571,-0.93105,-0.92841
-0.72989,-0.65774,-0.57248,-0.47135,-0.35266,-0.22085,-0.077881,0.07168,0.22309,0.37049,0.51445,0.65791,0.8053,0.95891,1.1216,1.2933,1.4717,1.6514,1.8281,1.9981,2.1582,2.3051,2.4372,2.5536,2.6538,2.7373,2.805,2.8585,2.8992,2.9269,2.9417,2.9432,2.9306,2.9021,2.858,2.7997,2.7296,2.6491,2.5603,2.4653,2.3646,2.2563,2.1389,2.0113,1.8726,1.7221,1.5621,1.3963,1.229,1.0631,0.9029,0.75191,0.61183,0.48232,0.36515,0.26168,0.1718,0.09365,0.028098,-0.024576,-0.065875,-0.098499,-0.12102,-0.13194,-0.1319,-0.12321,-0.10459,-0.07527,-0.037562,0.0046261,0.051309,0.10254,0.15484,0.20279,0.24435,0.27839,0.30156,0.31099,0.30896,0.30022,0.28687,0.26939,0.24969,0.22961,0.20723,0.17984,0.14762,0.1132,0.077341,0.0402,0.0027113,-0.033802,-0.070814,-0.11038,-0.15313,-0.19756,-0.2427,-0.28736,-0.32994,-0.36837,-0.4025,-0.43303,-0.46074,-0.48546,-0.50778,-0.5283,-0.54742,-0.56453,-0.58001,-0.59456,-0.60893,-0.62214,-0.63427,-0.6457,-0.65738,-0.66777,-0.67707,-0.68603,-0.69648,-0.7068,-0.71715,-0.72784,-0.74031,-0.75206,-0.76253,-0.7716,-0.78098,-0.78868,-0.79476,-0.79953,-0.80495,-0.80893,-0.8111,-0.81132,-0.81144,-0.80986,-0.80669,-0.80223,-0.79841,-0.79385,-0.78834,-0.78176,-0.77542,-0.76767,-0.75715,-0.74189,-0.72044,-0.68885,-0.64406,-0.5843,-0.51081,-0.42537,-0.33223,-0.23715,-0.14709,-0.066751,0.0006853,0.054103,0.09373,0.12244,0.1437,0.16068,0.17513,0.18854,0.20121,0.21252,0.22092,0.22565,0.2264,0.22331,0.21661,0.20731,0.19656,0.18524,0.17355,0.16175,0.1499,0.13776,0.12465,0.11014,0.093839,0.075281,0.05387,0.029476,0.0023164,-0.027171,-0.058426,-0.090377,-0.12183,-0.15186,-0.18004,-0.20593,-0.22949,-0.25122,-0.2721,-0.29226,-0.31176,-0.33092,-0.35024,-0.36895,-0.3864,-0.40276,-0.4188,-0.43426,-0.44895,-0.46349,-0.47883,-0.4946,-0.51016,-0.5257,-0.54174,-0.55779,-0.57316,-0.5882,-0.60362,-0.61919,-0.63421,-0.64883,-0.66349,-0.67774,-0.69064,-0.7023,-0.71312,-0.72295,-0.73116,-0.73816,-0.74464,-0.75079,-0.75623,-0.7614,-0.76682,-0.77243,-0.77754,-0.78217,-0.78653,-0.79063,-0.79403,-0.79704,-0.80007,-0.80324,-0.80603,-0.80851,-0.8109,-0.81339,-0.81565,-0.81794,-0.8205,-0.82332,-0.82576,-0.82774,-0.8294,-0.831,-0.83242,-0.83393,-0.83562,-0.83732,-0.83836,-0.83869,-0.8388,-0.83979,-0.84265,-0.84849,-0.85771,-0.86968,-0.88243,-0.89383,-0.90206,-0.90631,-0.90671,-0.90462
-1.4655,-1.4248,-1.3642,-1.283,-1.1817,-1.0617,-0.92716,-0.77998,-0.62192,-0.4548,-0.28053,-0.10249,0.076482,0.25412,0.4276,0.59411,0.7505,0.89418,1.025,1.1434,1.2506,1.3476,1.4349,1.5151,1.5893,1.6586,1.7228,1.78,1.8303,1.873,1.9071,1.932,1.9449,1.9461,1.9358,1.9148,1.8844,1.8447,1.7973,1.7454,1.6914,1.6377,1.5851,1.5338,1.4854,1.4403,1.3985,1.3588,1.3185,1.2779,1.2364,1.1935,1.1486,1.0994,1.047,0.99219,0.93573,0.87853,0.81918,0.75977,0.70168,0.64598,0.59348,0.54272,0.49482,0.45106,0.41183,0.37745,0.34657,0.31965,0.2991,0.28569,0.28013,0.28192,0.29041,0.30864,0.33658,0.37364,0.41827,0.46654,0.52057,0.57865,0.63888,0.69938,0.7554,0.80941,0.86074,0.90835,0.95125,0.98621,1.015,1.0383,1.0559,1.0677,1.0725,1.0721,1.0692,1.065,1.0606,1.0555,1.0501,1.0467,1.045,1.0444,1.0439,1.0414,1.0391,1.0367,1.0337,1.0295,1.0216,1.012,1.0004,0.98632,0.96925,0.94764,0.92343,0.89778,0.87128,0.84437,0.81623,0.78755,0.75903,0.73021,0.70048,0.66865,0.63443,0.59922,0.56326,0.5268,0.48963,0.45104,0.41279,0.37469,0.33641,0.29768,0.25672,0.21626,0.17665,0.13814,0.10082,0.063114,0.026806,-0.0080315,-0.042079,-0.076016,-0.11148,-0.14722,-0.18186,-0.21498,-0.24614,-0.27579,-0.30328,-0.32707,-0.34759,-0.36568,-0.38271,-0.40002,-0.41615,-0.43155,-0.44661,-0.46162,-0.47805,-0.49316,-0.5069,-0.51947,-0.53119,-0.54379,-0.55545,-0.5661,-0.57623,-0.58633,-0.59793,-0.60994,-0.62169,-0.63335,-0.64505,-0.65757,-0.6703,-0.68186,-0.69228,-0.70178,-0.71116,-0.72106,-0.73034,-0.73942,-0.74875,-0.75872,-0.77029,-0.78148,-0.79202,-0.8018,-0.81081,-0.82016,-0.82865,-0.83649,-0.84427,-0.85256,-0.86246,-0.87323,-0.88435,-0.89562,-0.9068,-0.91803,-0.92869,-0.93799,-0.94599,-0.95291,-0.9593,-0.96543,-0.97079,-0.97562,-0.9802,-0.98483,-0.98993,-0.99476,-0.99947,-1.0043,-1.0093,-1.0151,-1.0206,-1.0256,-1.0302,-1.0342,-1.038,-1.041,-1.0432,-1.0449,-1.0464,-1.0485,-1.0509,-1.0537,-1.0569,-1.0607,-1.0656,-1.0714,-1.0778,-1.0848,-1.0926,-1.1011,-1.1103,-1.1195,-1.1284,-1.1372,-1.1458,-1.1549,-1.1642,-1.174,-1.1845,-1.1959,-1.2083,-1.2212,-1.2341,-1.247,-1.2603,-1.2746,-1.2903,-1.3081,-1.3284,-1.3513,-1.3765,-1.4025,-1.4275,-1.4495,-1.4672,-1.4795,-1.4863,-1.488,-1.4859,-1.4818
-0.4405,-0.41937,-0.40125,-0.38548,-0.37057,-0.35522,-0.33862,-0.32087,-0.30297,-0.28638,-0.27242,-0.26144,-0.25318,-0.24691,-0.24208,-0.23782,-0.23371,-0.22968,-0.22621,-0.22352,-0.22199,-0.22225,-0.22539,-0.23236,-0.24347,-0.25832,-0.27553,-0.29305,-0.30806,-0.31838,-0.32313,-0.3235,-0.32148,-0.31976,-0.32051,-0.32494,-0.33197,-0.33885,-0.34253,-0.34141,-0.33568,-0.32575,-0.31377,-0.30286,-0.29793,-0.29769,-0.30023,-0.30261,-0.30586,-0.30641,-0.30182,-0.29142,-0.27882,-0.26685,-0.25502,-0.24357,-0.23374,-0.22851,-0.22504,-0.22199,-0.21834,-0.21766,-0.21729,-0.21659,-0.21522,-0.21573,-0.21824,-0.22173,-0.22545,-0.22944,-0.23345,-0.23423,-0.22892,-0.2146,-0.18947,-0.14856,-0.087268,-0.00070965,0.11481,0.26396,0.44989,0.67349,0.93237,1.2213,1.5326,1.8555,2.1776,2.4858,2.7685,3.0154,3.2188,3.3739,3.4795,3.5369,3.5496,3.5229,3.4631,3.3775,3.2727,3.1553,3.0311,2.9047,2.7793,2.6565,2.5363,2.4178,2.2994,2.1788,2.0543,1.9249,1.7903,1.651,1.5077,1.3621,1.2158,1.0708,0.92896,0.7923,0.66313,0.54307,0.43317,0.33341,0.24406,0.16406,0.091997,0.025982,-0.033795,-0.087629,-0.13607,-0.18027,-0.21949,-0.2527,-0.28114,-0.30663,-0.33097,-0.35108,-0.36811,-0.38333,-0.3996,-0.41299,-0.42373,-0.43308,-0.44344,-0.45281,-0.45981,-0.46526,-0.47064,-0.47605,-0.47922,-0.48102,-0.48242,-0.48544,-0.48698,-0.4874,-0.48728,-0.48798,-0.48784,-0.48662,-0.48502,-0.4842,-0.48397,-0.48362,-0.48345,-0.48379,-0.48483,-0.48545,-0.48561,-0.48545,-0.48542,-0.485,-0.48436,-0.48378,-0.48366,-0.48391,-0.48441,-0.48522,-0.48643,-0.48802,-0.48978,-0.4917,-0.4938,-0.49613,-0.49844,-0.50066,-0.50279,-0.50491,-0.50702,-0.5091,-0.51119,-0.51327,-0.51523,-0.51683,-0.5179,-0.5184,-0.51855,-0.51844,-0.51829,-0.51832,-0.51874,-0.51947,-0.52032,-0.52109,-0.52162,-0.52179,-0.52158,-0.52111,-0.52062,-0.52032,-0.52032,-0.52069,-0.52134,-0.52209,-0.52261,-0.52267,-0.52218,-0.52127,-0.5201,-0.51879,-0.51742,-0.51586,-0.51384,-0.51101,-0.50725,-0.5027,-0.4978,-0.49303,-0.48872,-0.48478,-0.48063,-0.47535,-0.46815,-0.4588,-0.448,-0.43729,-0.42868,-0.42403,-0.42435,-0.42944,-0.43794,-0.44785,-0.45727,-0.4651,-0.47132,-0.47692,-0.48328,-0.4915,-0.50174,-0.51306,-0.52364,-0.53136,-0.53451,-0.53228,-0.52506,-0.51426,-0.50192,-0.49016,-0.48082,-0.47511,-0.47357,-0.47602,-0.48182,-0.48992,-0.49912,-0.50823,-0.51622,-0.5224,-0.5265,-0.52865,-0.5293,-0.52906
-0.8572,-0.85725,-0.8572,-0.85675,-0.85558,-0.8535,-0.85188,-0.85112,-0.85028,-0.84894,-0.84672,-0.84397,-0.84282,-0.84158,-0.83974,-0.83676,-0.83231,-0.82866,-0.8251,-0.82082,-0.81532,-0.80826,-0.8006,-0.79377,-0.78636,-0.77795,-0.76815,-0.75679,-0.74674,-0.73637,-0.72544,-0.71364,-0.70077,-0.68813,-0.67595,-0.66295,-0.6482,-0.6305,-0.60889,-0.58344,-0.55137,-0.51064,-0.45925,-0.39546,-0.31927,-0.22955,-0.12563,-0.0076397,0.12371,0.26663,0.41866,0.57818,0.74294,0.91057,1.0786,1.2438,1.4044,1.5585,1.7045,1.8411,1.9668,2.0805,2.182,2.271,2.3475,2.4114,2.4628,2.5024,2.5311,2.5496,2.5593,2.5608,2.5556,2.5447,2.5289,2.5087,2.4843,2.4554,2.4217,2.3828,2.3382,2.2877,2.2309,2.1684,2.1007,2.0283,1.9522,1.8728,1.7909,1.7068,1.6208,1.5331,1.4438,1.3532,1.2618,1.1701,1.0788,0.98857,0.89976,0.81331,0.72969,0.64912,0.57167,0.49707,0.4254,0.35713,0.29203,0.22979,0.17014,0.11183,0.056414,0.0035507,-0.047205,-0.096224,-0.14462,-0.19111,-0.2347,-0.27544,-0.31351,-0.34953,-0.38415,-0.41516,-0.44299,-0.46835,-0.49197,-0.51613,-0.53867,-0.55925,-0.57828,-0.59618,-0.61432,-0.6326,-0.64904,-0.66383,-0.67732,-0.68985,-0.70409,-0.71661,-0.72738,-0.73657,-0.74441,-0.75267,-0.7604,-0.76647,-0.77114,-0.7748,-0.77834,-0.78317,-0.78725,-0.79063,-0.79347,-0.79594,-0.79975,-0.8034,-0.80633,-0.80855,-0.8101,-0.81177,-0.81384,-0.81518,-0.81576,-0.81562,-0.81485,-0.81485,-0.81407,-0.81225,-0.80902,-0.8039,-0.7969,-0.787,-0.77284,-0.75354,-0.72832,-0.6968,-0.65916,-0.61478,-0.56394,-0.50731,-0.4458,-0.38105,-0.31395,-0.24564,-0.17735,-0.11023,-0.045569,0.015563,0.072654,0.12506,0.17226,0.21385,0.24918,0.27848,0.30188,0.31967,0.33235,0.34039,0.34459,0.34592,0.34527,0.34345,0.34107,0.33845,0.3359,0.33335,0.33048,0.32677,0.32154,0.31416,0.30402,0.29063,0.27365,0.25293,0.22855,0.20079,0.17007,0.13689,0.10183,0.06545,0.02835,-0.0089604,-0.04605,-0.082565,-0.11824,-0.15281,-0.18605,-0.21778,-0.2478,-0.27592,-0.30197,-0.32565,-0.34688,-0.36567,-0.38216,-0.39679,-0.40967,-0.4212,-0.43194,-0.4424,-0.4532,-0.46451,-0.47613,-0.48828,-0.50117,-0.51498,-0.53038,-0.54649,-0.56343,-0.58132,-0.60013,-0.62009,-0.64028,-0.65993,-0.67876,-0.69667,-0.71383,-0.73059,-0.74636,-0.76152,-0.77647,-0.79138,-0.80667,-0.82109,-0.83391,-0.84463,-0.85286,-0.8587,-0.86205,-0.86276,-0.86157,-0.85942
