1.0762,1.0762,1.0762,1.0762,1.0762,1.0762,1.0762,1.0762,1.0762,1.0762,1.0762,1.0762,1.0762,1.0762,1.0762,1.0762,1.0762,1.0762,1.0762,1.0762,1.0762,1.0762,1.0762,1.0762,1.0762,1.0762,1.0762,1.0762,1.0762,1.0762,1.0762,1.0762,1.0762,1.0762,1.0762,1.0762,1.0762,1.0762,1.0762,1.0762,1.0762,1.0762,1.0762,1.0762,1.0762,1.0762,1.0762,1.0762,1.0762,1.0762,1.0762,1.0762,1.0762,1.0762,1.0762,1.0762,1.0762,1.0762,1.0762,1.0762,1.0762,1.0762,1.0762,1.0762,1.0807,1.0974,1.1162,1.1358,1.1555,1.1747,1.1933,1.2064,1.2194,1.2325,1.2456,1.2559,1.2617,1.2572,1.2507,1.2442,1.2376,1.2318,1.2293,1.2284,1.2284,1.2284,1.2284,1.2284,1.2229,1.2168,1.2102,1.2037,1.1974,1.1919,1.1904,1.1904,1.1904,1.1904,1.19,1.1847,1.1753,1.1623,1.1492,1.1361,1.123,1.1062,1.0881,1.0685,1.0489,1.0292,1.0096,0.99,0.97038,0.95075,0.93113,0.9115,0.89186,0.87224,0.85261,0.83299,0.81336,0.79373,0.77192,0.74867,0.7225,0.69633,0.67016,0.64399,0.62029,0.59872,0.57906,0.55943,0.53981,0.52018,0.50056,0.48093,0.4613,0.44168,0.42205,0.40243,0.3828,0.36317,0.34355,0.32392,0.3043,0.28467,0.26504,0.24542,0.22579,0.20617,0.18654,0.16586,0.14139,0.11579,0.089619,0.063451,0.037283,0.011115,-0.015053,-0.041222,-0.06739,-0.093558,-0.11972,-0.14589,-0.17206,-0.19823,-0.22439,-0.25056,-0.27633,-0.2991,-0.3201,-0.33974,-0.35936,-0.37899,-0.39862,-0.41824,-0.43787,-0.45749,-0.47712,-0.49675,-0.51637,-0.536,-0.55562,-0.57525,-0.59488,-0.61443,-0.63017,-0.64164,-0.64818,-0.65472,-0.66127,-0.66781,-0.67435,-0.68089,-0.68743,-0.69398,-0.70052,-0.70706,-0.71983,-0.7371,-0.75673,-0.77636,-0.79598,-0.81561,-0.83523,-0.85486,-0.87449,-0.89411,-0.91374,-0.93336,-0.95299,-0.97262,-0.99224,-1.0119,-1.0315,-1.0511,-1.0707,-1.0904,-1.11,-1.1296,-1.1492,-1.1689,-1.1885,-1.2081,-1.2278,-1.2474,-1.2666,-1.2852,-1.2983,-1.3113,-1.3244,-1.3375,-1.3478,-1.3536,-1.3491,-1.3426,-1.3361,-1.3295,-1.323,-1.3164,-1.3099,-1.3034,-1.2968,-1.2903,-1.2837,-1.2772,-1.2706,-1.2641,-1.2576,-1.251,-1.2445,-1.2379,-1.2314,-1.2248,-1.2183,-1.2119,-1.2081,-1.2062,-1.2062,-1.2062,-1.2062,-1.2062,-1.2025,-1.1975,-1.1909,-1.1844,-1.1778,-1.1713,-1.1686,-1.1681,-1.1681,-1.1681,-1.1681,-1.167,-1.1635,-1.157,-1.1505,-1.1439,-1.1374,-1.1308,-1.1243,-1.1178,-1.1112,-1.1047,-1.0981,-1.0916,-1.085,-1.0785,-1.072,-1.0654,-1.0589,-1.0523,-1.0458,-1.0392,-1.0327,-1.0262,-1.0206,-1.016,-1.016,-1.016,-1.016,-1.016,-1.016,-1.016,-1.016,-1.016,-1.016,-1.016,-1.0149,-1.0101,-1.0041,-0.99757,-0.99103,-0.98449,-0.97795
0.73557,0.73557,0.73557,0.73557,0.73557,0.73557,0.73557,0.73557,0.73557,0.73557,0.73557,0.73557,0.73557,0.73557,0.73557,0.73557,0.73557,0.73557,0.73557,0.73557,0.73557,0.73557,0.73557,0.73557,0.73557,0.73557,0.73557,0.73557,0.73557,0.73557,0.73557,0.73557,0.73557,0.73557,0.73557,0.73557,0.73557,0.73557,0.73557,0.73557,0.73557,0.73557,0.73557,0.73557,0.73557,0.73557,0.73557,0.73557,0.73557,0.74741,0.76452,0.7869,0.80945,0.83201,0.85456,0.87712,0.89967,0.92223,0.94478,0.96734,0.98989,1.0124,1.035,1.0576,1.0795,1.0981,1.1136,1.1248,1.1361,1.1474,1.1587,1.1699,1.1812,1.1925,1.2038,1.2144,1.224,1.224,1.224,1.224,1.224,1.224,1.2432,1.2644,1.287,1.3096,1.3321,1.3547,1.3772,1.3998,1.4223,1.4449,1.4592,1.4669,1.4682,1.4682,1.4682,1.4637,1.4521,1.4332,1.4107,1.3881,1.3664,1.3482,1.3333,1.322,1.3107,1.2994,1.2882,1.2769,1.2656,1.2543,1.2431,1.2318,1.2205,1.2092,1.1979,1.1867,1.1754,1.1641,1.1528,1.1416,1.1303,1.119,1.1077,1.0892,1.0684,1.0459,1.0233,1.0008,0.97353,0.94319,0.90978,0.87595,0.84212,0.81095,0.78334,0.75929,0.73673,0.71418,0.69162,0.66907,0.64652,0.62396,0.60141,0.57885,0.5563,0.53374,0.51119,0.48863,0.46608,0.44072,0.41163,0.36652,0.32141,0.2763,0.23119,0.18609,0.15225,0.11842,0.084586,0.050754,0.016922,-0.032937,-0.08652,-0.1429,-0.19929,-0.25568,-0.30148,-0.34153,-0.37584,-0.40967,-0.44351,-0.47734,-0.51117,-0.545,-0.57884,-0.61267,-0.6435,-0.66722,-0.68383,-0.69511,-0.70639,-0.71766,-0.72894,-0.74022,-0.7515,-0.76277,-0.77405,-0.78533,-0.79661,-0.80788,-0.81916,-0.83044,-0.84172,-0.85299,-0.86427,-0.87555,-0.88683,-0.8981,-0.90938,-0.92944,-0.95099,-0.97355,-0.9961,-1.0187,-1.0353,-1.0493,-1.0607,-1.0719,-1.0832,-1.0981,-1.1164,-1.138,-1.1606,-1.1831,-1.202,-1.2137,-1.2181,-1.2181,-1.2181,-1.2181,-1.2181,-1.2181,-1.2181,-1.2181,-1.2181,-1.2205,-1.2251,-1.2364,-1.2477,-1.259,-1.2696,-1.2792,-1.2792,-1.2792,-1.2792,-1.2792,-1.2792,-1.2792,-1.2792,-1.2792,-1.2792,-1.2792,-1.2792,-1.2792,-1.2792,-1.2792,-1.2792,-1.2792,-1.2792,-1.2792,-1.2792,-1.2792,-1.277,-1.2711,-1.2617,-1.2504,-1.2391,-1.2288,-1.2218,-1.2181,-1.2181,-1.2181,-1.2181,-1.2153,-1.21,-1.1987,-1.1874,-1.1761,-1.1649,-1.1536,-1.1423,-1.131,-1.1198,-1.1085,-1.0972,-1.0859,-1.0747,-1.0634,-1.0521,-1.0408,-1.0295,-1.0183,-1.007,-0.99571,-0.98443,-0.97316,-0.96188,-0.9506,-0.93932,-0.92805,-0.91677,-0.90549,-0.89421,-0.88294,-0.87166,-0.86156,-0.85495,-0.85183,-0.85183,-0.85183,-0.85183,-0.85183,-0.85183,-0.85183,-0.85183,-0.85183,-0.85323,-0.85649,-0.86777,-0.87905,-0.89033,-0.9016,-0.91288
1.3868,1.3868,1.3868,1.3868,1.3868,1.3868,1.3868,1.3868,1.3868,1.3868,1.3868,1.3868,1.3868,1.3868,1.3868,1.3868,1.3868,1.3868,1.3868,1.3868,1.3868,1.3868,1.3868,1.3868,1.3868,1.3868,1.3868,1.3868,1.3868,1.3868,1.3868,1.3868,1.3868,1.3868,1.3868,1.3868,1.3868,1.3868,1.3868,1.3868,1.3868,1.3919,1.4038,1.4374,1.4821,1.5239,1.5643,1.5978,1.6326,1.6695,1.7112,1.7559,1.7911,1.8229,1.834,1.8452,1.8564,1.8676,1.8787,1.8932,1.9088,1.9311,1.95,1.9589,1.9579,1.9467,1.9252,1.8999,1.8559,1.8102,1.7606,1.7082,1.6524,1.5895,1.5232,1.4461,1.3687,1.296,1.2255,1.1585,1.0915,1.0244,0.95743,0.89095,0.8299,0.77054,0.7147,0.66583,0.62239,0.58688,0.55381,0.53321,0.51515,0.50398,0.4962,0.49174,0.49058,0.49058,0.48379,0.47594,0.46477,0.44713,0.42157,0.39056,0.35705,0.30983,0.26026,0.20442,0.14555,0.082009,0.016286,-0.050726,-0.097124,-0.13933,-0.17284,-0.1953,-0.19604,-0.18996,-0.17879,-0.1608,-0.14107,-0.11873,-0.10371,-0.10744,-0.11501,-0.12618,-0.13062,-0.13285,-0.13288,-0.14113,-0.17786,-0.21826,-0.26293,-0.32732,-0.40028,-0.47811,-0.55629,-0.63447,-0.71265,-0.79084,-0.84994,-0.89834,-0.94347,-0.98472,-0.99886,-1.012,-1.0231,-1.0221,-1.0125,-1.0016,-0.98978,-0.96794,-0.94596,-0.92362,-0.90705,-0.89563,-0.8844,-0.87324,-0.87324,-0.87335,-0.87385,-0.88465,-0.90699,-0.92968,-0.95251,-0.98542,-1.0188,-1.0516,-1.08,-1.1023,-1.1234,-1.1437,-1.146,-1.1458,-1.1446,-1.1398,-1.1286,-1.1157,-1.1015,-1.0713,-1.038,-1.008,-0.98368,-0.97251,-0.96241,-0.95323,-0.95117,-0.95119,-0.95343,-0.95787,-0.96904,-0.98141,-0.99506,-1.015,-1.0373,-1.0596,-1.082,-1.1043,-1.1228,-1.1362,-1.1333,-1.1222,-1.1081,-1.0926,-1.0703,-1.048,-1.0256,-1.0033,-0.98095,-0.95861,-0.93628,-0.91394,-0.8916,-0.86926,-0.84693,-0.82459,-0.80225,-0.77991,-0.75758,-0.73639,-0.71852,-0.70397,-0.6928,-0.68507,-0.67862,-0.6784,-0.6784,-0.6784,-0.6784,-0.6784,-0.67489,-0.66968,-0.65905,-0.64867,-0.64297,-0.63944,-0.63944,-0.63591,-0.6302,-0.61983,-0.60866,-0.59749,-0.58632,-0.57516,-0.56747,-0.56251,-0.56151,-0.56151,-0.56151,-0.56151,-0.56151,-0.56151,-0.56151,-0.56151,-0.56151,-0.55471,-0.54686,-0.53569,-0.52776,-0.52379,-0.52254,-0.52254,-0.52254,-0.52254,-0.52254,-0.52254,-0.52254,-0.52254,-0.52254,-0.52254,-0.52254,-0.52254,-0.51978,-0.51159,-0.50169,-0.49052,-0.47935,-0.46819,-0.45702,-0.45073,-0.45693,-0.4657,-0.47687,-0.48131,-0.48355,-0.48357,-0.48357,-0.48357,-0.48357,-0.48357,-0.48357,-0.48357,-0.48357,-0.4852,-0.49488,-0.50517,-0.51633,-0.5275,-0.53867,-0.54984,-0.55987,-0.56086,-0.56151,-0.56151,-0.5676,-0.57802,-0.58906,-0.59842,-0.57758,-0.55629,-0.53396,-0.51162,-0.48928,-0.46694,-0.44461
0.6537,0.6537,0.6537,0.6537,0.6537,0.6537,0.6537,0.6537,0.6537,0.6537,0.6537,0.6537,0.6537,0.6537,0.6537,0.6537,0.6537,0.6537,0.6537,0.6537,0.6537,0.6537,0.6537,0.6537,0.6537,0.6537,0.6537,0.6537,0.6537,0.6537,0.65684,0.66227,0.68042,0.69857,0.71672,0.7276,0.73164,0.73285,0.73285,0.73285,0.73285,0.73285,0.73285,0.73285,0.73285,0.73285,0.73285,0.73285,0.74121,0.75155,0.76965,0.78834,0.80952,0.8362,0.8725,0.9088,0.94509,0.99157,1.0417,1.0958,1.1503,1.2047,1.2592,1.3136,1.3681,1.4225,1.477,1.5314,1.5859,1.6397,1.674,1.7048,1.723,1.74,1.7554,1.7618,1.7618,1.7618,1.7618,1.7618,1.7618,1.7618,1.7618,1.7618,1.7618,1.7618,1.7618,1.7618,1.7468,1.7295,1.7114,1.6933,1.6751,1.657,1.6388,1.6191,1.5984,1.5652,1.5289,1.4926,1.4517,1.3886,1.3222,1.2496,1.1836,1.1231,1.0802,1.0439,1.0076,0.97297,0.95356,0.93451,0.91636,0.90269,0.89412,0.89115,0.89115,0.89115,0.89115,0.89115,0.89115,0.89115,0.88085,0.85463,0.82259,0.78629,0.74999,0.71369,0.67739,0.64109,0.60479,0.5685,0.5322,0.4959,0.4596,0.43613,0.41849,0.41624,0.41601,0.41198,0.40011,0.36381,0.32751,0.29121,0.24704,0.19788,0.14451,0.090059,0.04106,-0.0057292,-0.042028,-0.078326,-0.11463,-0.14212,-0.16203,-0.18067,-0.19882,-0.2252,-0.25327,-0.28956,-0.32586,-0.36216,-0.39846,-0.43476,-0.47106,-0.50736,-0.54366,-0.57995,-0.61625,-0.65148,-0.68249,-0.70851,-0.72666,-0.74481,-0.76296,-0.79333,-0.82761,-0.86379,-0.90009,-0.93639,-0.97269,-1.009,-1.0445,-1.0793,-1.1028,-1.1209,-1.1391,-1.1572,-1.1754,-1.1935,-1.2117,-1.2298,-1.248,-1.2661,-1.2842,-1.3024,-1.3205,-1.3387,-1.3568,-1.375,-1.3872,-1.3882,-1.379,-1.3609,-1.3436,-1.3267,-1.3251,-1.3251,-1.3251,-1.3218,-1.3097,-1.2948,-1.2767,-1.2616,-1.2483,-1.2459,-1.2459,-1.2459,-1.2459,-1.2459,-1.2459,-1.2459,-1.2459,-1.2459,-1.2459,-1.2459,-1.245,-1.2419,-1.2238,-1.2056,-1.1875,-1.1751,-1.1688,-1.1668,-1.1668,-1.1629,-1.1577,-1.1396,-1.1214,-1.1033,-1.0851,-1.067,-1.0488,-1.0307,-1.0125,-0.99436,-0.97621,-0.95818,-0.94079,-0.92933,-0.92933,-0.92933,-0.92933,-0.92108,-0.90949,-0.89202,-0.87387,-0.85572,-0.83757,-0.81942,-0.80128,-0.78313,-0.76498,-0.74683,-0.72868,-0.71057,-0.70024,-0.69187,-0.69187,-0.69187,-0.69187,-0.69187,-0.69187,-0.69187,-0.69187,-0.70243,-0.71456,-0.73271,-0.74965,-0.76376,-0.77103,-0.77103,-0.77103,-0.77103,-0.77103,-0.77103,-0.77103,-0.76932,-0.76176,-0.74985,-0.7317,-0.71355,-0.6954,-0.67725,-0.65911,-0.64096,-0.62281,-0.60466,-0.58651,-0.56836,-0.55218,-0.53781,-0.53357,-0.53357,-0.53357,-0.53357,-0.53357,-0.53357,-0.53357,-0.53032,-0.52301,-0.50887,-0.49072,-0.47257,-0.45442
1.0335,1.0335,1.0335,1.0335,1.0335,1.0335,1.0335,1.0335,1.0335,1.0335,1.0335,1.0335,1.0335,1.0335,1.0335,1.0335,1.0335,1.0335,1.0335,1.0335,1.0335,1.0335,1.0335,1.0335,1.0335,1.0335,1.0335,1.0335,1.0335,1.0335,1.0335,1.0335,1.0335,1.0335,1.0335,1.0335,1.0335,1.0335,1.0335,1.0335,1.0335,1.0335,1.0335,1.0335,1.0335,1.0335,1.0335,1.0335,1.0335,1.0335,1.0335,1.0335,1.0335,1.0335,1.0335,1.0335,1.0335,1.0335,1.0335,1.0335,1.0335,1.0335,1.0335,1.0335,1.0335,1.0335,1.0335,1.0335,1.0335,1.0335,1.0335,1.0335,1.0335,1.0335,1.0335,1.0335,1.0335,1.0335,1.0335,1.0335,1.0335,1.032,1.0273,1.0218,1.0111,1.0003,0.9896,0.97887,0.9656,0.95161,0.93316,0.9117,0.89024,0.86878,0.84733,0.82587,0.80441,0.78295,0.76149,0.74003,0.71857,0.69743,0.67644,0.66072,0.64999,0.63926,0.62854,0.61781,0.60708,0.59635,0.60467,0.61353,0.62387,0.6346,0.64533,0.65606,0.66317,0.66551,0.66725,0.66725,0.66725,0.66725,0.66725,0.66725,0.66725,0.66725,0.66725,0.66725,0.66725,0.66725,0.66725,0.66725,0.66725,0.66725,0.66725,0.66725,0.66387,0.65967,0.65139,0.64066,0.62993,0.6192,0.60921,0.60128,0.59401,0.59401,0.59401,0.59401,0.59401,0.593,0.5916,0.58515,0.57442,0.56369,0.55296,0.54223,0.5315,0.52077,0.49931,0.47785,0.4564,0.43494,0.41348,0.39202,0.37483,0.36271,0.35097,0.34024,0.32951,0.31878,0.30805,0.29005,0.27139,0.25067,0.22921,0.20775,0.18629,0.16238,0.13439,0.10558,0.073399,0.04121,0.009022,-0.023166,-0.051078,-0.078136,-0.10154,-0.123,-0.14446,-0.16592,-0.18737,-0.20883,-0.23029,-0.25175,-0.27321,-0.29466,-0.31612,-0.33933,-0.36312,-0.3917,-0.42389,-0.45608,-0.48826,-0.52045,-0.55264,-0.58483,-0.61702,-0.64921,-0.6814,-0.71358,-0.74577,-0.77796,-0.81514,-0.85759,-0.90019,-0.9431,-0.98602,-1.0289,-1.0719,-1.098,-1.1232,-1.1456,-1.167,-1.1885,-1.2099,-1.2374,-1.2738,-1.3116,-1.3546,-1.3975,-1.4404,-1.4833,-1.5106,-1.5353,-1.5505,-1.5612,-1.572,-1.5827,-1.5904,-1.5918,-1.5915,-1.5808,-1.5701,-1.5594,-1.5486,-1.5404,-1.533,-1.53,-1.53,-1.53,-1.53,-1.53,-1.53,-1.53,-1.53,-1.53,-1.53,-1.53,-1.5296,-1.5292,-1.5234,-1.5127,-1.502,-1.4912,-1.4805,-1.4698,-1.4591,-1.4579,-1.4569,-1.4567,-1.4567,-1.4567,-1.4567,-1.4495,-1.4327,-1.4147,-1.3933,-1.3718,-1.3504,-1.3289,-1.3137,-1.2992,-1.2874,-1.2767,-1.2659,-1.2552,-1.2464,-1.2413,-1.237,-1.237,-1.237,-1.237,-1.237,-1.2336,-1.2294,-1.2211,-1.2104,-1.1997,-1.189,-1.1767,-1.1604,-1.1428,-1.1106,-1.0784,-1.0462,-1.014,-0.98081,-0.94723,-0.90858,-0.86566,-0.82275,-0.77983,-0.73691,-0.69399,-0.65107
1.0043,1.0043,1.0043,1.0043,1.0043,1.0043,1.0043,1.0043,1.0043,1.0043,1.0043,1.0043,1.0043,1.0043,1.0043,1.0043,1.0043,1.0043,1.0043,1.0043,1.0043,1.0043,1.0043,1.0043,1.0043,1.0043,1.0043,1.0043,1.0043,1.0043,1.0043,1.0043,1.0043,1.0043,1.0043,1.0043,1.0043,1.0043,1.0043,1.0043,1.0043,1.0043,1.0043,1.0043,1.0043,1.0043,1.0043,1.0043,1.0043,1.0043,1.0043,1.0043,1.0043,1.0043,1.0043,1.0043,1.0043,1.0043,1.0043,1.0043,1.0043,1.0043,1.0043,1.0043,1.0043,1.0043,1.0043,1.0043,1.0043,1.0063,1.0093,1.0208,1.0343,1.0478,1.0612,1.0742,1.0855,1.0923,1.099,1.1058,1.1125,1.1193,1.126,1.1328,1.1395,1.1463,1.153,1.1598,1.1665,1.1733,1.18,1.1867,1.1935,1.192,1.186,1.174,1.1605,1.147,1.1328,1.1128,1.091,1.0641,1.0371,1.0101,0.98692,0.96668,0.95613,0.94938,0.94263,0.93591,0.93042,0.92589,0.92589,0.92589,0.92589,0.92577,0.92552,0.92114,0.91439,0.90765,0.9009,0.89415,0.88741,0.88066,0.87391,0.86717,0.86042,0.85367,0.8414,0.82466,0.80544,0.78519,0.76495,0.74476,0.72852,0.71273,0.69923,0.68574,0.67225,0.65593,0.63644,0.61228,0.58529,0.5583,0.53131,0.50618,0.48159,0.46135,0.4411,0.42086,0.40024,0.379,0.35464,0.32766,0.30067,0.27368,0.24669,0.21971,0.18597,0.15224,0.1185,0.084769,0.051034,0.019936,-0.0080506,-0.035426,-0.062415,-0.089402,-0.11639,-0.13902,-0.16112,-0.18136,-0.2016,-0.22184,-0.24208,-0.26232,-0.28256,-0.3028,-0.32304,-0.34328,-0.36124,-0.37873,-0.39227,-0.40576,-0.41926,-0.43224,-0.44398,-0.45349,-0.46024,-0.46698,-0.47373,-0.48104,-0.48854,-0.50147,-0.51496,-0.52846,-0.54195,-0.55544,-0.56657,-0.57356,-0.58043,-0.58718,-0.59392,-0.60067,-0.61195,-0.62419,-0.63765,-0.65115,-0.66464,-0.67941,-0.6974,-0.71637,-0.73661,-0.75685,-0.77709,-0.80252,-0.82975,-0.8628,-0.89653,-0.93027,-0.9625,-0.98874,-1.0105,-1.024,-1.0375,-1.051,-1.0645,-1.0779,-1.0914,-1.1049,-1.1184,-1.1319,-1.1454,-1.1589,-1.1724,-1.1859,-1.1994,-1.2129,-1.2264,-1.2353,-1.2426,-1.2494,-1.2561,-1.2629,-1.2696,-1.2764,-1.2831,-1.2899,-1.2966,-1.3033,-1.3046,-1.3028,-1.2971,-1.2904,-1.2836,-1.2772,-1.2737,-1.2711,-1.2711,-1.2711,-1.2711,-1.2711,-1.2711,-1.2711,-1.2711,-1.2711,-1.2712,-1.2737,-1.2781,-1.2916,-1.3051,-1.3186,-1.3321,-1.3456,-1.3591,-1.3726,-1.3861,-1.3996,-1.413,-1.4254,-1.4269,-1.428,-1.428,-1.428,-1.428,-1.428,-1.428,-1.428,-1.428,-1.428,-1.4279,-1.4199,-1.411,-1.3976,-1.3841,-1.3706,-1.3571,-1.3436,-1.3301,-1.3166,-1.3031,-1.2896,-1.278,-1.2669,-1.2601,-1.2534,-1.2466,-1.2399,-1.2331,-1.2264,-1.2196,-1.2129,-1.2061,-1.1994,-1.1926
0.44573,0.44573,0.44573,0.44573,0.44573,0.44573,0.44573,0.44573,0.44573,0.44573,0.44573,0.44573,0.44573,0.44573,0.44573,0.44573,0.44573,0.44573,0.44573,0.44573,0.44573,0.44573,0.44573,0.44573,0.44573,0.44573,0.44573,0.44573,0.44573,0.44573,0.44573,0.44573,0.44573,0.44573,0.44573,0.44573,0.44573,0.44573,0.44573,0.44573,0.44573,0.44573,0.44573,0.44573,0.44573,0.44573,0.44573,0.44765,0.45534,0.46937,0.4834,0.49743,0.51146,0.52548,0.53951,0.55354,0.56757,0.5816,0.59563,0.60965,0.62623,0.64867,0.67672,0.70478,0.73284,0.76089,0.78895,0.81701,0.84506,0.87312,0.90118,0.92924,0.95729,0.98535,1.0134,1.0415,1.0695,1.0976,1.1256,1.1537,1.1817,1.2086,1.233,1.248,1.2621,1.2761,1.2901,1.3042,1.3182,1.3322,1.3462,1.3603,1.3743,1.3883,1.4008,1.4106,1.4112,1.4112,1.4112,1.4112,1.4112,1.4112,1.4112,1.4078,1.4004,1.3864,1.3724,1.3603,1.3511,1.3509,1.3509,1.3509,1.3509,1.3509,1.3509,1.3509,1.3469,1.3388,1.3247,1.3107,1.2991,1.2905,1.2905,1.2905,1.2898,1.2842,1.2728,1.2588,1.2448,1.2354,1.2302,1.2302,1.2302,1.2273,1.221,1.2069,1.1929,1.1789,1.1648,1.1508,1.1368,1.1228,1.098,1.0651,1.023,0.98093,0.94226,0.90733,0.87927,0.85121,0.82316,0.7951,0.76704,0.73899,0.71093,0.68287,0.65482,0.62676,0.5987,0.56269,0.51876,0.46264,0.40653,0.3539,0.31239,0.28162,0.25356,0.2255,0.19057,0.1519,0.10982,0.067731,0.03023,-0.0031795,-0.031236,-0.059293,-0.089519,-0.12546,-0.16653,-0.20861,-0.2507,-0.28508,-0.31604,-0.34409,-0.37215,-0.40544,-0.44287,-0.48495,-0.52704,-0.56649,-0.60012,-0.62889,-0.65695,-0.685,-0.71306,-0.74112,-0.76918,-0.79723,-0.82529,-0.85335,-0.8814,-0.90946,-0.93752,-0.96557,-0.99363,-1.0217,-1.0495,-1.0683,-1.0843,-1.0984,-1.1124,-1.1264,-1.1405,-1.1545,-1.1685,-1.1825,-1.1966,-1.2106,-1.2246,-1.2387,-1.2527,-1.2667,-1.2807,-1.2948,-1.3088,-1.3228,-1.3368,-1.3509,-1.3606,-1.3645,-1.3645,-1.3645,-1.3645,-1.3645,-1.3645,-1.3645,-1.3645,-1.3645,-1.3645,-1.3645,-1.3645,-1.3695,-1.3803,-1.3943,-1.4083,-1.4209,-1.4239,-1.4249,-1.4249,-1.4249,-1.4249,-1.4249,-1.4249,-1.4249,-1.4192,-1.4078,-1.3937,-1.3797,-1.3677,-1.3652,-1.3645,-1.3645,-1.3645,-1.3445,-1.3192,-1.2911,-1.2631,-1.2413,-1.2254,-1.2114,-1.1973,-1.1833,-1.1693,-1.1552,-1.1412,-1.1272,-1.1241,-1.1232,-1.1232,-1.1232,-1.1161,-1.1034,-1.0893,-1.0753,-1.0613,-1.0472,-1.0332,-1.0192,-1.0052,-0.9792,-0.95174,-0.92368,-0.89562,-0.87548,-0.86065,-0.84662,-0.83259,-0.82233,-0.82157,-0.82145,-0.82145,-0.82145,-0.82145,-0.82145,-0.82145,-0.82145,-0.82145,-0.82145,-0.82145,-0.82145,-0.82145,-0.82145,-0.82145,-0.82145,-0.82145
-1.4073,-1.4073,-1.4073,-1.4073,-1.4073,-1.4073,-1.4073,-1.4073,-1.4073,-1.4073,-1.4073,-1.4073,-1.4073,-1.4073,-1.4073,-1.4073,-1.4073,-1.4073,-1.4073,-1.4073,-1.4073,-1.4073,-1.4073,-1.4073,-1.4073,-1.4073,-1.4073,-1.4073,-1.4073,-1.4073,-1.4029,-1.3952,-1.3774,-1.3588,-1.3403,-1.3257,-1.3133,-1.3133,-1.3133,-1.3133,-1.3102,-1.3044,-1.2858,-1.2673,-1.2487,-1.2322,-1.2194,-1.2194,-1.2194,-1.2194,-1.2194,-1.2194,-1.2194,-1.2194,-1.2194,-1.2194,-1.2194,-1.2194,-1.2194,-1.2194,-1.2194,-1.2194,-1.2194,-1.2194,-1.2194,-1.2194,-1.2194,-1.2194,-1.2194,-1.2194,-1.2194,-1.2194,-1.2194,-1.2194,-1.2194,-1.2194,-1.2115,-1.2002,-1.1817,-1.1631,-1.1446,-1.1297,-1.1165,-1.1072,-1.0979,-1.0886,-1.0825,-1.0785,-1.0785,-1.0785,-1.0782,-1.0734,-1.0629,-1.0443,-1.0258,-1.0072,-0.98868,-0.97013,-0.95158,-0.93303,-0.91447,-0.89592,-0.87737,-0.85882,-0.84026,-0.82171,-0.80316,-0.77834,-0.75079,-0.72297,-0.69514,-0.66731,-0.64588,-0.62631,-0.60776,-0.58921,-0.57066,-0.55211,-0.53355,-0.515,-0.49645,-0.4779,-0.4655,-0.45426,-0.44498,-0.4357,-0.42525,-0.39982,-0.36928,-0.33217,-0.29507,-0.25796,-0.22086,-0.18375,-0.14665,-0.10954,-0.071504,-0.030809,0.01344,0.059821,0.1062,0.15067,0.19167,0.2232,0.25103,0.27886,0.30588,0.33191,0.35187,0.37042,0.38897,0.40607,0.42193,0.41501,0.40573,0.39646,0.38718,0.3779,0.3779,0.3779,0.3779,0.3779,0.37712,0.36874,0.35995,0.35067,0.3414,0.33352,0.33173,0.33092,0.33092,0.33092,0.33092,0.33092,0.33092,0.33092,0.33092,0.33519,0.34656,0.36324,0.38179,0.40035,0.4189,0.43745,0.456,0.47455,0.49311,0.50947,0.52413,0.5338,0.54308,0.55235,0.56556,0.58108,0.60891,0.63674,0.66457,0.69239,0.72022,0.74805,0.77588,0.80371,0.83053,0.85547,0.87403,0.89258,0.91113,0.9294,0.94494,0.95422,0.9635,0.97277,0.98205,0.99133,1.0006,1.0099,1.0192,1.0284,1.0377,1.047,1.0563,1.0655,1.0748,1.0881,1.1043,1.1227,1.1412,1.1598,1.1783,1.1969,1.2154,1.234,1.2526,1.2633,1.2705,1.2705,1.2705,1.2705,1.2705,1.2705,1.2705,1.2705,1.2705,1.2705,1.2705,1.2705,1.2705,1.2705,1.2705,1.2705,1.2705,1.2705,1.2703,1.2688,1.2633,1.2541,1.2448,1.2354,1.2255,1.2104,1.1918,1.1733,1.1547,1.1362,1.1113,1.0838,1.056,1.0281,1.0003,0.97887,0.95931,0.94076,0.9222,0.90365,0.8851,0.86655,0.84799,0.82944,0.81089,0.80464,0.80072,0.80072,0.80072,0.8015,0.81227,0.82645,0.845,0.86355,0.88211,0.90066,0.91921,0.93776,0.95632,0.97393,0.98889,1.0003,1.0096,1.0189,1.0272,1.0338,1.0356,1.0356,1.0356,1.0356,1.0356,1.0356,1.0356,1.0356,1.0356,1.0356,1.0356,1.0356,1.0356,1.0356,1.0356
0.94921,0.98132,1.0134,1.0455,1.0777,1.103,1.1201,1.1201,1.1201,1.1201,1.1201,1.1201,1.1201,1.1201,1.1201,1.1201,1.1201,1.1201,1.1201,1.1201,1.1201,1.1201,1.1201,1.1201,1.1201,1.1201,1.1201,1.1201,1.1201,1.1201,1.1201,1.1201,1.1201,1.1201,1.1201,1.1201,1.1201,1.1201,1.1201,1.1201,1.1201,1.1201,1.1201,1.1201,1.1201,1.1201,1.1201,1.1201,1.1201,1.1201,1.1201,1.1201,1.1201,1.1201,1.1201,1.1201,1.1201,1.1201,1.1218,1.1357,1.1576,1.1832,1.2089,1.2346,1.2585,1.2786,1.298,1.3172,1.3365,1.3534,1.3646,1.371,1.3774,1.3839,1.389,1.3889,1.384,1.3776,1.3711,1.3647,1.3561,1.3443,1.3315,1.3187,1.3057,1.2919,1.2747,1.2554,1.2362,1.2169,1.1985,1.1823,1.1689,1.156,1.1432,1.1303,1.1175,1.1047,1.0918,1.079,1.0662,1.0542,1.0461,1.0397,1.0332,1.0268,1.0173,1.0024,0.97751,0.95182,0.92614,0.90045,0.87191,0.84112,0.80901,0.7769,0.74518,0.7147,0.69819,0.68535,0.6725,0.65966,0.64564,0.63016,0.61089,0.59163,0.57236,0.55309,0.53072,0.50639,0.4807,0.45501,0.42943,0.40407,0.38404,0.36477,0.34551,0.32624,0.30697,0.2877,0.26844,0.24917,0.2299,0.21064,0.19137,0.1721,0.15283,0.13357,0.11439,0.095342,0.088396,0.081973,0.075551,0.069129,0.057329,0.039303,0.0071907,-0.024921,-0.057033,-0.089145,-0.12126,-0.15337,-0.18548,-0.2176,-0.24971,-0.2813,-0.30078,-0.32014,-0.3394,-0.35867,-0.37657,-0.39274,-0.40559,-0.41843,-0.43128,-0.44412,-0.45697,-0.46981,-0.48266,-0.4955,-0.50835,-0.52271,-0.54774,-0.57322,-0.59891,-0.6246,-0.64893,-0.6713,-0.69057,-0.70984,-0.7291,-0.74837,-0.76384,-0.77787,-0.79071,-0.80356,-0.8164,-0.82925,-0.84209,-0.85494,-0.86778,-0.88063,-0.89215,-0.90142,-0.90784,-0.91426,-0.92069,-0.92683,-0.92966,-0.9307,-0.9307,-0.9307,-0.9307,-0.93234,-0.938,-0.94431,-0.95073,-0.95715,-0.96357,-0.97,-0.97642,-0.98284,-0.98926,-0.99623,-1.006,-1.018,-1.0308,-1.0437,-1.0565,-1.0653,-1.0673,-1.0674,-1.0674,-1.0674,-1.0674,-1.0674,-1.0674,-1.0674,-1.0674,-1.0682,-1.0713,-1.0771,-1.0835,-1.09,-1.0964,-1.1004,-1.1016,-1.1016,-1.1016,-1.1017,-1.1026,-1.1072,-1.1136,-1.12,-1.1264,-1.1309,-1.1315,-1.1259,-1.1195,-1.113,-1.1066,-1.1083,-1.1173,-1.1301,-1.143,-1.1557,-1.1679,-1.1757,-1.1822,-1.1886,-1.195,-1.1992,-1.2002,-1.194,-1.1876,-1.1812,-1.1748,-1.1683,-1.1619,-1.1555,-1.1491,-1.1429,-1.1373,-1.1418,-1.1482,-1.1546,-1.161,-1.1662,-1.17,-1.17,-1.17,-1.17,-1.17,-1.17,-1.17,-1.17,-1.17,-1.17,-1.1703,-1.1762,-1.1826,-1.189,-1.1954,-1.2019,-1.2083,-1.2147,-1.2211,-1.2275,-1.234,-1.2404,-1.2468,-1.2532,-1.2597,-1.2661,-1.2725
1.1276,1.1276,1.1276,1.1276,1.1276,1.1276,1.1276,1.1276,1.1276,1.1276,1.1276,1.1276,1.1276,1.1276,1.1276,1.1276,1.1276,1.1276,1.1276,1.1276,1.1276,1.1276,1.1276,1.1276,1.1276,1.1276,1.1276,1.1276,1.1276,1.1276,1.1276,1.1276,1.1276,1.1276,1.1276,1.1276,1.1276,1.1276,1.1276,1.1276,1.1276,1.1276,1.1276,1.1276,1.1276,1.1276,1.1276,1.1276,1.1276,1.1276,1.1276,1.1276,1.1326,1.139,1.1489,1.1617,1.1745,1.1873,1.1994,1.205,1.2106,1.2113,1.2113,1.2113,1.2113,1.2113,1.2113,1.2113,1.2113,1.2113,1.2113,1.2113,1.2113,1.2113,1.2113,1.2113,1.2113,1.2113,1.2113,1.2113,1.2113,1.2113,1.2113,1.2113,1.2113,1.2113,1.2113,1.2113,1.2113,1.2113,1.2113,1.2113,1.2113,1.2113,1.2113,1.2113,1.2113,1.2113,1.2112,1.1992,1.1872,1.1745,1.1617,1.1489,1.1362,1.1234,1.1106,1.0978,1.085,1.0722,1.059,1.0458,1.0287,1.0095,0.99035,0.97116,0.9518,0.93181,0.9118,0.88637,0.86078,0.83519,0.80959,0.78338,0.75659,0.72828,0.69629,0.6643,0.63231,0.60032,0.56833,0.53634,0.50435,0.47236,0.44037,0.40838,0.37639,0.3444,0.31241,0.28042,0.24843,0.21644,0.18445,0.15132,0.11693,0.081549,0.043161,0.004772,-0.033616,-0.072005,-0.10595,-0.13874,-0.16745,-0.19304,-0.21863,-0.24422,-0.26981,-0.29541,-0.321,-0.34659,-0.37218,-0.39778,-0.42337,-0.4474,-0.4694,-0.49082,-0.51001,-0.5292,-0.5484,-0.56759,-0.58679,-0.60598,-0.62517,-0.64437,-0.66356,-0.68276,-0.70195,-0.72115,-0.74034,-0.75953,-0.77873,-0.79792,-0.81712,-0.83444,-0.84883,-0.86297,-0.87577,-0.88856,-0.90136,-0.91415,-0.92695,-0.93975,-0.95254,-0.96534,-0.97814,-0.99093,-1.0037,-1.0165,-1.0293,-1.0421,-1.0549,-1.0677,-1.0805,-1.0933,-1.1061,-1.1189,-1.1317,-1.1445,-1.1573,-1.1701,-1.1744,-1.1744,-1.1744,-1.1744,-1.1744,-1.1744,-1.1744,-1.1744,-1.1744,-1.1744,-1.1744,-1.1744,-1.1744,-1.1744,-1.1744,-1.1744,-1.1744,-1.1744,-1.1744,-1.1744,-1.1744,-1.1744,-1.1744,-1.1744,-1.1744,-1.1744,-1.1744,-1.1744,-1.1744,-1.1744,-1.1744,-1.1744,-1.1744,-1.1744,-1.1744,-1.1744,-1.1744,-1.1744,-1.1724,-1.17,-1.1653,-1.1589,-1.1525,-1.1461,-1.1397,-1.1333,-1.1269,-1.1205,-1.1141,-1.1077,-1.1013,-1.0949,-1.0885,-1.0821,-1.0757,-1.0693,-1.0629,-1.0565,-1.0474,-1.0374,-1.0259,-1.0131,-1.0003,-0.98747,-0.97467,-0.96187,-0.94908,-0.93628,-0.92348,-0.91069,-0.89789,-0.88687,-0.87848,-0.87043,-0.86404,-0.85764,-0.85124,-0.84484,-0.83844,-0.83205,-0.82565,-0.81925,-0.81285,-0.80645,-0.80028,-0.79908,-0.79788,-0.79766,-0.79766,-0.79766,-0.79766,-0.79563,-0.79003,-0.78433,-0.77793,-0.77153,-0.76513,-0.75873,-0.75234,-0.74594,-0.73954,-0.73314,-0.72674,-0.72035,-0.71395
0.42266,0.42266,0.42266,0.42266,0.42266,0.42266,0.42266,0.42266,0.42266,0.42266,0.42266,0.42266,0.42266,0.42266,0.42266,0.42266,0.42266,0.42266,0.42266,0.42266,0.42266,0.42266,0.42266,0.42266,0.42266,0.42266,0.42266,0.42266,0.42266,0.42266,0.43144,0.45254,0.48446,0.51637,0.54829,0.58021,0.61154,0.63589,0.63589,0.63589,0.64353,0.66509,0.69701,0.7296,0.77102,0.81789,0.86576,0.9082,0.94182,0.97374,1.0101,1.0661,1.1299,1.192,1.2488,1.2966,1.3445,1.3859,1.4209,1.4528,1.4848,1.5167,1.5486,1.5787,1.6039,1.6199,1.6359,1.6518,1.6678,1.6837,1.7019,1.7437,1.7907,1.8377,1.8783,1.9102,1.9421,1.9685,1.9873,2.0032,2.0192,2.0352,2.0511,2.0671,2.0744,2.0752,2.0748,2.0717,2.0569,2.0409,2.0181,1.9832,1.9353,1.8875,1.8396,1.7917,1.7438,1.696,1.6481,1.6002,1.5554,1.517,1.4851,1.4532,1.4124,1.3663,1.3184,1.2744,1.2403,1.2084,1.1764,1.1445,1.1126,1.0797,1.0413,0.99411,0.94624,0.89318,0.83317,0.76933,0.7055,0.62949,0.54999,0.47019,0.3904,0.31061,0.23082,0.15643,0.088207,0.024372,-0.039462,-0.09093,-0.13963,-0.1875,-0.23538,-0.28326,-0.33113,-0.37438,-0.41025,-0.44216,-0.47239,-0.49446,-0.51075,-0.52671,-0.54267,-0.55863,-0.57448,-0.58772,-0.5902,-0.5902,-0.5902,-0.5902,-0.5902,-0.5902,-0.59805,-0.6116,-0.62755,-0.64351,-0.65947,-0.67543,-0.69139,-0.70735,-0.72331,-0.73926,-0.76288,-0.79223,-0.82415,-0.85358,-0.87226,-0.88832,-0.90428,-0.92024,-0.9362,-0.95182,-0.96167,-0.96336,-0.96336,-0.96336,-0.96336,-0.96336,-0.96336,-0.96336,-0.96336,-0.96254,-0.95895,-0.94299,-0.92703,-0.91547,-0.91006,-0.91006,-0.91006,-0.92085,-0.93552,-0.95177,-0.97151,-1.0034,-1.0353,-1.0634,-1.0846,-1.1005,-1.1158,-1.1223,-1.1233,-1.1233,-1.1233,-1.1233,-1.1233,-1.1255,-1.1376,-1.1535,-1.166,-1.1678,-1.1518,-1.1359,-1.1199,-1.1039,-1.088,-1.072,-1.042,-1.0102,-0.98012,-0.95488,-0.93892,-0.92296,-0.9135,-0.91006,-0.91006,-0.91006,-0.91006,-0.91006,-0.91006,-0.91006,-0.91006,-0.91006,-0.91006,-0.91006,-0.91006,-0.91006,-0.91006,-0.91006,-0.91006,-0.91006,-0.91006,-0.90963,-0.90657,-0.89172,-0.87576,-0.8598,-0.84384,-0.82789,-0.81193,-0.79597,-0.78001,-0.76405,-0.74809,-0.73213,-0.71618,-0.7033,-0.69682,-0.69682,-0.69682,-0.69682,-0.69682,-0.69682,-0.69682,-0.69682,-0.69682,-0.69512,-0.6846,-0.66864,-0.65369,-0.64418,-0.64351,-0.64351,-0.63833,-0.6262,-0.61024,-0.59428,-0.5905,-0.5902,-0.5902,-0.5902,-0.5902,-0.5902,-0.58479,-0.57323,-0.55727,-0.54131,-0.53772,-0.5369,-0.53635,-0.53078,-0.51483,-0.49887,-0.48753,-0.48359,-0.48359,-0.48359,-0.48359,-0.48359,-0.48359,-0.48359,-0.48359,-0.48369,-0.48641,-0.49989,-0.51584,-0.5318,-0.54776,-0.56372,-0.57968,-0.57994,-0.56881,-0.55285,-0.5369
1.5512,1.5512,1.5512,1.5512,1.5512,1.5512,1.5512,1.5512,1.5512,1.5512,1.5512,1.5512,1.5512,1.5512,1.5512,1.5512,1.5512,1.5512,1.5512,1.5512,1.5512,1.5512,1.5512,1.5512,1.5512,1.5512,1.5512,1.5512,1.5512,1.5512,1.5512,1.5512,1.5512,1.5512,1.5512,1.5512,1.5512,1.5512,1.5512,1.5512,1.5512,1.5512,1.5512,1.5451,1.5377,1.5281,1.5159,1.5038,1.4916,1.4795,1.4767,1.4765,1.4764,1.4764,1.4764,1.4764,1.4764,1.4764,1.4764,1.4764,1.4764,1.4764,1.4764,1.4764,1.4764,1.4764,1.4764,1.4764,1.4764,1.4764,1.4764,1.4764,1.4764,1.4736,1.466,1.4583,1.442,1.4258,1.4096,1.3934,1.3694,1.3293,1.2891,1.2446,1.2001,1.1561,1.1124,1.0696,1.0291,0.98859,0.94807,0.90756,0.86558,0.82268,0.77934,0.73477,0.6902,0.64563,0.60107,0.54064,0.46882,0.39674,0.32381,0.25088,0.18158,0.1127,0.048301,-0.012473,-0.073247,-0.13402,-0.19479,-0.25061,-0.30567,-0.35948,-0.41215,-0.46425,-0.51374,-0.56324,-0.58152,-0.59367,-0.60583,-0.61798,-0.62932,-0.63599,-0.64267,-0.64396,-0.64396,-0.64396,-0.64396,-0.64277,-0.63276,-0.62275,-0.61107,-0.59892,-0.58814,-0.57916,-0.57135,-0.5754,-0.57945,-0.58351,-0.58756,-0.59532,-0.60859,-0.62227,-0.64253,-0.66279,-0.68305,-0.70331,-0.73779,-0.79618,-0.85464,-0.91542,-0.97619,-1.0213,-1.0592,-1.0799,-1.0677,-1.0556,-1.0434,-1.0312,-1.0227,-1.0161,-1.0104,-1.0063,-1.0022,-0.99843,-0.99462,-0.99319,-0.99319,-0.99319,-0.99319,-0.99319,-0.99484,-0.99658,-0.99971,-1.0038,-1.0078,-1.0119,-1.0159,-1.017,-1.0178,-1.0181,-1.0181,-1.0183,-1.019,-1.0197,-1.0234,-1.0274,-1.0315,-1.0355,-1.0396,-1.0436,-1.0477,-1.0517,-1.0558,-1.0598,-1.0639,-1.0655,-1.0546,-1.0437,-1.0318,-1.0196,-1.0064,-0.99182,-0.97651,-0.95625,-0.93599,-0.91574,-0.89548,-0.87159,-0.84323,-0.81445,-0.78203,-0.74962,-0.71769,-0.68592,-0.66065,-0.64444,-0.62823,-0.61203,-0.59582,-0.58205,-0.56918,-0.55816,-0.55006,-0.54196,-0.53385,-0.52575,-0.52434,-0.52577,-0.52813,-0.53219,-0.53626,-0.54158,-0.5469,-0.55681,-0.56897,-0.58112,-0.59328,-0.60543,-0.61759,-0.62974,-0.6419,-0.65405,-0.66621,-0.67836,-0.69052,-0.6922,-0.69339,-0.69385,-0.69385,-0.69385,-0.69385,-0.69385,-0.69385,-0.69385,-0.69385,-0.69385,-0.69197,-0.68411,-0.67624,-0.66454,-0.65238,-0.6401,-0.6277,-0.61282,-0.58851,-0.5642,-0.53989,-0.51558,-0.49293,-0.4718,-0.45155,-0.43535,-0.41914,-0.40293,-0.38673,-0.37357,-0.36356,-0.35384,-0.34573,-0.33763,-0.33132,-0.32544,-0.32603,-0.33414,-0.34224,-0.35034,-0.35844,-0.36815,-0.37832,-0.38935,-0.4015,-0.41366,-0.42581,-0.43797,-0.45279,-0.46852,-0.48444,-0.50065,-0.51673,-0.53087,-0.54501,-0.55483,-0.56293,-0.57103,-0.57914,-0.58716,-0.59273,-0.59829,-0.60281,-0.60686,-0.61091,-0.61497,-0.61902
1.1697,1.1697,1.1697,1.1697,1.1697,1.1697,1.1697,1.1697,1.1697,1.1697,1.1697,1.1697,1.1697,1.1697,1.1697,1.1697,1.1697,1.1697,1.1697,1.1697,1.1697,1.1697,1.1697,1.1697,1.1697,1.1697,1.1697,1.1697,1.1697,1.1697,1.1697,1.1697,1.1697,1.1697,1.1697,1.1697,1.171,1.1747,1.1792,1.1882,1.1972,1.2062,1.2152,1.2202,1.2234,1.2251,1.2251,1.2251,1.2251,1.2251,1.2251,1.2251,1.2251,1.2251,1.2251,1.2251,1.2251,1.2251,1.2251,1.2251,1.2251,1.2279,1.231,1.238,1.247,1.256,1.265,1.273,1.2767,1.2804,1.2805,1.2805,1.2805,1.2805,1.2767,1.2693,1.2615,1.2525,1.2435,1.235,1.2265,1.2251,1.2251,1.2251,1.2251,1.2241,1.2215,1.2179,1.2089,1.1998,1.1908,1.1818,1.1662,1.1477,1.1252,1.0982,1.0711,1.0441,1.0173,1.0041,0.99082,0.98091,0.97191,0.9629,0.9539,0.9449,0.93589,0.92689,0.91788,0.90888,0.89801,0.88689,0.87127,0.85327,0.83526,0.81725,0.79924,0.78123,0.76322,0.74522,0.72721,0.7092,0.69119,0.6666,0.63588,0.60362,0.56761,0.53159,0.49557,0.45956,0.43063,0.40309,0.37587,0.34886,0.32245,0.29703,0.27276,0.25476,0.23675,0.21874,0.20073,0.18012,0.1584,0.13417,0.10716,0.080148,0.053136,0.026124,-0.00088862,-0.027901,-0.054913,-0.081926,-0.10894,-0.13595,-0.16297,-0.18998,-0.21699,-0.244,-0.27102,-0.29615,-0.32104,-0.33546,-0.34446,-0.35347,-0.36247,-0.37147,-0.38048,-0.38948,-0.39849,-0.40749,-0.41649,-0.4255,-0.4345,-0.44351,-0.45251,-0.46151,-0.47052,-0.47952,-0.48853,-0.49753,-0.50654,-0.51554,-0.52454,-0.53355,-0.54255,-0.55156,-0.56056,-0.56956,-0.57857,-0.58757,-0.59846,-0.61011,-0.62483,-0.64283,-0.66084,-0.67885,-0.69672,-0.70996,-0.72321,-0.73305,-0.74205,-0.75105,-0.76005,-0.77145,-0.78734,-0.80349,-0.82149,-0.8395,-0.85751,-0.87552,-0.89353,-0.91154,-0.92954,-0.94755,-0.96511,-0.981,-0.99689,-1.006,-1.015,-1.024,-1.033,-1.0398,-1.0445,-1.0478,-1.0478,-1.0478,-1.0478,-1.0478,-1.0478,-1.0478,-1.0478,-1.0478,-1.0478,-1.0478,-1.0478,-1.0478,-1.0478,-1.0478,-1.0478,-1.049,-1.0506,-1.0558,-1.0648,-1.0738,-1.0828,-1.0917,-1.097,-1.1023,-1.1033,-1.1033,-1.1033,-1.1033,-1.1053,-1.1112,-1.1174,-1.1264,-1.1354,-1.1444,-1.1534,-1.1571,-1.1581,-1.1587,-1.1587,-1.1587,-1.1587,-1.1587,-1.1587,-1.1587,-1.1587,-1.1587,-1.1587,-1.1587,-1.1587,-1.1587,-1.1587,-1.1587,-1.1587,-1.1587,-1.1587,-1.1587,-1.1587,-1.1587,-1.1587,-1.16,-1.1674,-1.1749,-1.1838,-1.1928,-1.2014,-1.2099,-1.2141,-1.2141,-1.2141,-1.2141,-1.2141,-1.2141,-1.2141,-1.2141,-1.2141,-1.2141,-1.2141,-1.2124,-1.2077,-1.2023,-1.1933,-1.1843,-1.1753,-1.1663,-1.162,-1.1599,-1.1587,-1.1587,-1.1587,-1.1587,-1.1587
1.0962,1.0962,1.0962,1.0962,1.0962,1.0962,1.0962,1.0962,1.0962,1.0962,1.0962,1.0962,1.0962,1.0962,1.0962,1.0962,1.0962,1.0962,1.0962,1.0962,1.0962,1.0962,1.0962,1.0962,1.0962,1.0962,1.0962,1.0962,1.0962,1.0962,1.0962,1.0962,1.0962,1.0962,1.0962,1.0962,1.0962,1.0962,1.0962,1.0962,1.0962,1.0962,1.0962,1.0962,1.0962,1.0962,1.0962,1.0962,1.0962,1.0962,1.0962,1.0962,1.0962,1.0962,1.0962,1.0962,1.0962,1.0962,1.0962,1.0962,1.0962,1.0962,1.0962,1.0962,1.0962,1.0962,1.0962,1.0962,1.0962,1.0962,1.0962,1.0962,1.0962,1.0962,1.0962,1.0962,1.0962,1.0962,1.0962,1.0962,1.0962,1.0962,1.0962,1.0962,1.0962,1.0962,1.0962,1.0962,1.0962,1.0962,1.0962,1.0962,1.0962,1.0962,1.0962,1.0962,1.0962,1.0962,1.0962,1.0962,1.0962,1.0962,1.0962,1.0962,1.0962,1.0962,1.0962,1.0962,1.0962,1.0962,1.0962,1.0962,1.0962,1.0962,1.0962,1.0962,1.0962,1.0962,1.0942,1.0862,1.0754,1.0522,1.029,1.0058,0.98253,0.95933,0.93612,0.91292,0.88971,0.86457,0.83927,0.79839,0.75489,0.71138,0.66787,0.62436,0.58085,0.53734,0.49383,0.45032,0.40681,0.36857,0.33506,0.30229,0.27038,0.23847,0.20657,0.17466,0.14275,0.11084,0.078938,0.047741,0.019435,-0.0085818,-0.034687,-0.060793,-0.086899,-0.11301,-0.13911,-0.16522,-0.19133,-0.21743,-0.24163,-0.26553,-0.28655,-0.30685,-0.32716,-0.34746,-0.36777,-0.38807,-0.40838,-0.42867,-0.44962,-0.47113,-0.49619,-0.52519,-0.5542,-0.58321,-0.61221,-0.64122,-0.67023,-0.69923,-0.72824,-0.75725,-0.78512,-0.80633,-0.82746,-0.84777,-0.86807,-0.88838,-0.90868,-0.92898,-0.94929,-0.96959,-0.9899,-1.0009,-1.0098,-1.0142,-1.0171,-1.02,-1.0229,-1.0258,-1.0287,-1.0316,-1.0345,-1.0357,-1.035,-1.0321,-1.0263,-1.0205,-1.0147,-1.0089,-1.0031,-0.9973,-0.9915,-0.98609,-0.98279,-0.9806,-0.9893,-0.998,-1.0067,-1.0154,-1.0241,-1.0328,-1.0415,-1.0502,-1.0589,-1.0676,-1.0804,-1.0945,-1.1089,-1.1234,-1.1379,-1.1524,-1.1669,-1.1814,-1.1959,-1.2104,-1.2223,-1.2308,-1.2384,-1.2442,-1.25,-1.2558,-1.2616,-1.2674,-1.2732,-1.279,-1.2844,-1.2863,-1.288,-1.2851,-1.2822,-1.2793,-1.2764,-1.2735,-1.2706,-1.2677,-1.2648,-1.2609,-1.2568,-1.2495,-1.2408,-1.2321,-1.2234,-1.2146,-1.2059,-1.1972,-1.1885,-1.1798,-1.1711,-1.1614,-1.1499,-1.1383,-1.1267,-1.1151,-1.1035,-1.0919,-1.0803,-1.0687,-1.0571,-1.0456,-1.0361,-1.0266,-1.0179,-1.0092,-1.0005,-0.9918,-0.9831,-0.97439,-0.96569,-0.95699,-0.9493,-0.942,-0.93569,-0.92988,-0.92408,-0.91828,-0.91248,-0.90668,-0.90088,-0.89508,-0.88983,-0.88543,-0.88247,-0.88247,-0.88247,-0.88247,-0.88247,-0.88247,-0.88247,-0.88247,-0.88247,-0.88247,-0.88247
0.69869,0.69869,0.69869,0.69869,0.69869,0.69869,0.69869,0.69869,0.69869,0.69869,0.69869,0.69869,0.69869,0.69869,0.69869,0.69869,0.69869,0.69869,0.69869,0.69869,0.69869,0.69869,0.69869,0.69869,0.69869,0.69869,0.69869,0.69869,0.69869,0.69869,0.69869,0.69869,0.69869,0.69869,0.69869,0.69869,0.69869,0.69869,0.69869,0.69869,0.69869,0.69869,0.69869,0.69869,0.69869,0.69967,0.70658,0.73017,0.77701,0.82384,0.87068,0.91752,0.96436,1.0112,1.058,1.1049,1.1517,1.1985,1.2454,1.2922,1.3391,1.3845,1.429,1.4652,1.5003,1.5354,1.5706,1.6057,1.6408,1.6759,1.7111,1.7441,1.7711,1.7836,1.7836,1.7836,1.7839,1.7868,1.7929,1.8046,1.8163,1.828,1.8369,1.8439,1.8439,1.8439,1.8439,1.8391,1.8324,1.809,1.7856,1.7621,1.7407,1.7207,1.7076,1.6959,1.6842,1.6697,1.6507,1.621,1.5859,1.5508,1.5165,1.4852,1.4577,1.4343,1.4109,1.3868,1.3432,1.2878,1.2058,1.1239,1.0419,0.9708,0.90447,0.85763,0.81079,0.76395,0.72012,0.6777,0.64225,0.60712,0.57199,0.53454,0.4948,0.44952,0.40269,0.35585,0.30901,0.26217,0.21533,0.1685,0.12166,0.07559,0.033743,-0.0052245,-0.040353,-0.075482,-0.11061,-0.15081,-0.19277,-0.23961,-0.28645,-0.33329,-0.37581,-0.41678,-0.45191,-0.48703,-0.52216,-0.5538,-0.58337,-0.60739,-0.63081,-0.65423,-0.67765,-0.70107,-0.72449,-0.74791,-0.77133,-0.79475,-0.81816,-0.84158,-0.865,-0.88842,-0.91184,-0.93526,-0.95868,-0.9821,-1.0055,-1.0289,-1.0465,-1.0625,-1.0742,-1.086,-1.0977,-1.1045,-1.1096,-1.1096,-1.1096,-1.1096,-1.1096,-1.1096,-1.1096,-1.1096,-1.1096,-1.1096,-1.1096,-1.1096,-1.1096,-1.1096,-1.1096,-1.1096,-1.1096,-1.1096,-1.1096,-1.1096,-1.1096,-1.1096,-1.1096,-1.1096,-1.1096,-1.1096,-1.1096,-1.1096,-1.1096,-1.1096,-1.1096,-1.1096,-1.1096,-1.1096,-1.1096,-1.1096,-1.1096,-1.1096,-1.1096,-1.1096,-1.1068,-1.0988,-1.0885,-1.0767,-1.065,-1.0533,-1.0416,-1.0299,-1.0182,-1.0065,-0.99477,-0.99141,-0.98901,-0.98901,-0.98901,-0.98901,-0.98198,-0.97308,-0.96137,-0.94966,-0.93795,-0.93187,-0.92899,-0.92873,-0.92873,-0.92873,-0.92457,-0.91555,-0.90455,-0.89284,-0.88113,-0.86942,-0.85771,-0.846,-0.83429,-0.82258,-0.8119,-0.8096,-0.80818,-0.80818,-0.80818,-0.80818,-0.80818,-0.80818,-0.80818,-0.80818,-0.80818,-0.80076,-0.79091,-0.7792,-0.76749,-0.75578,-0.74407,-0.73236,-0.72065,-0.70894,-0.69723,-0.68138,-0.6595,-0.63657,-0.61315,-0.58973,-0.5711,-0.56841,-0.56708,-0.56708,-0.56708,-0.5665,-0.55594,-0.54501,-0.5333,-0.52159,-0.50988,-0.49817,-0.48646,-0.47475,-0.46304,-0.45133,-0.44732,-0.44655,-0.44653,-0.44653,-0.44653,-0.44066,-0.42953,-0.41793,-0.40622,-0.39451,-0.39078,-0.40171,-0.41313,-0.42484,-0.43655,-0.44623,-0.44643,-0.44653,-0.44653,-0.44653,-0.44653
0.52495,0.52495,0.52495,0.52495,0.52495,0.52495,0.52495,0.52495,0.52495,0.52495,0.52495,0.52495,0.52495,0.52495,0.52495,0.52495,0.52495,0.52495,0.52495,0.52495,0.52495,0.52495,0.52495,0.52495,0.52495,0.52495,0.52495,0.52495,0.52495,0.52495,0.52495,0.52495,0.52495,0.52495,0.52495,0.52147,0.51599,0.50271,0.48943,0.47615,0.46287,0.44959,0.43631,0.41921,0.39797,0.37224,0.34623,0.32233,0.30451,0.29123,0.27795,0.26788,0.26522,0.26434,0.26434,0.26434,0.26434,0.26434,0.26434,0.26766,0.29422,0.32078,0.34734,0.36709,0.38452,0.3978,0.41108,0.42436,0.43764,0.45092,0.4642,0.49187,0.52661,0.56645,0.60198,0.63119,0.64812,0.6614,0.67468,0.70124,0.74108,0.78092,0.81894,0.85081,0.87952,0.90608,0.93264,0.9592,0.98576,1.0123,1.0394,1.0766,1.1149,1.1547,1.1904,1.2238,1.2504,1.2769,1.3035,1.33,1.3566,1.3832,1.4097,1.4363,1.4628,1.4885,1.5124,1.5289,1.5422,1.5555,1.5687,1.582,1.5953,1.6078,1.6157,1.6195,1.6195,1.6195,1.6129,1.5863,1.5598,1.5332,1.5223,1.5153,1.5153,1.5115,1.5047,1.4781,1.4516,1.425,1.407,1.3915,1.3782,1.3621,1.3435,1.3178,1.2912,1.2646,1.2464,1.2331,1.2198,1.2065,1.1933,1.18,1.1665,1.1505,1.1298,1.1033,1.0767,1.0502,1.0236,0.99705,0.97049,0.94393,0.91737,0.89081,0.86425,0.83769,0.77129,0.7049,0.6385,0.58953,0.54853,0.52197,0.49541,0.46885,0.44229,0.41573,0.38917,0.35674,0.31956,0.27994,0.2401,0.20026,0.16042,0.12058,0.080747,0.016008,-0.090231,-0.19647,-0.29607,-0.33857,-0.36114,-0.36114,-0.36557,-0.37508,-0.40164,-0.4282,-0.45476,-0.49117,-0.52913,-0.56897,-0.60532,-0.63968,-0.66624,-0.6928,-0.71936,-0.74592,-0.77248,-0.79904,-0.82942,-0.86395,-0.90296,-0.94224,-0.97943,-1.0105,-1.0371,-1.0636,-1.0934,-1.1306,-1.1695,-1.2091,-1.2383,-1.2612,-1.2745,-1.2877,-1.301,-1.3143,-1.3276,-1.3409,-1.3541,-1.3674,-1.3807,-1.3924,-1.4031,-1.4036,-1.4036,-1.4036,-1.3964,-1.3857,-1.3724,-1.3613,-1.3533,-1.3515,-1.3515,-1.3515,-1.3448,-1.3316,-1.3183,-1.3068,-1.3015,-1.2994,-1.2994,-1.2968,-1.2907,-1.2774,-1.2642,-1.2509,-1.2376,-1.2243,-1.211,-1.2019,-1.1951,-1.1951,-1.1951,-1.1951,-1.1835,-1.1702,-1.1569,-1.1485,-1.1432,-1.143,-1.1421,-1.1394,-1.1294,-1.1161,-1.1028,-1.0941,-1.0914,-1.0909,-1.0917,-1.097,-1.1065,-1.1197,-1.133,-1.143,-1.143,-1.143,-1.143,-1.143,-1.143,-1.143,-1.1411,-1.1377,-1.1244,-1.1111,-1.0978,-1.0931,-1.0909,-1.0909,-1.0909,-1.0909,-1.0909,-1.0909,-1.0909,-1.0909,-1.0909,-1.0909,-1.088,-1.0801,-1.0683,-1.0546,-1.036,-1.0079,-0.96803,-0.92819,-0.89211,-0.87352,-0.85781,-0.84453,-0.83606,-0.83025,-0.83025,-0.83025,-0.83025
1.5491,1.5491,1.5491,1.5491,1.5491,1.5491,1.5491,1.5491,1.5491,1.5491,1.5491,1.5491,1.5491,1.5491,1.5491,1.5491,1.5491,1.5491,1.5491,1.5491,1.5491,1.5491,1.5491,1.5491,1.5491,1.5491,1.5491,1.5491,1.5491,1.5491,1.5491,1.5491,1.5491,1.5491,1.5491,1.5491,1.5491,1.5491,1.5491,1.5491,1.5491,1.5491,1.5491,1.5491,1.5491,1.5491,1.5491,1.5491,1.5491,1.5491,1.5491,1.5491,1.5491,1.5491,1.5491,1.5491,1.5491,1.5491,1.5491,1.5491,1.5491,1.5491,1.5491,1.5491,1.5491,1.5491,1.5491,1.5491,1.5491,1.5491,1.5491,1.5491,1.5257,1.499,1.4509,1.4028,1.3547,1.3066,1.2584,1.2103,1.1622,1.1141,1.066,1.0179,0.96975,0.92641,0.88377,0.84634,0.80892,0.7715,0.73407,0.69665,0.66145,0.62937,0.5973,0.56522,0.53313,0.50105,0.4733,0.44657,0.42487,0.40348,0.3821,0.36071,0.33933,0.31794,0.29656,0.27517,0.25379,0.2324,0.21102,0.18769,0.16363,0.13728,0.11055,0.083818,0.057085,0.030354,0.00094901,-0.036476,-0.0739,-0.11132,-0.14874,-0.18617,-0.22532,-0.26542,-0.30758,-0.35035,-0.39312,-0.4359,-0.47867,-0.51965,-0.55173,-0.58381,-0.61589,-0.64796,-0.68004,-0.70763,-0.73169,-0.75021,-0.76625,-0.78229,-0.79833,-0.81437,-0.82952,-0.83486,-0.84021,-0.84556,-0.8509,-0.85625,-0.86159,-0.86694,-0.87229,-0.87763,-0.88298,-0.88833,-0.89367,-0.89902,-0.89367,-0.88833,-0.88298,-0.87763,-0.87229,-0.86799,-0.86532,-0.86404,-0.86404,-0.86404,-0.86404,-0.86404,-0.86404,-0.86895,-0.87429,-0.87964,-0.88498,-0.89033,-0.8965,-0.90452,-0.91372,-0.92442,-0.93512,-0.94581,-0.9565,-0.96719,-0.96898,-0.96898,-0.96898,-0.96898,-0.96898,-0.96898,-0.96898,-0.96898,-0.96898,-0.96898,-0.96898,-0.96898,-0.96898,-0.97299,-0.97833,-0.98368,-0.98902,-0.99437,-0.99933,-1.002,-1.0039,-1.0039,-1.0039,-1.0039,-1.0039,-1.0039,-0.99682,-0.98613,-0.97544,-0.96474,-0.95405,-0.94352,-0.9355,-0.92799,-0.92264,-0.91728,-0.91194,-0.90659,-0.90125,-0.89278,-0.88209,-0.8714,-0.8607,-0.85001,-0.83932,-0.82863,-0.81793,-0.80724,-0.79655,-0.78585,-0.77516,-0.76447,-0.75645,-0.7511,-0.74576,-0.74041,-0.73506,-0.72972,-0.72437,-0.71903,-0.71368,-0.70833,-0.70299,-0.69764,-0.69229,-0.68695,-0.6816,-0.67626,-0.67091,-0.66556,-0.66022,-0.65487,-0.64952,-0.64418,-0.63883,-0.63349,-0.62814,-0.62279,-0.61923,-0.61923,-0.61923,-0.61923,-0.61923,-0.61923,-0.61729,-0.61461,-0.60965,-0.6043,-0.59896,-0.59361,-0.58826,-0.58292,-0.57757,-0.57223,-0.56688,-0.56153,-0.55619,-0.55256,-0.54989,-0.54928,-0.54928,-0.54928,-0.54928,-0.54928,-0.54928,-0.54928,-0.54928,-0.54928,-0.54928,-0.54928,-0.54629,-0.54094,-0.53191,-0.52121,-0.51052,-0.49983,-0.48914,-0.47889,-0.47354,-0.4682,-0.46285,-0.4575,-0.45216,-0.44808,-0.44541,-0.44436,-0.44436,-0.44436,-0.44436,-0.44436,-0.44436
0.39908,0.39908,0.39908,0.39908,0.39908,0.39908,0.39908,0.39908,0.39908,0.39908,0.39908,0.39908,0.39908,0.39908,0.39908,0.39908,0.39908,0.39908,0.39908,0.39908,0.39908,0.39908,0.39908,0.39908,0.39908,0.39908,0.39908,0.39908,0.39908,0.39908,0.39908,0.39908,0.39908,0.39908,0.39908,0.39908,0.39908,0.39908,0.39908,0.39908,0.39908,0.40146,0.42327,0.48601,0.54875,0.61149,0.66466,0.71183,0.75889,0.80594,0.83971,0.87151,0.90288,0.93094,0.94937,0.96505,0.98074,1.0098,1.0514,1.0985,1.1455,1.1742,1.1935,1.2092,1.2268,1.2514,1.2827,1.3141,1.3455,1.3768,1.4082,1.4396,1.4656,1.4847,1.5004,1.5161,1.5318,1.5475,1.5631,1.5788,1.5945,1.6102,1.6259,1.6416,1.6573,1.6729,1.6886,1.7043,1.72,1.7357,1.7514,1.7635,1.7638,1.7638,1.7638,1.7561,1.7415,1.7259,1.7102,1.6945,1.6788,1.6631,1.6474,1.6317,1.6161,1.6004,1.5795,1.5522,1.5208,1.4894,1.4581,1.4267,1.3953,1.3663,1.3496,1.3485,1.3485,1.3456,1.3371,1.3215,1.3058,1.2826,1.2449,1.1979,1.1508,1.1038,1.0567,1.0097,0.96169,0.90969,0.84695,0.78421,0.72147,0.65873,0.59599,0.53325,0.47052,0.43352,0.40173,0.37036,0.33899,0.30762,0.27625,0.24488,0.21351,0.18215,0.15078,0.11941,0.097094,0.079531,0.063847,0.046857,0.021346,-0.0094745,-0.040844,-0.06836,-0.089599,-0.10528,-0.12096,-0.1422,-0.16972,-0.20109,-0.23246,-0.26383,-0.2952,-0.32657,-0.35793,-0.3893,-0.42067,-0.45204,-0.48342,-0.51479,-0.54616,-0.57743,-0.60691,-0.62496,-0.64065,-0.65633,-0.67202,-0.6877,-0.70338,-0.71907,-0.73475,-0.75044,-0.76612,-0.78181,-0.78676,-0.78767,-0.78767,-0.78901,-0.80129,-0.81658,-0.83226,-0.84324,-0.847,-0.847,-0.847,-0.85423,-0.86703,-0.88272,-0.8984,-0.91409,-0.92977,-0.94546,-0.96387,-0.98798,-1.0193,-1.0507,-1.074,-1.0843,-1.0843,-1.0843,-1.0843,-1.0843,-1.0843,-1.0843,-1.0843,-1.0843,-1.0843,-1.0843,-1.0843,-1.0843,-1.0843,-1.0843,-1.0843,-1.0843,-1.0843,-1.0843,-1.0843,-1.0843,-1.0843,-1.0843,-1.0843,-1.0843,-1.0843,-1.0931,-1.107,-1.1227,-1.1384,-1.1541,-1.1698,-1.1854,-1.1977,-1.203,-1.203,-1.203,-1.1974,-1.1858,-1.1701,-1.1545,-1.1456,-1.1437,-1.1437,-1.1437,-1.1437,-1.1437,-1.1437,-1.1437,-1.1437,-1.1437,-1.1437,-1.1409,-1.1286,-1.1129,-1.0976,-1.0843,-1.0843,-1.0843,-1.0842,-1.0781,-1.0624,-1.0467,-1.0311,-1.0154,-0.99969,-0.98401,-0.96863,-0.96618,-0.96568,-0.96568,-0.96158,-0.94924,-0.93355,-0.91787,-0.90218,-0.8865,-0.87081,-0.85513,-0.84856,-0.847,-0.847,-0.847,-0.847,-0.847,-0.847,-0.847,-0.847,-0.847,-0.847,-0.847,-0.847,-0.847,-0.84595,-0.84152,-0.82584,-0.81015,-0.79447,-0.77878,-0.7631,-0.74741,-0.73293,-0.72833,-0.72833,-0.72833,-0.72833
