-1.4477,-1.4477,-1.4477,-1.4477,-1.4477,-1.4477,-1.4477,-1.4477,-1.4477,-1.4477,-1.4477,-1.4477,-1.4477,-1.4477,-1.4477,-1.4477,-1.4477,-1.4477,-1.4477,-1.4477,-1.4477,-1.4448,-1.4349,-1.4161,-1.3906,-1.3778,-1.3684,-1.3684,-1.3684,-1.3684,-1.3684,-1.3684,-1.3684,-1.3694,-1.374,-1.3889,-1.4144,-1.4325,-1.4477,-1.4477,-1.4477,-1.4477,-1.4477,-1.4477,-1.4306,-1.4101,-1.3846,-1.3694,-1.3687,-1.3684,-1.3684,-1.3684,-1.3684,-1.3684,-1.3684,-1.3684,-1.3684,-1.3684,-1.3684,-1.3618,-1.3424,-1.3192,-1.2937,-1.29,-1.2885,-1.2844,-1.271,-1.2455,-1.22,-1.1945,-1.1689,-1.1472,-1.1358,-1.1306,-1.1306,-1.1306,-1.1306,-1.1306,-1.1218,-1.0975,-1.0701,-1.0408,-0.99169,-0.94069,-0.88968,-0.83868,-0.78767,-0.74689,-0.7099,-0.6844,-0.65889,-0.63339,-0.60789,-0.58239,-0.49678,-0.39998,-0.30858,-0.24252,-0.21701,-0.18585,-0.15176,-0.10187,-0.048023,0.016618,0.086996,0.16351,0.22585,0.28345,0.33445,0.38546,0.43646,0.48747,0.53847,0.58948,0.64268,0.71035,0.79199,0.894,0.98689,1.0755,1.1526,1.2291,1.3056,1.3821,1.4586,1.5901,1.7367,1.8776,1.9888,2.0399,2.0811,2.1159,2.1201,2.1181,2.105,2.0866,2.0611,2.0228,1.9791,1.9282,1.8772,1.8262,1.7767,1.7285,1.6985,1.6724,1.639,1.5995,1.5485,1.5055,1.4674,1.4407,1.4152,1.3897,1.3642,1.3387,1.3132,1.2876,1.2647,1.248,1.248,1.248,1.248,1.248,1.2468,1.2341,1.2167,1.1912,1.1657,1.1402,1.1147,1.0892,1.0637,1.0371,1.0093,0.96419,0.91335,0.86967,0.83138,0.80587,0.78037,0.75487,0.72937,0.70386,0.67836,0.65286,0.62735,0.61692,0.61389,0.61181,0.60463,0.57913,0.55013,0.51755,0.4708,0.42033,0.38144,0.34682,0.32132,0.29582,0.27032,0.24481,0.22248,0.2192,0.21655,0.21478,0.19658,0.17108,0.15217,0.138,0.138,0.138,0.138,0.138,0.13689,0.11997,0.10013,0.074624,0.049121,0.023618,-0.00053621,-0.02057,-0.02057,-0.02057,-0.02057,-0.02057,-0.02057,-0.0090825,0.0061953,0.031698,0.039254,0.031426,0.0092254,-0.014368,-0.018156,-0.021027,-0.02229,-0.039002,-0.064505,-0.078493,-0.0842,-0.058698,-0.033195,-0.0076923,0.017811,0.043133,0.052223,0.058716,0.058716,0.070745,0.092207,0.1162,0.138,0.138,0.138,0.138,0.138,0.138,0.14838,0.1625,0.188,0.2135,0.23901,0.26451,0.28931,0.2936,0.29658,0.29658,0.29658,0.29658,0.29658,0.29658,0.29658,0.29216,0.2813,0.26047,0.23497,0.22467,0.21729,0.21729,0.2067,0.18574,0.16202,0.14028,0.16578,0.18762,0.20201,0.19229,0.16679,0.15061,0.138,0.138,0.138,0.138,0.138,0.138,0.138,0.138,0.138,0.138,0.138,0.138,0.138,0.138,0.13436,0.12401,0.10417,0.078664,0.053161,0.027658,0.0021553,-0.023347,-0.04885,-0.074353,-0.099855
0.3229,0.3229,0.3229,0.3229,0.3229,0.3229,0.3229,0.3229,0.3229,0.3229,0.3229,0.3229,0.3229,0.3229,0.3229,0.3229,0.3229,0.3229,0.3229,0.3229,0.3229,0.3229,0.3229,0.3229,0.3229,0.33061,0.34635,0.41019,0.4626,0.49756,0.53049,0.56241,0.59433,0.62491,0.65075,0.66381,0.66381,0.66381,0.66381,0.66381,0.66381,0.66381,0.6593,0.6517,0.62299,0.60019,0.63211,0.65388,0.66148,0.66381,0.66381,0.66381,0.66418,0.6657,0.68292,0.71484,0.72632,0.7332,0.75144,0.77434,0.80626,0.83818,0.8701,0.90202,0.93394,0.96586,0.99778,1.0297,1.0529,1.0727,1.0639,1.0403,0.9765,0.92821,0.89325,0.87807,0.86716,0.85348,0.83319,0.80127,0.76935,0.73743,0.70551,0.67359,0.64167,0.60273,0.55561,0.49618,0.43234,0.3685,0.30466,0.24082,0.17698,0.11313,0.049292,-0.012544,-0.058144,-0.086206,-0.086206,-0.086206,-0.086206,-0.13448,-0.18489,-0.23049,-0.26947,-0.30139,-0.33331,-0.36524,-0.39716,-0.42066,-0.42522,-0.42712,-0.42712,-0.42712,-0.42772,-0.43228,-0.44797,-0.47989,-0.53148,-0.59229,-0.656,-0.71984,-0.78368,-0.84445,-0.90221,-0.93981,-0.97006,-0.97158,-0.98763,-1.0332,-1.0715,-1.1049,-1.1156,-1.127,-1.1589,-1.1908,-1.2227,-1.2376,-1.2452,-1.2617,-1.2799,-1.3027,-1.3143,-1.3158,-1.3417,-1.3717,-1.3777,-1.3881,-1.4063,-1.4332,-1.4651,-1.4943,-1.5181,-1.5181,-1.5304,-1.5577,-1.5741,-1.5862,-1.5862,-1.5862,-1.5862,-1.5862,-1.5862,-1.5862,-1.5862,-1.5862,-1.5862,-1.5862,-1.5862,-1.5862,-1.5862,-1.5862,-1.5862,-1.5862,-1.5862,-1.5862,-1.5864,-1.594,-1.6088,-1.6407,-1.6544,-1.6544,-1.675,-1.6982,-1.7134,-1.719,-1.7099,-1.6855,-1.6536,-1.6216,-1.5954,-1.5893,-1.5772,-1.559,-1.5302,-1.4983,-1.4664,-1.4345,-1.4025,-1.3706,-1.3387,-1.3068,-1.2714,-1.2151,-1.1443,-1.0531,-0.98085,-0.91701,-0.85317,-0.78933,-0.72549,-0.66165,-0.59781,-0.53396,-0.47012,-0.40628,-0.35279,-0.31935,-0.27281,-0.21809,-0.16879,-0.1204,-0.073278,-0.0047768,0.090985,0.18675,0.28251,0.37827,0.47844,0.59092,0.70668,0.82524,0.92402,1.0156,1.0794,1.1339,1.1719,1.206,1.2379,1.2505,1.2543,1.2284,1.2293,1.2612,1.2931,1.325,1.3569,1.3854,1.4051,1.4164,1.4209,1.4484,1.4771,1.4801,1.482,1.482,1.473,1.4593,1.4286,1.3967,1.3648,1.3475,1.346,1.3284,1.3048,1.2576,1.2101,1.1614,1.1411,1.1411,1.1411,1.1443,1.1686,1.1892,1.2044,1.2031,1.1939,1.1645,1.1411,1.1411,1.128,1.1022,1.0716,1.0397,1.0078,0.97485,0.93989,0.88747,0.82363,0.75979,0.69899,0.65491,0.61083,0.56675,0.51198,0.4527,0.42018,0.38096,0.32016,0.2802,0.25892,0.25471,0.25471,0.25471,0.25471,0.25471,0.21663,0.15583,0.13338,0.113,0.082599,0.037132,-0.026708,-0.090549,-0.15439
-0.96348,-0.96348,-0.96348,-0.96348,-0.96348,-0.96348,-0.96351,-0.96392,-0.96593,-0.98229,-0.99864,-1.015,-1.0314,-1.0477,-1.0639,-1.0795,-1.0919,-1.0919,-1.0919,-1.0919,-1.0919,-1.0919,-1.0919,-1.0919,-1.0919,-1.0919,-1.0919,-1.0919,-1.0919,-1.0919,-1.0922,-1.0932,-1.0978,-1.1076,-1.1174,-1.1272,-1.137,-1.1468,-1.156,-1.1646,-1.1689,-1.1689,-1.1689,-1.1689,-1.1689,-1.1689,-1.1689,-1.1689,-1.1689,-1.1689,-1.1689,-1.1689,-1.1689,-1.1689,-1.1689,-1.1689,-1.1689,-1.1689,-1.1689,-1.1689,-1.1689,-1.1689,-1.1694,-1.1701,-1.1728,-1.1761,-1.1794,-1.1826,-1.1859,-1.1892,-1.1918,-1.1943,-1.1946,-1.1946,-1.1946,-1.1946,-1.1946,-1.1946,-1.1946,-1.1946,-1.1946,-1.1946,-1.1946,-1.1946,-1.1946,-1.1946,-1.1946,-1.1946,-1.1946,-1.1946,-1.1946,-1.1946,-1.1946,-1.1946,-1.1946,-1.1946,-1.1946,-1.1946,-1.1946,-1.1946,-1.1946,-1.1934,-1.1891,-1.1821,-1.1691,-1.156,-1.1429,-1.1298,-1.1167,-1.1023,-1.0858,-1.0667,-1.0438,-1.0209,-0.99799,-0.97509,-0.95219,-0.9287,-0.90458,-0.87942,-0.85325,-0.82709,-0.80092,-0.77475,-0.74859,-0.71783,-0.68382,-0.64262,-0.59682,-0.55103,-0.50524,-0.45945,-0.41366,-0.36406,-0.31271,-0.25601,-0.19714,-0.13826,-0.079393,-0.02052,0.038354,0.10069,0.16398,0.23165,0.30034,0.36902,0.43771,0.5064,0.57508,0.63964,0.70366,0.76299,0.82186,0.88074,0.93961,0.99848,1.0574,1.1049,1.1522,1.1882,1.2242,1.2601,1.2961,1.3321,1.367,1.391,1.4137,1.4268,1.4399,1.453,1.466,1.4791,1.4908,1.4967,1.5014,1.5014,1.5014,1.5014,1.5014,1.5014,1.5003,1.4965,1.4919,1.4853,1.4788,1.4723,1.4657,1.4592,1.4511,1.4406,1.4291,1.416,1.4029,1.3898,1.3767,1.3637,1.3516,1.3405,1.3301,1.3203,1.3105,1.3007,1.2909,1.2811,1.2713,1.2615,1.2516,1.2418,1.232,1.2222,1.2124,1.2026,1.1912,1.1792,1.1664,1.1534,1.1403,1.1272,1.1141,1.101,1.0861,1.0708,1.0546,1.0382,1.0219,1.0055,0.98916,0.97281,0.95857,0.94459,0.93143,0.91835,0.90527,0.89218,0.8791,0.86602,0.85293,0.83985,0.82677,0.81368,0.8006,0.78752,0.77444,0.76111,0.7455,0.72979,0.71344,0.69708,0.68073,0.66437,0.64802,0.63218,0.61844,0.60485,0.59176,0.57868,0.5656,0.55251,0.53943,0.52715,0.51676,0.50656,0.49675,0.48694,0.47712,0.46731,0.4575,0.44879,0.44176,0.43493,0.42839,0.42185,0.41531,0.40876,0.40222,0.3971,0.39342,0.38996,0.38669,0.38342,0.38014,0.37687,0.3736,0.36857,0.36236,0.35594,0.3494,0.34286,0.33632,0.32977,0.32323,0.31669,0.31015,0.30361,0.29707,0.29053,0.28398,0.27744,0.2709,0.26436,0.25782,0.25128,0.24473,0.23819,0.23165,0.22511,0.21857,0.21203,0.20549,0.19894,0.1924,0.18586,0.17932,0.17278,0.16624
-1.0224,-1.0224,-1.0224,-1.0224,-1.0224,-1.0224,-1.0224,-1.0224,-1.0224,-1.0224,-1.0224,-1.0224,-1.0224,-1.0224,-1.0224,-1.0224,-1.0224,-1.0224,-1.0224,-1.0224,-1.0224,-1.0224,-1.0224,-1.0224,-1.0224,-1.0224,-1.0224,-1.0224,-1.0224,-1.0224,-1.0224,-1.0224,-1.0224,-1.0224,-1.0224,-1.0224,-1.0224,-1.0224,-1.0224,-1.0224,-1.0224,-1.0224,-1.0224,-1.0224,-1.0224,-1.0224,-1.0224,-1.0224,-1.0224,-1.0224,-1.0224,-1.0224,-1.0224,-1.0224,-1.0224,-1.0224,-1.0318,-1.0477,-1.0636,-1.0796,-1.0955,-1.1115,-1.1274,-1.1433,-1.159,-1.171,-1.1804,-1.1884,-1.1963,-1.2059,-1.2181,-1.2341,-1.25,-1.2659,-1.2819,-1.2978,-1.3138,-1.3297,-1.3457,-1.3565,-1.3656,-1.3735,-1.3815,-1.3871,-1.3904,-1.3904,-1.3904,-1.3911,-1.3931,-1.4005,-1.4085,-1.4164,-1.4244,-1.4221,-1.4141,-1.4061,-1.3982,-1.3879,-1.3739,-1.3581,-1.3421,-1.3257,-1.3058,-1.2831,-1.2591,-1.2352,-1.213,-1.1937,-1.1778,-1.1619,-1.1459,-1.1272,-1.0953,-1.0634,-1.0315,-0.99963,-0.96775,-0.93586,-0.90398,-0.8721,-0.83762,-0.80084,-0.76098,-0.72113,-0.67973,-0.63589,-0.58048,-0.52468,-0.46889,-0.4131,-0.35168,-0.28792,-0.22416,-0.1604,-0.099279,-0.041538,0.014255,0.070049,0.12584,0.18163,0.23742,0.29322,0.34901,0.39748,0.4334,0.45732,0.48123,0.50514,0.52717,0.54311,0.55906,0.575,0.59094,0.63014,0.67439,0.72222,0.77004,0.82352,0.88163,0.94539,1.0092,1.0711,1.1306,1.1784,1.2262,1.2741,1.3219,1.3575,1.3894,1.4213,1.4532,1.485,1.5169,1.5488,1.5807,1.6087,1.6247,1.6276,1.6276,1.6276,1.6256,1.6203,1.6123,1.6044,1.5964,1.5837,1.5598,1.5359,1.512,1.4883,1.4703,1.4536,1.4377,1.4217,1.4058,1.3899,1.3739,1.358,1.343,1.3296,1.3216,1.3137,1.3057,1.2977,1.2898,1.2818,1.2738,1.2658,1.2579,1.2499,1.2419,1.234,1.2236,1.2077,1.1847,1.1608,1.1368,1.1109,1.0814,1.0495,1.0176,0.98571,0.95664,0.93273,0.90882,0.88491,0.861,0.83708,0.81317,0.78926,0.76535,0.74804,0.73534,0.72737,0.7194,0.71256,0.70745,0.70745,0.70745,0.70745,0.70745,0.70041,0.69244,0.68447,0.6765,0.66483,0.65048,0.63454,0.6186,0.60266,0.58672,0.57078,0.55484,0.53871,0.52077,0.49881,0.4749,0.45099,0.42707,0.40973,0.40176,0.39379,0.38582,0.37784,0.36987,0.3619,0.35393,0.34596,0.33799,0.33002,0.32205,0.31408,0.30736,0.30259,0.30259,0.30259,0.30259,0.30259,0.30259,0.30259,0.30259,0.30259,0.30665,0.31314,0.32111,0.32908,0.33871,0.35067,0.36659,0.38253,0.39847,0.41442,0.43036,0.4463,0.46224,0.47818,0.49037,0.49834,0.50631,0.51428,0.51976,0.51578,0.50865,0.50068,0.49271,0.48851,0.48662,0.48662,0.48662,0.48662,0.48662,0.48662,0.48662,0.48662,0.48662
-1.1074,-1.1074,-1.1074,-1.1074,-1.1074,-1.1074,-1.1074,-1.1074,-1.1074,-1.1074,-1.1074,-1.1074,-1.1074,-1.1074,-1.1074,-1.1074,-1.1074,-1.1074,-1.1074,-1.1074,-1.1074,-1.1074,-1.1074,-1.1074,-1.1074,-1.1074,-1.1074,-1.1074,-1.1074,-1.1074,-1.1074,-1.1074,-1.1074,-1.1074,-1.1074,-1.1074,-1.1074,-1.1074,-1.1074,-1.1074,-1.1074,-1.1074,-1.1074,-1.1074,-1.1074,-1.1074,-1.1074,-1.1074,-1.1074,-1.1074,-1.1074,-1.1074,-1.1074,-1.1074,-1.1074,-1.1074,-1.1074,-1.1074,-1.1074,-1.1074,-1.1074,-1.1074,-1.1074,-1.1074,-1.1074,-1.1147,-1.1221,-1.1472,-1.1723,-1.1974,-1.2225,-1.2473,-1.2721,-1.2847,-1.2972,-1.3098,-1.3223,-1.3349,-1.3474,-1.3458,-1.3443,-1.338,-1.3317,-1.3255,-1.3192,-1.3009,-1.2826,-1.2512,-1.2198,-1.1885,-1.1571,-1.1244,-1.0917,-1.0541,-1.0165,-0.97882,-0.94117,-0.90353,-0.86588,-0.82824,-0.79059,-0.75295,-0.7153,-0.67766,-0.64001,-0.60237,-0.56472,-0.52708,-0.48944,-0.45179,-0.41415,-0.37898,-0.34382,-0.31245,-0.28108,-0.2497,-0.21833,-0.18696,-0.15559,-0.12422,-0.092851,-0.061481,-0.03011,0.0012611,0.032632,0.074721,0.11681,0.16073,0.20465,0.24857,0.29249,0.34739,0.40228,0.46503,0.52777,0.59051,0.65325,0.71991,0.78657,0.86187,0.93716,1.0124,1.0877,1.1628,1.2378,1.3068,1.3758,1.4448,1.5139,1.5829,1.6519,1.6919,1.7319,1.7632,1.7946,1.826,1.8574,1.873,1.8887,1.8887,1.8887,1.8887,1.8887,1.8887,1.8887,1.8887,1.8887,1.8887,1.8887,1.8887,1.8887,1.8767,1.8647,1.8521,1.8396,1.827,1.8145,1.7933,1.7721,1.747,1.7219,1.6968,1.6717,1.6493,1.6268,1.608,1.5891,1.5703,1.5515,1.5308,1.5102,1.4788,1.4474,1.4161,1.3847,1.3533,1.322,1.2741,1.2263,1.1761,1.1259,1.0757,1.0255,0.97912,0.93272,0.8888,0.84488,0.80096,0.75703,0.71521,0.67338,0.63573,0.59809,0.56044,0.5228,0.48633,0.44986,0.43104,0.41222,0.3934,0.37457,0.35575,0.33693,0.32307,0.30922,0.29667,0.28412,0.27157,0.25903,0.24648,0.23393,0.22138,0.20883,0.19628,0.18374,0.17119,0.15864,0.14609,0.13354,0.12099,0.10845,0.095896,0.083348,0.0708,0.058252,0.045703,0.033155,0.020607,0.0080582,0.0043982,0.00073828,0.00073828,0.00073828,0.00073828,0.00073828,0.00073828,0.00073828,0.00073828,0.00073828,0.00073828,0.00073828,0.00073828,0.00073828,0.00073828,0.00073828,0.00073828,0.00073828,0.00073828,0.00073828,0.00073828,0.00073828,0.00073828,0.00073828,0.00073828,0.00073828,0.0046596,0.008581,0.014855,0.02113,0.027404,0.033678,0.03773,0.041782,0.041782,0.041782,0.041782,0.041782,0.041259,0.040736,0.034462,0.028188,0.021914,0.01564,0.0093653,0.0030911,-0.003183,-0.0094573,-0.015732,-0.022006,-0.02828,-0.034554,-0.044227,-0.053899,-0.066448,-0.078996,-0.091544,-0.10409,-0.11494,-0.12579,-0.13206,-0.13834,-0.14461,-0.15088,-0.15716,-0.16343
1.6319,1.6319,1.6319,1.6319,1.6319,1.6319,1.6319,1.6319,1.6319,1.6319,1.6319,1.6319,1.6319,1.6319,1.6319,1.6319,1.6319,1.6319,1.6319,1.6319,1.6319,1.6319,1.6319,1.6319,1.6319,1.6319,1.6273,1.6226,1.6097,1.5932,1.5834,1.5831,1.5829,1.5829,1.5829,1.5774,1.5712,1.5581,1.5403,1.5176,1.4845,1.4503,1.3917,1.333,1.2686,1.2024,1.1335,1.0617,0.9839,0.88465,0.7854,0.68614,0.5869,0.49389,0.404,0.31692,0.23421,0.1515,0.068792,-0.013918,-0.083246,-0.15004,-0.20413,-0.24845,-0.28779,-0.31495,-0.34196,-0.35944,-0.37692,-0.40593,-0.43902,-0.4721,-0.50518,-0.53827,-0.57135,-0.60443,-0.63979,-0.67537,-0.71991,-0.76953,-0.80898,-0.83052,-0.85241,-0.878,-0.90359,-0.93197,-0.961,-0.98333,-0.99987,-1.0164,-1.033,-1.0495,-1.0661,-1.0826,-1.0951,-1.1061,-1.1125,-1.1131,-1.1163,-1.1328,-1.1494,-1.1659,-1.1825,-1.199,-1.2156,-1.2314,-1.2457,-1.2593,-1.2593,-1.2593,-1.2807,-1.3082,-1.3341,-1.3584,-1.381,-1.3975,-1.4141,-1.4306,-1.4471,-1.4533,-1.4545,-1.4553,-1.4553,-1.4553,-1.4553,-1.4553,-1.4553,-1.4553,-1.4553,-1.4553,-1.4553,-1.4553,-1.4551,-1.4482,-1.4413,-1.4286,-1.4139,-1.4063,-1.4063,-1.4063,-1.4063,-1.4063,-1.4063,-1.4063,-1.4018,-1.3949,-1.3782,-1.3451,-1.312,-1.2789,-1.2458,-1.2127,-1.1797,-1.1493,-1.1212,-1.0963,-1.0798,-1.0632,-1.0302,-0.99706,-0.94724,-0.89106,-0.8304,-0.76423,-0.69806,-0.63189,-0.56573,-0.49957,-0.4334,-0.3754,-0.32234,-0.27612,-0.24272,-0.21055,-0.19401,-0.17746,-0.16092,-0.14438,-0.10488,-0.044328,0.01999,0.095832,0.17168,0.25419,0.3369,0.41961,0.50232,0.58503,0.66773,0.74881,0.82028,0.89176,0.94776,1.0015,1.0429,1.076,1.1091,1.1422,1.1741,1.1816,1.1891,1.1848,1.177,1.1663,1.1526,1.1418,1.1418,1.1418,1.1418,1.1418,1.1543,1.173,1.194,1.2183,1.2398,1.2398,1.2398,1.2398,1.2398,1.2213,1.1885,1.1509,1.1013,1.0516,1.0001,0.9486,0.87404,0.79133,0.71441,0.64418,0.57614,0.51746,0.45879,0.40837,0.35875,0.30912,0.25949,0.21496,0.17938,0.1448,0.12077,0.096732,0.075486,0.054888,0.027594,-0.0054904,-0.034503,-0.051982,-0.069459,-0.086015,-0.10256,-0.12309,-0.14525,-0.17189,-0.20435,-0.23427,-0.25081,-0.26735,-0.2839,-0.30044,-0.31698,-0.33352,-0.34861,-0.36078,-0.37129,-0.35475,-0.3382,-0.33241,-0.3296,-0.32822,-0.32822,-0.32822,-0.32822,-0.32822,-0.32822,-0.32822,-0.3178,-0.3025,-0.2867,-0.27016,-0.25431,-0.24308,-0.23184,-0.22995,-0.22963,-0.21991,-0.20337,-0.19044,-0.18576,-0.18121,-0.18121,-0.18121,-0.18121,-0.18121,-0.18121,-0.18121,-0.18121,-0.18121,-0.18121,-0.17339,-0.16497,-0.15125,-0.13471,-0.11816,-0.10162,-0.086598,-0.085038,-0.083477,-0.091456,-0.10144,-0.11229,-0.12384,-0.13221,-0.13221,-0.13221
-0.53988,-0.53988,-0.53988,-0.53988,-0.53988,-0.53988,-0.53988,-0.53988,-0.53988,-0.53988,-0.53988,-0.53988,-0.53988,-0.53988,-0.53988,-0.53988,-0.53988,-0.53988,-0.53988,-0.53988,-0.53988,-0.53988,-0.53988,-0.53988,-0.53988,-0.53988,-0.53988,-0.53988,-0.53988,-0.53988,-0.53988,-0.53988,-0.53988,-0.53988,-0.53988,-0.53988,-0.53988,-0.53988,-0.53988,-0.53988,-0.53988,-0.53988,-0.53988,-0.53988,-0.53988,-0.53988,-0.53988,-0.53988,-0.53988,-0.53988,-0.53988,-0.53988,-0.53988,-0.53988,-0.54298,-0.54755,-0.5556,-0.56511,-0.57461,-0.58412,-0.59059,-0.59608,-0.59729,-0.59729,-0.59729,-0.59729,-0.59729,-0.59729,-0.59729,-0.59729,-0.59729,-0.59729,-0.59994,-0.60286,-0.61191,-0.62142,-0.63093,-0.64044,-0.65111,-0.66183,-0.67609,-0.69035,-0.70461,-0.71892,-0.7341,-0.74959,-0.7686,-0.78762,-0.80663,-0.82565,-0.84466,-0.86368,-0.88269,-0.90171,-0.92072,-0.93974,-0.95875,-0.97777,-0.99678,-1.0158,-1.0348,-1.0539,-1.073,-1.0935,-1.1173,-1.141,-1.1648,-1.1886,-1.2123,-1.2344,-1.2536,-1.2727,-1.2917,-1.3107,-1.3297,-1.3487,-1.3678,-1.3868,-1.4058,-1.4248,-1.4438,-1.4607,-1.4757,-1.4903,-1.5045,-1.5188,-1.533,-1.5404,-1.5435,-1.5446,-1.5446,-1.5446,-1.5446,-1.5326,-1.5153,-1.4934,-1.4696,-1.4458,-1.4221,-1.3837,-1.3407,-1.2904,-1.2381,-1.1858,-1.1335,-1.069,-1.0021,-0.9273,-0.85124,-0.77519,-0.69913,-0.60856,-0.51659,-0.41281,-0.30822,-0.20364,-0.099058,0.012565,0.12436,0.24321,0.36205,0.48089,0.59908,0.70741,0.81457,0.90964,1.0047,1.0998,1.1931,1.2754,1.3543,1.4161,1.4779,1.5397,1.5995,1.652,1.6999,1.7331,1.7664,1.7997,1.8322,1.8629,1.8915,1.9152,1.939,1.9628,1.9843,2.0021,2.011,2.0063,2.0015,1.9968,1.9914,1.9852,1.9752,1.9609,1.9467,1.9324,1.9179,1.9032,1.8862,1.8672,1.8481,1.8291,1.8098,1.7902,1.7622,1.7289,1.6957,1.6624,1.6291,1.5958,1.5593,1.5214,1.4834,1.4453,1.4073,1.3693,1.3279,1.2855,1.2428,1.2,1.1572,1.1144,1.0578,0.99853,0.93707,0.87527,0.81347,0.75167,0.73571,0.72382,0.72315,0.72315,0.72315,0.72315,0.70898,0.69463,0.67561,0.6566,0.63758,0.61857,0.59955,0.58054,0.56152,0.54251,0.52349,0.50492,0.48892,0.47321,0.45895,0.44469,0.43043,0.41617,0.40191,0.38765,0.37339,0.35913,0.34486,0.33206,0.32274,0.31488,0.31013,0.30537,0.30062,0.29505,0.2881,0.28014,0.27063,0.26113,0.25162,0.24297,0.23538,0.22913,0.22438,0.21962,0.21487,0.2084,0.20035,0.18891,0.17464,0.16038,0.14612,0.1335,0.12198,0.11467,0.10992,0.10517,0.10041,0.094922,0.089071,0.080668,0.071161,0.061653,0.052147,0.042639,0.033132,0.023624,0.014117,0.0046091,-0.0048984,-0.013502,-0.021912,-0.023182,-0.023182,-0.023182,-0.023182,-0.022935,-0.022661,-0.018245,-0.013491,-0.0087379,-0.0039842,0.00076953,0.0055232
1.2098,1.2098,1.2098,1.2098,1.2098,1.2098,1.2098,1.2098,1.2098,1.2098,1.2098,1.2098,1.2098,1.2098,1.2098,1.2098,1.2098,1.2098,1.216,1.2248,1.2532,1.2736,1.2748,1.2754,1.2754,1.2754,1.2754,1.2754,1.2648,1.238,1.2102,1.1818,1.1534,1.125,1.0966,1.0552,1.0005,0.94417,0.88768,0.83798,0.79507,0.76667,0.7229,0.66861,0.58386,0.48912,0.36216,0.21706,0.04666,-0.1061,-0.25102,-0.34707,-0.42782,-0.46583,-0.46954,-0.44114,-0.41274,-0.38638,-0.38888,-0.4022,-0.43645,-0.48457,-0.54137,-0.59817,-0.65497,-0.71177,-0.76857,-0.82536,-0.88216,-0.93896,-0.99576,-1.0526,-1.1094,-1.1635,-1.2152,-1.248,-1.2743,-1.2789,-1.2818,-1.2818,-1.2818,-1.2818,-1.2818,-1.2775,-1.2541,-1.2347,-1.2201,-1.2224,-1.2313,-1.2881,-1.3383,-1.3722,-1.4104,-1.4522,-1.5065,-1.5633,-1.6201,-1.6683,-1.7025,-1.7244,-1.7398,-1.7377,-1.7291,-1.7007,-1.6616,-1.6111,-1.5748,-1.5444,-1.5532,-1.5855,-1.6707,-1.7179,-1.738,-1.7304,-1.7155,-1.6821,-1.6276,-1.5424,-1.4572,-1.3721,-1.298,-1.2284,-1.1716,-1.1148,-1.058,-1.0175,-0.98322,-0.97737,-0.98281,-1.0112,-1.0396,-1.068,-1.0784,-1.0851,-1.0851,-1.0841,-1.0816,-1.0409,-0.98407,-0.92727,-0.87311,-0.82675,-0.78987,-0.76147,-0.73307,-0.70316,-0.65513,-0.60402,-0.54722,-0.49094,-0.43498,-0.42944,-0.42607,-0.40686,-0.37918,-0.34117,-0.28954,-0.23274,-0.17594,-0.10881,-0.014429,0.090512,0.20411,0.31771,0.42854,0.51415,0.59961,0.68481,0.78707,0.89858,1.0644,1.2185,1.3062,1.3588,1.3721,1.3605,1.3409,1.3409,1.357,1.4113,1.4871,1.579,1.6624,1.7343,1.7343,1.7132,1.6597,1.6155,1.5758,1.5539,1.5376,1.5376,1.5636,1.6163,1.685,1.7593,1.8516,1.9507,2.0643,2.101,2.0852,2.0019,1.9004,1.7518,1.594,1.4236,1.2885,1.169,1.0706,0.97742,0.89849,0.83099,0.77419,0.65791,0.52324,0.35034,0.16662,-0.038024,-0.25654,-0.48374,-0.6232,-0.73201,-0.74036,-0.7052,-0.61458,-0.50754,-0.39395,-0.25639,-0.12518,-0.012419,0.080104,0.15528,0.19242,0.21872,0.22332,0.2108,0.1682,0.098447,0.013249,-0.071949,-0.15278,-0.21459,-0.26136,-0.2906,-0.29831,-0.29831,-0.29831,-0.29831,-0.29831,-0.29831,-0.29831,-0.29517,-0.2887,-0.2603,-0.22323,-0.17228,-0.11747,-0.060672,-0.0069947,0.041231,0.06963,0.065922,0.027917,-0.014838,-0.058488,-0.083964,-0.1016,-0.1016,-0.11425,-0.13596,-0.16341,-0.19115,-0.21454,-0.21687,-0.18847,-0.16007,-0.13167,-0.10327,-0.074872,-0.046473,-0.018073,0.010326,0.022433,0.029537,0.029537,0.029537,0.029537,0.029537,0.029537,0.029537,0.029537,0.029537,0.029537,0.029537,0.029537,0.029537,0.029537,0.029537,0.029537,0.029978,0.030813,0.05376,0.08065,0.08942,0.098631,0.10866,0.12993,0.15791,0.16068,0.16068,0.16068,0.16068,0.16068,0.16068,0.16068
-0.78549,-0.78549,-0.78549,-0.78549,-0.78549,-0.78549,-0.78549,-0.78549,-0.78549,-0.78549,-0.78549,-0.78724,-0.79524,-0.81509,-0.83428,-0.84829,-0.84829,-0.84829,-0.84829,-0.84829,-0.84829,-0.84829,-0.84829,-0.84829,-0.84829,-0.84829,-0.84829,-0.84829,-0.84829,-0.84829,-0.84829,-0.84834,-0.85994,-0.89229,-0.93475,-0.97555,-0.99789,-1.0195,-1.0466,-1.0888,-1.1319,-1.1947,-1.2743,-1.3607,-1.4229,-1.4735,-1.5186,-1.5722,-1.6351,-1.6931,-1.7399,-1.7615,-1.7831,-1.8047,-1.8263,-1.8477,-1.8531,-1.8531,-1.8521,-1.8337,-1.8131,-1.7915,-1.7699,-1.7483,-1.719,-1.6827,-1.6395,-1.5884,-1.5287,-1.4652,-1.4052,-1.3607,-1.3159,-1.2607,-1.1743,-1.0879,-1.0224,-0.97589,-0.93269,-0.91661,-0.91109,-0.91109,-0.91109,-0.91109,-0.9069,-0.89629,-0.87469,-0.84859,-0.81469,-0.77135,-0.72555,-0.66629,-0.60149,-0.53642,-0.45082,-0.36469,-0.28934,-0.23774,-0.19429,-0.15109,-0.10789,-0.064691,-0.021491,0.021709,0.068246,0.12585,0.20891,0.30143,0.40931,0.56051,0.71171,0.86291,1.0141,1.1653,1.3314,1.5025,1.6691,1.7811,1.8737,1.9505,2.0121,2.0553,2.0806,2.0841,2.0626,2.046,2.0405,2.0415,2.0447,2.0869,2.1301,2.1623,2.1659,2.1661,2.1757,2.1933,2.2149,2.2134,2.1997,2.1763,2.1451,2.1037,2.0543,1.9941,1.9077,1.8236,1.7485,1.6837,1.6189,1.5701,1.5265,1.4833,1.4401,1.3969,1.3537,1.3105,1.2673,1.2241,1.1809,1.1377,1.0945,1.0513,1.0081,0.96491,0.92171,0.87816,0.82931,0.76451,0.69971,0.64516,0.59971,0.55651,0.51331,0.47011,0.42691,0.38371,0.34051,0.30521,0.28211,0.28211,0.27814,0.26611,0.24476,0.22676,0.23731,0.25891,0.27999,0.28159,0.28211,0.27662,0.26002,0.23851,0.20852,0.17131,0.12811,0.09412,0.067709,0.046109,0.024509,0.0029091,-0.018691,-0.040291,-0.061891,-0.083491,-0.083619,-0.062691,-0.041091,-0.03393,-0.031891,-0.03356,-0.04796,-0.067891,-0.084865,-0.094692,-0.094692,-0.1002,-0.11309,-0.13431,-0.14331,-0.11669,-0.073759,-0.031359,-0.0094909,0.012109,0.022619,0.006219,-0.015091,-0.036691,-0.058291,-0.079891,-0.10149,-0.12309,-0.14288,-0.15568,-0.15749,-0.15198,-0.13589,-0.092692,-0.049491,-0.0062909,0.036909,0.080109,0.13891,0.20291,0.26511,0.29631,0.32051,0.33187,0.32611,0.30451,0.27604,0.24051,0.19731,0.16065,0.13371,0.11211,0.090509,0.068909,0.047309,0.025709,0.0041091,-0.017491,-0.029048,-0.031891,-0.031891,-0.044486,-0.062691,-0.084291,-0.10589,-0.12749,-0.15646,-0.19709,-0.26189,-0.32327,-0.37629,-0.41925,-0.45945,-0.45429,-0.43269,-0.40887,-0.32967,-0.24549,-0.15367,-0.051467,0.056509,0.15647,0.24931,0.33571,0.39638,0.43291,0.45018,0.45498,0.41611,0.37167,0.32211,0.25731,0.19251,0.1383,0.094109,0.050909,0.021717,-0.0022909,-0.020389,-0.014789,0.0033091,0.024909,0.046509,0.068109,0.084689,0.093709,0.093709,0.093709,0.093709,0.093709,0.093709
-0.1978,-0.1978,-0.1978,-0.1978,-0.1978,-0.1978,-0.1978,-0.1978,-0.1978,-0.1978,-0.1978,-0.1978,-0.1978,-0.1978,-0.1978,-0.1978,-0.1978,-0.1978,-0.1978,-0.1978,-0.1978,-0.1978,-0.1978,-0.1978,-0.1978,-0.1978,-0.1978,-0.1978,-0.1978,-0.1978,-0.1978,-0.1978,-0.1978,-0.1978,-0.1978,-0.1978,-0.1978,-0.1978,-0.1978,-0.1978,-0.1978,-0.1978,-0.20198,-0.21019,-0.22112,-0.23204,-0.23505,-0.23593,-0.23612,-0.23763,-0.24856,-0.25949,-0.27042,-0.28135,-0.29228,-0.30321,-0.30962,-0.31219,-0.31219,-0.31219,-0.31219,-0.31219,-0.31269,-0.31488,-0.32531,-0.33624,-0.3452,-0.35032,-0.35032,-0.35032,-0.35032,-0.35032,-0.35032,-0.351,-0.35834,-0.36927,-0.3802,-0.39113,-0.40206,-0.41299,-0.42542,-0.44339,-0.46496,-0.48682,-0.51227,-0.54438,-0.57717,-0.60617,-0.62574,-0.63667,-0.6476,-0.66366,-0.68355,-0.7054,-0.72776,-0.75837,-0.79065,-0.82344,-0.85623,-0.88902,-0.9218,-0.95716,-0.99637,-1.0401,-1.0838,-1.122,-1.1567,-1.1895,-1.2222,-1.255,-1.2878,-1.3197,-1.3495,-1.3714,-1.3932,-1.4151,-1.4369,-1.4588,-1.4807,-1.4971,-1.5093,-1.5202,-1.5299,-1.5324,-1.5324,-1.5324,-1.5324,-1.5324,-1.5324,-1.5347,-1.5423,-1.5533,-1.5642,-1.5751,-1.5861,-1.597,-1.6054,-1.6086,-1.6086,-1.6086,-1.6025,-1.5929,-1.5819,-1.5724,-1.5707,-1.5705,-1.5697,-1.5654,-1.5545,-1.5436,-1.5293,-1.511,-1.4892,-1.4673,-1.4321,-1.391,-1.3473,-1.3036,-1.249,-1.1943,-1.141,-1.0906,-1.0469,-1.0032,-0.95945,-0.91573,-0.87202,-0.8283,-0.7779,-0.72411,-0.66879,-0.60904,-0.52592,-0.43849,-0.34842,-0.25128,-0.14218,-0.032889,0.086259,0.22067,0.36275,0.50463,0.6406,0.77175,0.9029,1.0175,1.1057,1.1822,1.2565,1.3133,1.3593,1.403,1.4393,1.4539,1.4649,1.4758,1.4868,1.4977,1.5086,1.5154,1.5181,1.5181,1.5181,1.5023,1.4822,1.4605,1.4401,1.4292,1.4183,1.4054,1.3891,1.3673,1.3454,1.319,1.2888,1.256,1.2233,1.2225,1.2315,1.2444,1.2641,1.3168,1.3714,1.4261,1.4807,1.5353,1.59,1.636,1.6726,1.7054,1.7361,1.7469,1.7469,1.7457,1.7302,1.6925,1.6488,1.605,1.5613,1.5176,1.4739,1.4338,1.4003,1.3675,1.3366,1.3104,1.2886,1.2667,1.25,1.2371,1.2262,1.2147,1.1951,1.1737,1.1518,1.13,1.1081,1.0863,1.067,1.0515,1.0406,1.0297,1.0132,0.99325,0.97139,0.94953,0.90884,0.8655,0.82353,0.78584,0.76398,0.74212,0.71481,0.67946,0.63574,0.59202,0.55376,0.51965,0.48686,0.45407,0.42128,0.3885,0.35571,0.32292,0.29013,0.25734,0.2269,0.20173,0.17987,0.15801,0.14579,0.14538,0.14538,0.14538,0.14538,0.14538,0.14538,0.14538,0.14538,0.14538,0.14682,0.15605,0.16675,0.17768,0.18861,0.19954,0.21047,0.21807,0.22164,0.22164,0.22164,0.23502,0.25419,0.27605,0.2979
-0.47559,-0.47559,-0.47559,-0.47559,-0.47559,-0.47559,-0.47559,-0.47559,-0.47559,-0.47559,-0.47559,-0.47559,-0.47559,-0.47559,-0.47559,-0.47559,-0.47559,-0.47559,-0.47559,-0.47559,-0.47559,-0.47559,-0.47559,-0.47605,-0.48115,-0.48968,-0.49939,-0.50883,-0.51259,-0.51372,-0.51372,-0.51372,-0.51372,-0.51372,-0.51372,-0.51372,-0.51372,-0.51372,-0.51372,-0.51372,-0.51372,-0.51372,-0.51372,-0.51372,-0.51372,-0.51372,-0.5139,-0.51487,-0.53121,-0.55064,-0.56988,-0.58798,-0.59945,-0.60917,-0.61888,-0.6286,-0.63831,-0.64803,-0.6579,-0.67065,-0.6881,-0.70753,-0.72699,-0.75031,-0.77748,-0.80662,-0.83576,-0.86948,-0.90644,-0.9453,-0.98415,-1.0179,-1.0488,-1.0779,-1.107,-1.1305,-1.1515,-1.1709,-1.1903,-1.2159,-1.2438,-1.2729,-1.3021,-1.3248,-1.3451,-1.3645,-1.3839,-1.3966,-1.4067,-1.4165,-1.4262,-1.4359,-1.4456,-1.4553,-1.464,-1.467,-1.467,-1.467,-1.4652,-1.4585,-1.4488,-1.439,-1.4293,-1.4196,-1.4099,-1.4002,-1.3874,-1.3708,-1.3514,-1.3319,-1.3088,-1.2824,-1.2533,-1.2241,-1.2033,-1.1886,-1.1789,-1.1692,-1.1595,-1.1498,-1.1401,-1.1304,-1.1206,-1.1109,-1.1012,-1.0915,-1.0818,-1.0721,-1.0624,-1.0526,-1.0375,-1.0189,-0.99946,-0.98003,-0.9606,-0.94117,-0.92174,-0.90177,-0.87681,-0.84766,-0.81852,-0.78938,-0.76023,-0.73109,-0.70194,-0.67465,-0.65118,-0.63176,-0.61233,-0.59769,-0.58998,-0.58998,-0.58998,-0.59285,-0.59897,-0.60868,-0.6184,-0.62484,-0.62811,-0.62811,-0.62811,-0.61731,-0.59678,-0.56764,-0.53849,-0.49778,-0.44669,-0.3884,-0.33011,-0.26375,-0.18974,-0.11202,-0.034305,0.043413,0.12113,0.19885,0.27657,0.33755,0.37857,0.41743,0.45592,0.4864,0.50583,0.52526,0.54233,0.54882,0.5391,0.52939,0.52363,0.52745,0.54688,0.56631,0.59283,0.63139,0.68968,0.74797,0.81057,0.87912,0.95683,1.0346,1.1098,1.182,1.25,1.318,1.3752,1.419,1.4482,1.4773,1.4921,1.4882,1.4688,1.4494,1.4299,1.4105,1.3911,1.3717,1.3582,1.3546,1.3546,1.3546,1.3634,1.3897,1.4188,1.4479,1.4827,1.531,1.5795,1.6277,1.6733,1.7121,1.751,1.7855,1.8081,1.7984,1.7887,1.7752,1.7547,1.7158,1.6769,1.6365,1.5936,1.5451,1.4965,1.4514,1.412,1.3828,1.3537,1.3264,1.3024,1.283,1.2636,1.2481,1.2403,1.2403,1.2403,1.2422,1.2489,1.2585,1.2682,1.2741,1.2687,1.2594,1.2497,1.2383,1.2202,1.2009,1.1815,1.1605,1.1319,1.1028,1.0737,1.0445,1.0154,0.98622,0.9576,0.93036,0.91093,0.8915,0.87128,0.84949,0.82034,0.7912,0.76406,0.74074,0.73097,0.72125,0.71267,0.70672,0.70644,0.70644,0.70525,0.70064,0.69138,0.68167,0.67312,0.66887,0.66831,0.66831,0.66506,0.64611,0.61876,0.58962,0.56048,0.53133,0.50219,0.47304,0.44321,0.40605,0.36764,0.32878,0.28992,0.25106,0.21221,0.17335,0.13449
-0.0098953,-0.0098953,-0.0098953,-0.0098953,-0.0098953,-0.0098953,-0.0098953,-0.0098953,-0.0098953,-0.0098953,-0.0098953,-0.0098953,-0.0098953,-0.0098953,-0.0098953,-0.0098953,-0.0098953,-0.0098953,-0.0098953,-0.0098953,-0.0098953,-0.0098953,-0.0098953,-0.0098953,-0.0098953,-0.0098953,-0.0098953,-0.0098953,-0.0098953,-0.0098953,-0.0098953,-0.0098953,-0.0098953,-0.0098953,-0.0098953,-0.0098953,-0.0098953,-0.0098953,-0.0098953,-0.0098953,-0.0098953,-0.0098953,-0.0098953,0.011127,0.054999,0.096203,0.13358,0.15828,0.21763,0.30281,0.40077,0.49958,0.59839,0.66044,0.70256,0.69643,0.64384,0.52033,0.39681,0.27372,0.15356,0.043858,-0.054953,-0.12845,-0.19364,-0.24462,-0.3091,-0.38321,-0.42022,-0.44427,-0.44427,-0.46086,-0.48491,-0.49835,-0.50633,-0.50633,-0.48881,-0.4671,-0.45188,-0.44427,-0.44427,-0.46238,-0.48772,-0.52784,-0.58814,-0.66225,-0.75473,-0.84405,-0.92508,-0.96738,-0.99027,-0.98019,-0.96402,-0.93932,-0.91462,-0.89447,-0.90099,-0.91437,-0.93433,-0.91521,-0.89382,-0.88295,-0.87901,-0.8796,-0.90355,-0.93227,-0.96903,-1.0146,-1.064,-1.1134,-1.1584,-1.1976,-1.2253,-1.2466,-1.2496,-1.251,-1.251,-1.251,-1.256,-1.2759,-1.2988,-1.3235,-1.3482,-1.3729,-1.3976,-1.4223,-1.447,-1.4717,-1.4892,-1.4975,-1.4992,-1.4992,-1.4992,-1.4992,-1.4992,-1.4992,-1.4992,-1.4992,-1.4912,-1.4783,-1.4537,-1.4462,-1.4702,-1.4867,-1.4992,-1.4992,-1.4992,-1.4992,-1.4916,-1.4796,-1.4549,-1.4302,-1.4055,-1.3876,-1.3751,-1.3751,-1.351,-1.313,-1.2693,-1.2326,-1.2079,-1.1832,-1.1581,-1.1295,-1.0913,-1.0419,-0.97979,-0.91364,-0.8417,-0.78221,-0.7328,-0.6709,-0.60496,-0.53165,-0.48973,-0.46502,-0.44032,-0.41562,-0.39091,-0.34896,-0.29975,-0.24026,-0.17392,-0.099813,-0.043655,0.0099288,0.067634,0.13457,0.20868,0.28278,0.35499,0.42258,0.47823,0.52764,0.57705,0.62645,0.67586,0.72526,0.77653,0.84214,0.91324,0.99031,1.0857,1.1785,1.2485,1.306,1.3542,1.3804,1.4013,1.4133,1.4173,1.4181,1.4422,1.4709,1.5064,1.5525,1.6019,1.6513,1.7096,1.7772,1.8715,1.9658,2.0441,2.1199,2.194,2.2681,2.3246,2.3424,2.3369,2.3179,2.2438,2.1697,2.0956,2.0244,1.9569,1.9074,1.8656,1.8315,1.8038,1.7719,1.7225,1.681,1.6451,1.6199,1.5952,1.5705,1.5458,1.5211,1.4964,1.4717,1.447,1.4146,1.3778,1.3284,1.2572,1.1651,1.0742,0.98751,0.9134,0.83929,0.76518,0.68495,0.59839,0.49958,0.41318,0.33259,0.25848,0.18437,0.11026,0.074168,0.052158,0.052158,0.052158,0.052158,0.064756,0.081357,0.10507,0.11421,0.11421,0.10202,0.085359,0.060656,0.035953,0.012029,-0.0020027,-0.0098953,-0.0098953,-0.0098953,-0.0098953,-0.0098953,-0.0098953,-0.0098953,-0.0098953,-0.0098953,-0.0098953,-0.0098953,-0.0098953,0.0084878,0.029234,0.053937,0.078639,0.10474,0.14624,0.18969,0.23554,0.26421,0.28891,0.31361,0.33735,0.36028,0.36243,0.35525,0.32877,0.28773,0.23832
-0.40409,-0.40409,-0.40409,-0.40409,-0.40409,-0.40409,-0.40409,-0.40409,-0.40409,-0.40409,-0.40409,-0.40409,-0.40409,-0.40409,-0.40409,-0.40409,-0.40409,-0.40409,-0.40409,-0.40409,-0.40409,-0.40409,-0.40409,-0.40409,-0.40409,-0.40409,-0.40409,-0.40409,-0.40409,-0.40409,-0.40409,-0.40409,-0.40409,-0.40594,-0.41665,-0.44505,-0.46469,-0.47214,-0.47623,-0.49162,-0.51895,-0.53497,-0.54019,-0.54019,-0.54019,-0.54328,-0.55319,-0.58158,-0.60997,-0.63836,-0.66928,-0.7161,-0.77078,-0.82756,-0.88434,-0.94113,-0.99791,-1.0547,-1.1115,-1.1683,-1.2144,-1.2513,-1.2795,-1.2864,-1.2887,-1.2887,-1.2887,-1.2942,-1.3139,-1.3455,-1.3858,-1.4413,-1.4981,-1.5549,-1.6117,-1.6469,-1.6771,-1.7055,-1.7339,-1.7478,-1.7395,-1.7111,-1.6828,-1.6544,-1.6165,-1.5662,-1.5094,-1.4733,-1.4465,-1.4249,-1.4249,-1.4331,-1.4509,-1.4792,-1.5076,-1.536,-1.5567,-1.5608,-1.5567,-1.5198,-1.463,-1.4062,-1.3494,-1.2841,-1.2094,-1.1243,-1.0763,-1.041,-1.0126,-0.98425,-0.96461,-0.96952,-0.99288,-0.98681,-0.94026,-0.88348,-0.8267,-0.76991,-0.69496,-0.61236,-0.52718,-0.44201,-0.35684,-0.27167,-0.18625,-0.086552,0.022427,0.12929,0.22205,0.30742,0.42654,0.56801,0.71495,0.88368,1.0606,1.2463,1.445,1.6437,1.8425,2.032,2.183,2.3235,2.4354,2.517,2.5781,2.5902,2.5771,2.5455,2.4887,2.432,2.3752,2.3167,2.233,2.1551,2.0969,2.0685,2.0401,2.0117,1.989,1.9779,1.9777,1.9479,1.8979,1.8412,1.7844,1.7276,1.6708,1.614,1.5573,1.5005,1.4397,1.3625,1.2786,1.1934,1.1089,1.0283,0.96691,0.91012,0.85334,0.79656,0.73978,0.683,0.62622,0.56944,0.51359,0.46823,0.43964,0.40366,0.35358,0.30138,0.25847,0.22983,0.20144,0.17305,0.14466,0.11627,0.087878,0.059487,0.031096,0.002705,-0.025685,-0.050666,-0.062153,-0.063829,-0.075573,-0.099588,-0.12798,-0.15637,-0.18135,-0.19993,-0.19993,-0.18944,-0.16959,-0.1412,-0.11281,-0.084417,-0.065931,-0.063829,-0.063829,-0.063829,-0.063829,-0.063829,-0.063829,-0.0745,-0.094603,-0.123,-0.12969,-0.1324,-0.14012,-0.16851,-0.18401,-0.17458,-0.14895,-0.134,-0.13188,-0.12181,-0.10067,-0.072281,-0.04389,-0.013674,0.02156,0.078342,0.11938,0.14032,0.1416,0.15807,0.18323,0.21163,0.24002,0.26841,0.2968,0.32754,0.36287,0.41946,0.46773,0.5068,0.53519,0.50808,0.46194,0.41169,0.3807,0.34873,0.30287,0.24818,0.20137,0.17045,0.15043,0.14032,0.14032,0.12185,0.096546,0.068156,0.039765,0.037469,0.089178,0.20274,0.3163,0.42987,0.53598,0.6299,0.71507,0.7649,0.7958,0.82073,0.82083,0.81451,0.79916,0.77077,0.7271,0.6752,0.61841,0.56163,0.50505,0.46432,0.43593,0.40754,0.37915,0.35076,0.32237,0.29398,0.28131,0.27643,0.27316,0.2478,0.22008,0.19169,0.16248,0.12455,0.072707,0.028283,0.0042221,0.0042221,0.0042221,0.0042221,0.0042221
-1.3212,-1.3212,-1.3212,-1.3212,-1.3212,-1.3212,-1.3212,-1.3212,-1.3212,-1.3212,-1.3212,-1.3212,-1.3212,-1.3212,-1.3212,-1.3212,-1.3212,-1.3212,-1.3212,-1.3212,-1.3214,-1.3232,-1.3285,-1.3354,-1.3423,-1.3492,-1.3543,-1.3572,-1.3572,-1.3572,-1.3572,-1.3572,-1.3572,-1.3572,-1.3572,-1.3572,-1.3572,-1.3572,-1.3572,-1.3572,-1.3572,-1.3572,-1.3572,-1.3572,-1.3572,-1.3572,-1.3572,-1.3572,-1.3572,-1.3572,-1.3572,-1.3572,-1.3572,-1.3572,-1.3572,-1.3572,-1.3572,-1.3566,-1.3533,-1.3473,-1.3405,-1.3336,-1.3267,-1.3225,-1.3212,-1.3212,-1.3212,-1.3208,-1.3192,-1.3079,-1.2941,-1.2804,-1.2666,-1.2577,-1.2542,-1.2611,-1.268,-1.2749,-1.2817,-1.2842,-1.2852,-1.2852,-1.2852,-1.2846,-1.2815,-1.2677,-1.254,-1.2402,-1.2265,-1.2079,-1.1847,-1.1572,-1.1297,-1.1022,-1.0735,-1.0412,-1.0072,-0.97281,-0.93841,-0.90412,-0.8735,-0.84598,-0.81846,-0.79094,-0.76277,-0.73296,-0.6992,-0.6648,-0.6304,-0.59599,-0.56426,-0.53476,-0.50724,-0.47972,-0.45219,-0.42467,-0.39715,-0.36963,-0.34211,-0.31459,-0.28834,-0.2639,-0.24326,-0.22262,-0.20198,-0.18134,-0.1527,-0.12079,-0.086388,-0.051987,-0.017585,0.022211,0.075534,0.13034,0.18539,0.24054,0.3004,0.36978,0.44547,0.52115,0.59683,0.66867,0.733,0.7888,0.84384,0.89887,0.95392,1.0051,1.0539,1.1021,1.1502,1.1974,1.2431,1.2778,1.3122,1.3466,1.381,1.4105,1.436,1.4567,1.4773,1.4979,1.5178,1.5104,1.4991,1.4853,1.4716,1.4571,1.4404,1.4197,1.3991,1.3784,1.3586,1.3472,1.3434,1.3434,1.3434,1.3434,1.3434,1.3434,1.3434,1.3434,1.3431,1.3414,1.3262,1.3055,1.2849,1.2642,1.2411,1.2147,1.1803,1.1459,1.1115,1.0771,1.0427,1.0083,0.97387,0.93947,0.90541,0.87342,0.85965,0.8459,0.83214,0.81838,0.80462,0.79086,0.7771,0.76334,0.74958,0.73582,0.72206,0.7083,0.69454,0.68077,0.66701,0.65944,0.65922,0.65922,0.65922,0.66042,0.66661,0.68399,0.70463,0.72527,0.74591,0.76221,0.77389,0.78077,0.78765,0.79453,0.80141,0.80297,0.80325,0.80325,0.80325,0.80325,0.80325,0.80325,0.80325,0.80325,0.80325,0.79637,0.78582,0.77205,0.75829,0.74453,0.73077,0.71701,0.70325,0.68949,0.67573,0.66326,0.65371,0.64683,0.63995,0.63307,0.62619,0.61931,0.61243,0.60555,0.59867,0.59179,0.58164,0.56885,0.55509,0.54133,0.52757,0.51381,0.50005,0.48629,0.47253,0.45877,0.44501,0.43125,0.41749,0.40372,0.38996,0.3762,0.36752,0.35992,0.35304,0.34616,0.33881,0.32965,0.31589,0.30212,0.28836,0.2746,0.2694,0.27116,0.27804,0.28492,0.2918,0.29868,0.30556,0.31245,0.31933,0.32626,0.33417,0.35442,0.38194,0.40946,0.43698,0.46265,0.48513,0.49936,0.51312,0.52688,0.54064,0.55119,0.55968,0.56656,0.57344,0.58032,0.5872
