-1.075,-1.075,-1.075,-1.075,-1.075,-1.075,-1.075,-1.075,-1.075,-1.075,-1.075,-1.075,-1.075,-1.075,-1.075,-1.075,-1.075,-1.075,-1.075,-1.075,-1.075,-1.075,-1.075,-1.075,-1.075,-1.075,-1.075,-1.075,-1.075,-1.075,-1.075,-1.075,-1.075,-1.075,-1.075,-1.075,-1.075,-1.075,-1.075,-1.075,-1.075,-1.075,-1.075,-1.075,-1.075,-1.075,-1.075,-1.075,-1.075,-1.075,-1.075,-1.075,-1.075,-1.075,-1.075,-1.075,-1.075,-1.075,-1.075,-1.075,-1.075,-1.075,-1.075,-1.075,-1.075,-1.075,-1.075,-1.075,-1.075,-1.075,-1.075,-1.075,-1.075,-1.075,-1.075,-1.075,-1.075,-1.075,-1.075,-1.075,-1.075,-1.075,-1.075,-1.075,-1.075,-1.075,-1.075,-1.075,-1.075,-1.075,-1.075,-1.075,-1.075,-1.075,-1.075,-1.075,-1.075,-1.075,-1.075,-1.075,-1.075,-1.075,-1.075,-1.075,-1.075,-1.075,-1.075,-1.075,-1.075,-1.075,-1.075,-1.075,-1.057,-1.034,-1.01,-0.9855,-0.9607,-0.9358,-0.9109,-0.886,-0.8613,-0.8385,-0.8158,-0.7985,-0.7819,-0.7654,-0.7488,-0.7322,-0.7156,-0.699,-0.6824,-0.6667,-0.6552,-0.6437,-0.6353,-0.627,-0.6188,-0.6105,-0.6022,-0.5939,-0.5856,-0.5773,-0.5669,-0.5505,-0.5342,-0.5176,-0.501,-0.4845,-0.4679,-0.4513,-0.4347,-0.4152,-0.3933,-0.3673,-0.3341,-0.3009,-0.2678,-0.2346,-0.2014,-0.1682,-0.1351,-0.1019,-0.06872,-0.03555,-0.002371,0.0308,0.06398,0.09715,0.1303,0.1635,0.1967,0.2303,0.264,0.3096,0.3593,0.4091,0.4588,0.5086,0.5584,0.6081,0.6579,0.7076,0.7574,0.8072,0.8569,0.9067,0.9564,1.006,1.056,1.106,1.155,1.205,1.252,1.271,1.29,1.299,1.307,1.315,1.323,1.332,1.34,1.348,1.354,1.358,1.35,1.341,1.333,1.325,1.317,1.308,1.3,1.292,1.282,1.27,1.256,1.24,1.223,1.206,1.19,1.173,1.157,1.14,1.123,1.111,1.101,1.092,1.083,1.075,1.067,1.058,1.05,1.042,1.034,1.025,1.017,1.009,1,0.992,0.9837,0.9754,0.9671,0.9588,0.9506,0.9505,0.9507,0.9572,0.9655,0.9738,0.9821,0.9904,0.9987,1.007,1.015,1.024,1.032,1.04,1.048,1.057,1.065,1.073,1.082,1.09,1.097,1.101,1.104,1.096,1.087,1.079,1.071,1.063,1.054,1.046,1.038,1.032,1.028,1.026,1.026,1.026,1.026,1.026,1.026,1.026,1.026,1.026,1.026,1.026,1.026,1.026,1.026,1.026,1.026,1.026,1.026,1.026,1.026,1.026,1.026,1.026,1.026,1.026,1.026,1.026,1.026,1.026,1.035,1.046,1.061,1.077,1.094,1.111,1.127,1.144,1.16,1.177,1.194
-0.677,-0.677,-0.677,-0.677,-0.677,-0.677,-0.677,-0.677,-0.677,-0.677,-0.677,-0.677,-0.677,-0.677,-0.677,-0.677,-0.677,-0.677,-0.677,-0.677,-0.677,-0.677,-0.677,-0.677,-0.677,-0.677,-0.677,-0.677,-0.677,-0.677,-0.677,-0.677,-0.677,-0.677,-0.677,-0.677,-0.6852,-0.6999,-0.7172,-0.7325,-0.7389,-0.7389,-0.7389,-0.7458,-0.7595,-0.7768,-0.7942,-0.8116,-0.8289,-0.8463,-0.8637,-0.881,-0.8984,-0.9158,-0.9332,-0.9505,-0.9679,-0.9896,-1.018,-1.053,-1.088,-1.123,-1.157,-1.192,-1.224,-1.248,-1.266,-1.283,-1.306,-1.339,-1.373,-1.403,-1.421,-1.421,-1.421,-1.421,-1.421,-1.421,-1.421,-1.421,-1.421,-1.421,-1.421,-1.421,-1.421,-1.422,-1.427,-1.444,-1.462,-1.477,-1.483,-1.483,-1.483,-1.483,-1.483,-1.483,-1.482,-1.471,-1.454,-1.436,-1.417,-1.383,-1.348,-1.313,-1.288,-1.27,-1.253,-1.236,-1.218,-1.201,-1.183,-1.166,-1.149,-1.131,-1.114,-1.097,-1.079,-1.062,-1.044,-1.027,-1.01,-0.9924,-0.975,-0.9576,-0.9403,-0.9181,-0.8862,-0.8515,-0.8167,-0.7929,-0.7741,-0.7567,-0.7357,-0.705,-0.6703,-0.6355,-0.6101,-0.5905,-0.5732,-0.5558,-0.5384,-0.5211,-0.5037,-0.4863,-0.469,-0.4516,-0.4324,-0.4046,-0.3699,-0.3352,-0.3004,-0.2657,-0.2309,-0.1973,-0.1718,-0.154,-0.1366,-0.1192,-0.1019,-0.08451,-0.06666,-0.0412,-0.007544,0.02719,0.06193,0.09666,0.1314,0.1662,0.2078,0.2581,0.3102,0.3593,0.4018,0.4365,0.4713,0.5114,0.5608,0.6129,0.6607,0.6966,0.714,0.7314,0.7447,0.7483,0.7483,0.7483,0.7483,0.7483,0.7483,0.7455,0.7329,0.7156,0.6991,0.6864,0.6864,0.6864,0.6864,0.6864,0.6864,0.6868,0.6895,0.7069,0.7243,0.7416,0.759,0.7764,0.7937,0.8111,0.8285,0.8458,0.8632,0.8721,0.8723,0.8723,0.8723,0.8723,0.8723,0.8723,0.8723,0.8723,0.8723,0.8723,0.8862,0.9031,0.9204,0.9378,0.9552,0.9725,0.9899,1.007,1.025,1.042,1.064,1.095,1.13,1.165,1.189,1.208,1.226,1.243,1.26,1.278,1.295,1.312,1.33,1.347,1.365,1.382,1.399,1.417,1.434,1.451,1.469,1.484,1.492,1.492,1.492,1.492,1.492,1.492,1.491,1.482,1.466,1.448,1.435,1.43,1.43,1.43,1.43,1.43,1.43,1.43,1.43,1.43,1.43,1.417,1.387,1.352,1.317,1.282,1.248,1.213,1.178,1.143,1.109,1.078,1.058,1.058,1.058,1.055,1.041,1.024,1.006,0.9891,0.9718,0.9544,0.937,0.9196,0.9023,0.8849,0.8675,0.8502,0.8328,0.8154,0.7981,0.7807,0.7633,0.746,0.7286,0.7112,0.6939,0.6765,0.6591,0.6418,0.6244
-0.997,-0.997,-0.997,-0.997,-0.997,-0.997,-0.997,-0.997,-0.997,-0.997,-0.997,-0.997,-0.997,-0.997,-0.997,-0.997,-0.997,-0.997,-0.997,-0.997,-0.997,-0.997,-0.997,-0.997,-0.997,-0.997,-0.997,-0.997,-0.997,-0.997,-0.997,-0.997,-0.997,-0.997,-0.997,-0.997,-0.997,-0.997,-0.997,-0.997,-0.997,-0.997,-0.997,-0.997,-0.997,-0.997,-1.005,-1.017,-1.035,-1.055,-1.075,-1.094,-1.114,-1.133,-1.153,-1.162,-1.162,-1.162,-1.162,-1.162,-1.162,-1.162,-1.159,-1.152,-1.138,-1.118,-1.1,-1.082,-1.079,-1.079,-1.079,-1.079,-1.079,-1.079,-1.079,-1.079,-1.079,-1.079,-1.079,-1.083,-1.088,-1.108,-1.128,-1.147,-1.158,-1.161,-1.162,-1.162,-1.171,-1.183,-1.203,-1.221,-1.236,-1.244,-1.244,-1.244,-1.244,-1.229,-1.21,-1.191,-1.169,-1.137,-1.102,-1.063,-1.027,-0.994,-0.9708,-0.9512,-0.932,-0.9147,-0.9147,-0.9147,-0.9147,-0.9213,-0.9355,-0.9533,-0.9729,-0.9926,-1.012,-1.032,-1.051,-1.069,-1.079,-1.079,-1.079,-1.079,-1.055,-1.024,-0.985,-0.9444,-0.8953,-0.8431,-0.7841,-0.727,-0.6717,-0.6273,-0.588,-0.5487,-0.5094,-0.47,-0.4307,-0.3914,-0.3617,-0.3449,-0.3384,-0.3384,-0.3384,-0.3384,-0.3384,-0.3384,-0.3384,-0.3384,-0.3384,-0.3384,-0.3384,-0.3291,-0.3163,-0.2972,-0.2769,-0.2505,-0.2204,-0.1811,-0.141,-0.1001,-0.03479,0.04387,0.1225,0.2009,0.2652,0.3283,0.3873,0.4463,0.5053,0.5643,0.6233,0.6805,0.7372,0.7775,0.8168,0.8561,0.8855,0.8928,0.8965,0.8965,0.8965,0.8965,0.8965,0.8967,0.9007,0.9083,0.928,0.9476,0.9673,0.987,1.007,1.026,1.046,1.077,1.109,1.149,1.186,1.22,1.246,1.266,1.286,1.305,1.325,1.345,1.364,1.377,1.37,1.358,1.338,1.318,1.299,1.279,1.259,1.239,1.214,1.175,1.136,1.096,1.065,1.041,1.02,1,0.9966,0.997,1.017,1.036,1.056,1.076,1.095,1.115,1.135,1.154,1.174,1.194,1.211,1.22,1.226,1.226,1.226,1.226,1.226,1.226,1.226,1.226,1.226,1.226,1.226,1.22,1.208,1.19,1.171,1.151,1.131,1.112,1.092,1.073,1.053,1.033,1.014,0.9938,0.9851,0.9788,0.9788,0.9775,0.9701,0.9581,0.9385,0.9195,0.9012,0.8965,0.8965,0.8965,0.8965,0.8965,0.8965,0.8965,0.9009,0.9098,0.9259,0.9456,0.9627,0.9788,0.9788,0.9788,0.9788,0.9856,1.002,1.02,1.04,1.052,1.061,1.061,1.06,1.056,1.046,1.027,1.007,0.9875,0.9806,0.979,0.9788,0.9788,0.9788,0.9788,0.9788,0.9762,0.9701,0.9555,0.9358,0.9162,0.8965
-0.9539,-0.9539,-0.9539,-0.9539,-0.9539,-0.9539,-0.9539,-0.9539,-0.9539,-0.9539,-0.9539,-0.9624,-0.9708,-0.9924,-1.014,-1.036,-1.057,-1.066,-1.075,-1.075,-1.075,-1.075,-1.075,-1.075,-1.075,-1.075,-1.075,-1.075,-1.075,-1.075,-1.075,-1.075,-1.075,-1.075,-1.075,-1.075,-1.075,-1.075,-1.075,-1.085,-1.095,-1.122,-1.149,-1.176,-1.203,-1.214,-1.226,-1.226,-1.226,-1.226,-1.226,-1.226,-1.226,-1.226,-1.226,-1.226,-1.226,-1.226,-1.226,-1.226,-1.226,-1.228,-1.231,-1.247,-1.263,-1.28,-1.296,-1.306,-1.317,-1.317,-1.317,-1.317,-1.317,-1.317,-1.317,-1.317,-1.317,-1.317,-1.317,-1.317,-1.317,-1.317,-1.317,-1.317,-1.317,-1.317,-1.317,-1.317,-1.317,-1.316,-1.315,-1.31,-1.304,-1.299,-1.294,-1.284,-1.275,-1.259,-1.243,-1.227,-1.211,-1.192,-1.173,-1.151,-1.129,-1.108,-1.086,-1.069,-1.051,-1.035,-1.019,-1.003,-0.9864,-0.9753,-0.9641,-0.9533,-0.9425,-0.9304,-0.9183,-0.8967,-0.8752,-0.8536,-0.8321,-0.8053,-0.7785,-0.7408,-0.7031,-0.6654,-0.6277,-0.5871,-0.5466,-0.5035,-0.4604,-0.4173,-0.3741,-0.3349,-0.2956,-0.2579,-0.2202,-0.1824,-0.1447,-0.1021,-0.05944,-0.01633,0.02679,0.06991,0.113,0.1561,0.1993,0.2424,0.2855,0.3286,0.3717,0.4148,0.458,0.5011,0.5442,0.5819,0.6196,0.652,0.6843,0.7167,0.749,0.7851,0.8212,0.8589,0.8966,0.9344,0.9721,1.01,1.048,1.085,1.123,1.159,1.195,1.211,1.227,1.243,1.259,1.274,1.288,1.299,1.31,1.321,1.332,1.34,1.348,1.353,1.359,1.364,1.37,1.368,1.366,1.36,1.355,1.349,1.344,1.343,1.343,1.343,1.343,1.342,1.341,1.324,1.308,1.292,1.276,1.26,1.244,1.227,1.211,1.195,1.179,1.163,1.147,1.13,1.114,1.098,1.082,1.069,1.057,1.046,1.035,1.024,1.014,1.007,1.001,0.9958,0.9904,0.9844,0.9784,0.9623,0.9461,0.9299,0.9137,0.8989,0.8841,0.8733,0.8626,0.8518,0.841,0.8302,0.8194,0.8086,0.7979,0.7871,0.7763,0.769,0.7617,0.7563,0.7509,0.7455,0.7401,0.7393,0.7384,0.7384,0.7384,0.7382,0.738,0.7326,0.7272,0.7218,0.7165,0.7123,0.7082,0.7082,0.7082,0.7082,0.7082,0.7082,0.7082,0.7082,0.7082,0.7082,0.7082,0.7082,0.7082,0.7082,0.7082,0.7082,0.7082,0.7082,0.7082,0.7082,0.7082,0.7081,0.708,0.7026,0.6972,0.6918,0.6864,0.6822,0.678,0.678,0.678,0.678,0.678,0.6757,0.6735,0.6681,0.6627,0.6574,0.652,0.6499,0.6477,0.6477,0.6477,0.6477,0.6477,0.6477,0.6477,0.6477,0.6477,0.6477,0.6477
-0.8968,-0.8968,-0.8968,-0.8968,-0.8968,-0.8968,-0.8968,-0.8968,-0.8968,-0.8985,-0.9173,-0.936,-0.9576,-0.9796,-0.9907,-0.9955,-0.9984,-0.9984,-0.9984,-0.9984,-0.9984,-0.9984,-0.9984,-0.9984,-0.9984,-0.9984,-0.9984,-0.9984,-0.9984,-0.9984,-0.9984,-0.9984,-0.9984,-0.9984,-0.9984,-0.9984,-0.9984,-0.9984,-0.9984,-0.9984,-0.9984,-1.005,-1.013,-1.03,-1.052,-1.071,-1.088,-1.1,-1.1,-1.1,-1.104,-1.109,-1.127,-1.149,-1.171,-1.193,-1.215,-1.237,-1.258,-1.28,-1.301,-1.303,-1.303,-1.303,-1.303,-1.294,-1.273,-1.252,-1.23,-1.208,-1.204,-1.202,-1.202,-1.202,-1.192,-1.174,-1.155,-1.133,-1.111,-1.089,-1.067,-1.045,-1.023,-1.01,-1.003,-0.9984,-0.9984,-0.9964,-0.9831,-0.9699,-0.9486,-0.9265,-0.9207,-0.922,-0.933,-0.955,-0.9746,-0.9866,-0.9984,-0.9984,-0.9984,-0.9984,-0.9984,-0.9984,-0.9984,-0.9984,-0.9984,-0.9984,-0.9984,-0.9984,-0.9938,-0.9887,-0.9725,-0.9505,-0.9285,-0.9065,-0.8845,-0.8625,-0.8405,-0.8185,-0.7964,-0.7744,-0.7524,-0.7306,-0.7089,-0.6935,-0.6935,-0.6935,-0.6935,-0.6935,-0.6762,-0.6555,-0.634,-0.612,-0.5973,-0.5944,-0.5919,-0.5919,-0.5919,-0.5757,-0.5582,-0.5375,-0.5155,-0.5011,-0.4949,-0.4903,-0.4903,-0.49,-0.4758,-0.4615,-0.4411,-0.4191,-0.3971,-0.3751,-0.3531,-0.3311,-0.3091,-0.2871,-0.2651,-0.243,-0.221,-0.1928,-0.1615,-0.1246,-0.08059,-0.03977,-0.01129,0.01719,0.0178,0.0178,0.02704,0.03934,0.06828,0.1123,0.1536,0.1886,0.221,0.221,0.221,0.226,0.2318,0.2612,0.3052,0.3487,0.3914,0.4307,0.4527,0.4748,0.4968,0.5188,0.5254,0.5257,0.5259,0.5259,0.531,0.5511,0.5712,0.5932,0.6152,0.6372,0.6592,0.6812,0.7032,0.7252,0.7472,0.7693,0.7913,0.8133,0.8217,0.8285,0.8307,0.8307,0.8367,0.8503,0.8657,0.8877,0.9097,0.9317,0.9537,0.9757,0.9977,1.009,1.01,1.004,0.9822,0.9616,0.957,0.9525,0.9706,0.9926,1.015,1.037,1.059,1.081,1.102,1.118,1.135,1.136,1.136,1.138,1.142,1.155,1.177,1.198,1.218,1.237,1.237,1.237,1.237,1.237,1.237,1.237,1.237,1.237,1.24,1.261,1.282,1.304,1.326,1.335,1.337,1.339,1.339,1.339,1.339,1.339,1.339,1.339,1.351,1.367,1.387,1.409,1.426,1.434,1.44,1.44,1.44,1.44,1.44,1.44,1.44,1.436,1.425,1.411,1.389,1.367,1.355,1.342,1.339,1.339,1.335,1.327,1.315,1.293,1.271,1.256,1.24,1.237,1.237,1.237,1.237,1.237,1.237,1.238,1.241,1.244,1.264,1.286,1.308,1.33,1.352,1.374,1.396,1.418,1.44
-1.064,-1.064,-1.064,-1.064,-1.064,-1.064,-1.064,-1.064,-1.064,-1.064,-1.064,-1.064,-1.064,-1.064,-1.064,-1.064,-1.064,-1.064,-1.064,-1.064,-1.064,-1.064,-1.064,-1.064,-1.064,-1.064,-1.064,-1.064,-1.064,-1.064,-1.064,-1.064,-1.064,-1.064,-1.064,-1.064,-1.064,-1.064,-1.064,-1.064,-1.064,-1.064,-1.064,-1.064,-1.064,-1.064,-1.064,-1.064,-1.064,-1.064,-1.064,-1.064,-1.064,-1.064,-1.064,-1.064,-1.064,-1.064,-1.064,-1.064,-1.064,-1.064,-1.064,-1.064,-1.064,-1.064,-1.064,-1.064,-1.064,-1.064,-1.064,-1.064,-1.064,-1.064,-1.064,-1.064,-1.064,-1.064,-1.064,-1.064,-1.064,-1.064,-1.064,-1.064,-1.064,-1.062,-1.056,-1.049,-1.042,-1.035,-1.028,-1.022,-1.015,-1.008,-1.007,-1.005,-1.005,-1.005,-1.005,-1.005,-1.005,-1.005,-0.9977,-0.988,-0.9754,-0.9615,-0.9477,-0.9339,-0.92,-0.9062,-0.8945,-0.8848,-0.8763,-0.8694,-0.8625,-0.8556,-0.8487,-0.8417,-0.8348,-0.8279,-0.821,-0.8141,-0.8072,-0.8003,-0.7933,-0.7864,-0.7795,-0.77,-0.7605,-0.747,-0.7332,-0.7194,-0.7055,-0.6917,-0.6779,-0.6627,-0.647,-0.628,-0.6072,-0.5865,-0.5657,-0.545,-0.5243,-0.5035,-0.4828,-0.462,-0.4413,-0.4205,-0.3998,-0.3791,-0.3583,-0.3377,-0.3173,-0.2978,-0.2839,-0.2701,-0.2563,-0.2425,-0.2286,-0.2148,-0.201,-0.1872,-0.162,-0.1351,-0.1076,-0.07988,-0.05223,-0.02457,0.003085,0.03074,0.05489,0.07676,0.09802,0.1188,0.1395,0.1603,0.181,0.2017,0.2242,0.25,0.2763,0.3039,0.3316,0.3593,0.3869,0.4146,0.4419,0.4652,0.4886,0.5093,0.5301,0.5508,0.5715,0.5923,0.613,0.6338,0.6545,0.6753,0.696,0.7167,0.7375,0.7582,0.779,0.8044,0.8335,0.8687,0.9101,0.9516,0.9931,1.035,1.076,1.116,1.151,1.183,1.204,1.225,1.245,1.266,1.287,1.308,1.328,1.349,1.37,1.391,1.411,1.432,1.453,1.474,1.493,1.512,1.518,1.518,1.518,1.518,1.518,1.518,1.518,1.518,1.518,1.518,1.518,1.518,1.518,1.518,1.518,1.518,1.516,1.504,1.492,1.478,1.464,1.45,1.436,1.423,1.409,1.39,1.371,1.351,1.33,1.309,1.288,1.268,1.247,1.229,1.213,1.198,1.184,1.17,1.156,1.143,1.129,1.116,1.106,1.097,1.09,1.083,1.077,1.069,1.063,1.055,1.046,1.035,1.022,1.008,0.9939,0.98,0.9662,0.9524,0.9424,0.933,0.9311,0.9311,0.9311,0.9311,0.9311,0.9311,0.9311,0.9311,0.9311,0.9311,0.9311,0.9311,0.9311,0.9311,0.9311,0.9311,0.9311,0.9311,0.9311,0.9311,0.9311,0.9311,0.9311,0.9311,0.9311
-0.8945,-0.8945,-0.8945,-0.8945,-0.8945,-0.8945,-0.8945,-0.8945,-0.8945,-0.8985,-0.9076,-0.9204,-0.9332,-0.9459,-0.9506,-0.9518,-0.9518,-0.9518,-0.9518,-0.9518,-0.9518,-0.9518,-0.9518,-0.9518,-0.9518,-0.9518,-0.9518,-0.9518,-0.9518,-0.9518,-0.9518,-0.9518,-0.9518,-0.9518,-0.9518,-0.9518,-0.9518,-0.9518,-0.9518,-0.9518,-0.9518,-0.9518,-0.9518,-0.9518,-0.9518,-0.9518,-0.9518,-0.9518,-0.9518,-0.9518,-0.9609,-0.9729,-0.9857,-0.9987,-1.013,-1.039,-1.064,-1.09,-1.115,-1.141,-1.167,-1.192,-1.218,-1.238,-1.253,-1.266,-1.279,-1.292,-1.285,-1.273,-1.26,-1.248,-1.238,-1.238,-1.238,-1.238,-1.236,-1.228,-1.216,-1.203,-1.19,-1.177,-1.165,-1.152,-1.139,-1.126,-1.124,-1.123,-1.123,-1.123,-1.12,-1.107,-1.094,-1.081,-1.069,-1.056,-1.043,-1.03,-1.018,-1.005,-0.9922,-0.9795,-0.9667,-0.9539,-0.9412,-0.9284,-0.9157,-0.9022,-0.8858,-0.8603,-0.8347,-0.8092,-0.7867,-0.7691,-0.7564,-0.7436,-0.7309,-0.7116,-0.6878,-0.6623,-0.6368,-0.6113,-0.5973,-0.5843,-0.5716,-0.5588,-0.5461,-0.5333,-0.5205,-0.5078,-0.495,-0.4823,-0.4695,-0.4567,-0.444,-0.4312,-0.4185,-0.4057,-0.393,-0.3802,-0.3795,-0.3795,-0.3795,-0.3784,-0.3736,-0.3609,-0.3481,-0.3354,-0.3262,-0.3222,-0.3222,-0.3222,-0.3222,-0.3222,-0.3222,-0.3222,-0.3222,-0.3222,-0.3222,-0.3222,-0.3222,-0.3222,-0.3222,-0.3222,-0.3222,-0.3222,-0.3182,-0.3091,-0.2964,-0.2836,-0.2708,-0.25,-0.2256,-0.2001,-0.1746,-0.1491,-0.1236,-0.09806,-0.07255,-0.04547,-0.01422,0.02405,0.06232,0.1006,0.1301,0.1494,0.1622,0.175,0.1877,0.2005,0.2132,0.226,0.2387,0.2515,0.2643,0.277,0.2898,0.3043,0.3233,0.3488,0.3744,0.3999,0.4254,0.4509,0.4764,0.5019,0.5274,0.553,0.5785,0.604,0.6295,0.655,0.6805,0.706,0.7316,0.7571,0.7826,0.8081,0.8336,0.8591,0.8847,0.9102,0.9357,0.9612,0.9867,1.003,1.016,1.029,1.041,1.054,1.067,1.08,1.092,1.103,1.109,1.109,1.109,1.109,1.109,1.109,1.109,1.109,1.109,1.129,1.154,1.179,1.204,1.227,1.239,1.252,1.265,1.278,1.29,1.303,1.316,1.329,1.341,1.354,1.367,1.38,1.392,1.416,1.441,1.467,1.492,1.514,1.526,1.539,1.552,1.565,1.577,1.59,1.603,1.615,1.622,1.623,1.623,1.623,1.623,1.612,1.599,1.587,1.574,1.561,1.548,1.536,1.523,1.51,1.497,1.485,1.472,1.459,1.453,1.452,1.452,1.452,1.452,1.44,1.427,1.414,1.401,1.389,1.376,1.363,1.351,1.338,1.325,1.312,1.3,1.287,1.274,1.261,1.248,1.236,1.223
-1.19,-1.19,-1.19,-1.19,-1.19,-1.19,-1.19,-1.19,-1.19,-1.19,-1.19,-1.19,-1.19,-1.19,-1.19,-1.19,-1.19,-1.19,-1.19,-1.19,-1.19,-1.19,-1.19,-1.19,-1.19,-1.19,-1.19,-1.19,-1.19,-1.19,-1.19,-1.19,-1.19,-1.19,-1.19,-1.19,-1.19,-1.19,-1.19,-1.19,-1.19,-1.19,-1.19,-1.19,-1.19,-1.19,-1.19,-1.19,-1.19,-1.19,-1.19,-1.19,-1.19,-1.19,-1.19,-1.19,-1.19,-1.188,-1.171,-1.15,-1.125,-1.114,-1.114,-1.136,-1.161,-1.179,-1.19,-1.19,-1.19,-1.19,-1.19,-1.19,-1.19,-1.19,-1.19,-1.19,-1.19,-1.19,-1.19,-1.19,-1.19,-1.19,-1.19,-1.19,-1.19,-1.19,-1.19,-1.19,-1.19,-1.19,-1.19,-1.19,-1.19,-1.19,-1.19,-1.19,-1.19,-1.19,-1.19,-1.175,-1.153,-1.08,-1.005,-0.9338,-0.8973,-0.8973,-0.8973,-0.8966,-0.8749,-0.852,-0.8265,-0.8011,-0.7756,-0.7502,-0.7261,-0.7112,-0.7024,-0.7024,-0.7057,-0.7107,-0.7353,-0.7607,-0.7862,-0.7991,-0.7997,-0.7998,-0.7977,-0.7592,-0.7166,-0.6657,-0.6148,-0.5639,-0.513,-0.4621,-0.4112,-0.3603,-0.3094,-0.2585,-0.2076,-0.1567,-0.1058,-0.05489,-0.01577,0.01278,0.03885,0.0643,0.08975,0.1152,0.1407,0.1591,0.1734,0.1748,0.1748,0.1748,0.1748,0.1748,0.1748,0.1748,0.1748,0.1748,0.1748,0.1857,0.2056,0.2301,0.2555,0.2809,0.3064,0.3319,0.3573,0.3828,0.4082,0.4331,0.4554,0.4672,0.4672,0.4672,0.4677,0.4907,0.5144,0.5398,0.5553,0.5634,0.5647,0.5647,0.5647,0.5647,0.5647,0.5605,0.5543,0.5299,0.5046,0.4798,0.4672,0.4672,0.4672,0.4681,0.4886,0.5107,0.5361,0.5615,0.587,0.6125,0.6392,0.674,0.7155,0.7664,0.8122,0.8556,0.857,0.857,0.857,0.8692,0.8928,0.9179,0.9422,0.9496,0.9545,0.9545,0.9621,0.9746,0.9986,1.023,1.042,1.052,1.052,1.052,1.052,1.052,1.052,1.052,1.052,1.052,1.052,1.053,1.069,1.088,1.113,1.139,1.164,1.19,1.214,1.236,1.247,1.247,1.247,1.247,1.247,1.247,1.247,1.236,1.218,1.194,1.169,1.157,1.149,1.149,1.149,1.149,1.149,1.15,1.152,1.165,1.19,1.216,1.241,1.244,1.247,1.247,1.247,1.247,1.247,1.246,1.235,1.218,1.193,1.171,1.15,1.149,1.149,1.149,1.162,1.187,1.212,1.236,1.222,1.205,1.18,1.163,1.151,1.149,1.149,1.149,1.149,1.149,1.149,1.149,1.149,1.149,1.149,1.149,1.149,1.149,1.149,1.149,1.149,1.149,1.149,1.149,1.149,1.149,1.149,1.149,1.149,1.149,1.149
-0.9388,-0.9388,-0.9388,-0.9388,-0.9388,-0.9388,-0.9388,-0.9388,-0.9388,-0.9388,-0.9388,-0.9388,-0.9388,-0.9388,-0.9388,-0.9388,-0.9388,-0.9388,-0.9388,-0.9388,-0.9388,-0.9388,-0.9388,-0.9388,-0.9388,-0.9388,-0.9388,-0.9388,-0.9388,-0.9388,-0.9388,-0.9388,-0.9388,-0.9388,-0.9388,-0.9388,-0.9388,-0.9388,-0.9388,-0.9388,-0.9388,-0.9388,-0.9388,-0.9388,-0.9388,-0.9388,-0.9388,-0.9388,-0.9388,-0.9388,-0.9388,-0.9388,-0.9388,-0.9388,-0.9388,-0.9388,-0.9388,-0.9388,-0.9388,-0.9388,-0.9388,-0.9388,-0.9388,-0.9388,-0.9388,-0.9388,-0.9388,-0.9388,-0.9388,-0.9388,-0.9388,-0.9388,-0.9388,-0.9388,-0.9388,-0.9388,-0.9388,-0.9388,-0.9388,-0.9388,-0.9388,-0.9388,-0.9388,-0.9388,-0.9388,-0.9388,-0.9388,-0.9388,-0.9388,-0.9388,-0.9388,-0.9388,-0.9388,-0.9388,-0.9388,-0.9388,-0.9388,-0.9388,-0.9388,-0.9388,-0.9423,-0.9465,-0.9533,-0.9628,-0.9724,-0.9819,-0.9915,-1.001,-1.011,-1.02,-1.03,-1.039,-1.048,-1.056,-1.059,-1.059,-1.059,-1.059,-1.059,-1.059,-1.059,-1.059,-1.059,-1.059,-1.059,-1.059,-1.054,-1.049,-1.043,-1.037,-1.031,-1.024,-1.018,-1.012,-1.005,-0.9989,-0.9925,-0.9859,-0.9765,-0.9671,-0.9553,-0.9426,-0.9299,-0.9172,-0.9044,-0.8917,-0.879,-0.8662,-0.8535,-0.8397,-0.8229,-0.8061,-0.77,-0.7318,-0.6936,-0.6554,-0.6173,-0.5791,-0.5409,-0.5027,-0.4645,-0.4263,-0.3882,-0.3468,-0.2766,-0.2063,-0.1316,-0.05518,0.02118,0.09756,0.1739,0.2503,0.3267,0.403,0.4794,0.547,0.5936,0.6402,0.6612,0.6803,0.6994,0.7184,0.7375,0.7566,0.7757,0.7948,0.8139,0.8339,0.8549,0.8769,0.9055,0.9342,0.9628,0.9915,1.02,1.049,1.077,1.106,1.135,1.163,1.192,1.218,1.238,1.258,1.278,1.297,1.316,1.335,1.354,1.373,1.392,1.411,1.43,1.444,1.452,1.459,1.459,1.459,1.459,1.459,1.459,1.459,1.459,1.459,1.459,1.455,1.449,1.436,1.41,1.385,1.359,1.334,1.308,1.283,1.258,1.232,1.207,1.181,1.156,1.133,1.114,1.094,1.075,1.056,1.037,1.018,0.999,0.9799,0.9608,0.9417,0.9226,0.9092,0.8977,0.8882,0.8819,0.8755,0.8691,0.8628,0.8564,0.85,0.8437,0.8373,0.831,0.8279,0.8252,0.8276,0.834,0.8404,0.8467,0.8531,0.8595,0.8658,0.8722,0.8786,0.8849,0.8913,0.8977,0.9087,0.9212,0.9338,0.9465,0.9593,0.972,0.9847,0.9974,1.01,1.023,1.036,1.048,1.059,1.07,1.08,1.089,1.099,1.108,1.118,1.127,1.137,1.147,1.156,1.165,1.173,1.18,1.184,1.188,1.191,1.194,1.197,1.2,1.204,1.207,1.21,1.213,1.216,1.219
-0.9032,-0.9032,-0.9032,-0.9032,-0.9032,-0.9032,-0.9032,-0.9032,-0.9032,-0.9032,-0.9032,-0.9032,-0.9032,-0.9032,-0.9032,-0.9032,-0.9032,-0.9032,-0.9032,-0.9032,-0.9032,-0.9032,-0.9032,-0.9032,-0.9032,-0.9032,-0.9032,-0.9032,-0.9032,-0.9032,-0.9032,-0.9032,-0.9032,-0.9032,-0.9032,-0.9032,-0.9032,-0.9032,-0.9032,-0.9032,-0.9032,-0.9032,-0.9032,-0.9091,-0.9205,-0.9357,-0.9528,-0.9698,-0.9869,-0.9984,-1.008,-1.008,-1.008,-1.008,-1.008,-1.008,-1.013,-1.022,-1.03,-1.039,-1.048,-1.056,-1.059,-1.061,-1.061,-1.061,-1.061,-1.061,-1.061,-1.061,-1.061,-1.061,-1.061,-1.061,-1.061,-1.061,-1.061,-1.061,-1.061,-1.061,-1.061,-1.061,-1.061,-1.061,-1.061,-1.061,-1.058,-1.054,-1.046,-1.037,-1.028,-1.02,-1.011,-1.003,-0.9943,-0.9858,-0.9772,-0.9687,-0.9601,-0.9516,-0.9431,-0.9345,-0.926,-0.9174,-0.9105,-0.9048,-0.9032,-0.9032,-0.9032,-0.9032,-0.9032,-0.9017,-0.8932,-0.8846,-0.8761,-0.8676,-0.859,-0.8541,-0.8513,-0.8507,-0.8507,-0.8507,-0.8504,-0.8476,-0.8433,-0.8348,-0.8262,-0.8177,-0.8091,-0.8006,-0.7921,-0.7835,-0.775,-0.7665,-0.7579,-0.7494,-0.7408,-0.7323,-0.7238,-0.7152,-0.7067,-0.6964,-0.685,-0.6692,-0.6521,-0.635,-0.618,-0.6009,-0.5838,-0.5667,-0.5497,-0.5326,-0.5155,-0.4984,-0.4774,-0.4546,-0.4295,-0.4039,-0.3782,-0.3531,-0.3303,-0.3093,-0.2922,-0.2751,-0.2581,-0.241,-0.2239,-0.2003,-0.1747,-0.1491,-0.1235,-0.09785,-0.07224,-0.04663,-0.02101,0.004597,0.03021,0.05582,0.07949,0.1023,0.1203,0.1373,0.1544,0.1715,0.1886,0.2056,0.2227,0.2398,0.2569,0.274,0.291,0.3081,0.3252,0.3422,0.3593,0.3764,0.3935,0.4106,0.4276,0.4447,0.4618,0.4788,0.4959,0.513,0.5301,0.5472,0.5642,0.5813,0.5984,0.6155,0.6325,0.6496,0.6667,0.6837,0.7008,0.7179,0.735,0.752,0.7691,0.7862,0.8033,0.8204,0.8374,0.8545,0.8716,0.8887,0.9057,0.9228,0.9399,0.9569,0.974,0.9911,1.008,1.024,1.039,1.05,1.059,1.068,1.076,1.085,1.093,1.109,1.126,1.143,1.161,1.178,1.195,1.212,1.229,1.246,1.263,1.28,1.295,1.309,1.318,1.326,1.335,1.343,1.352,1.361,1.369,1.378,1.386,1.395,1.403,1.412,1.42,1.429,1.437,1.446,1.454,1.463,1.472,1.48,1.489,1.497,1.506,1.514,1.523,1.531,1.54,1.548,1.557,1.563,1.566,1.567,1.567,1.567,1.567,1.567,1.567,1.567,1.567,1.567,1.567,1.567,1.563,1.555,1.546,1.538,1.529,1.521,1.512,1.504,1.495,1.486,1.478,1.47,1.465,1.462,1.462,1.462,1.462,1.462,1.462
-1.045,-1.045,-1.045,-1.045,-1.045,-1.045,-1.045,-1.045,-1.045,-1.045,-1.045,-1.045,-1.045,-1.045,-1.045,-1.045,-1.045,-1.045,-1.045,-1.045,-1.045,-1.045,-1.045,-1.045,-1.045,-1.045,-1.045,-1.045,-1.045,-1.045,-1.045,-1.045,-1.045,-1.045,-1.045,-1.045,-1.045,-1.045,-1.045,-1.045,-1.045,-1.045,-1.045,-1.045,-1.045,-1.045,-1.045,-1.045,-1.045,-1.045,-1.045,-1.045,-1.045,-1.045,-1.045,-1.045,-1.045,-1.045,-1.045,-1.045,-1.045,-1.045,-1.045,-1.045,-1.045,-1.045,-1.045,-1.045,-1.045,-1.045,-1.045,-1.045,-1.045,-1.045,-1.045,-1.045,-1.045,-1.045,-1.045,-1.045,-1.045,-1.045,-1.045,-1.045,-1.045,-1.045,-1.045,-1.045,-1.045,-1.045,-1.045,-1.045,-1.045,-1.045,-1.045,-1.045,-1.045,-1.045,-1.045,-1.045,-1.045,-1.045,-1.045,-1.045,-1.045,-1.045,-1.045,-1.045,-1.045,-1.045,-1.045,-1.045,-1.045,-1.045,-1.045,-1.045,-1.045,-1.045,-1.045,-1.045,-1.044,-1.026,-1.009,-0.9818,-0.9536,-0.9255,-0.8973,-0.8691,-0.841,-0.8128,-0.7846,-0.7564,-0.7283,-0.7001,-0.6719,-0.6438,-0.6156,-0.5874,-0.5593,-0.5311,-0.5029,-0.4748,-0.4466,-0.4184,-0.3906,-0.3662,-0.3418,-0.3204,-0.2992,-0.2781,-0.257,-0.2359,-0.2147,-0.1936,-0.1725,-0.1513,-0.1302,-0.1091,-0.09148,-0.07387,-0.05626,-0.03866,-0.02105,-0.003445,0.01416,0.03177,0.04937,0.06698,0.08459,0.1022,0.1198,0.1374,0.155,0.1726,0.1902,0.2078,0.2254,0.243,0.2606,0.2783,0.2959,0.3135,0.3344,0.3552,0.3763,0.3974,0.4186,0.4397,0.4608,0.4819,0.5031,0.5242,0.5455,0.568,0.5904,0.6149,0.6396,0.6642,0.6889,0.7135,0.7382,0.7628,0.7875,0.8121,0.8368,0.8614,0.8861,0.9107,0.9354,0.96,0.9847,1.009,1.034,1.059,1.083,1.108,1.132,1.155,1.177,1.195,1.213,1.23,1.248,1.266,1.283,1.301,1.318,1.336,1.354,1.371,1.377,1.384,1.388,1.392,1.395,1.399,1.402,1.406,1.409,1.413,1.416,1.418,1.42,1.417,1.413,1.41,1.406,1.403,1.399,1.396,1.392,1.389,1.385,1.381,1.375,1.369,1.363,1.355,1.349,1.341,1.334,1.327,1.32,1.313,1.306,1.299,1.292,1.285,1.278,1.271,1.264,1.257,1.25,1.243,1.236,1.229,1.222,1.215,1.208,1.201,1.194,1.187,1.179,1.172,1.165,1.158,1.151,1.144,1.137,1.129,1.122,1.108,1.094,1.08,1.066,1.052,1.038,1.023,1.009,0.9952,0.9811,0.9669,0.9509,0.9349,0.9175,0.8999,0.8823,0.8647,0.8471,0.8295,0.8119,0.7943,0.7766,0.759,0.7414
-1.085,-1.085,-1.085,-1.085,-1.085,-1.085,-1.085,-1.085,-1.085,-1.085,-1.085,-1.085,-1.085,-1.085,-1.085,-1.085,-1.085,-1.085,-1.085,-1.085,-1.085,-1.085,-1.085,-1.085,-1.085,-1.085,-1.085,-1.085,-1.085,-1.085,-1.085,-1.085,-1.085,-1.085,-1.085,-1.085,-1.085,-1.085,-1.085,-1.085,-1.085,-1.085,-1.085,-1.085,-1.085,-1.085,-1.085,-1.085,-1.085,-1.085,-1.085,-1.085,-1.085,-1.085,-1.085,-1.085,-1.085,-1.085,-1.085,-1.085,-1.085,-1.085,-1.085,-1.085,-1.085,-1.085,-1.085,-1.085,-1.086,-1.086,-1.089,-1.092,-1.095,-1.098,-1.101,-1.104,-1.107,-1.11,-1.112,-1.115,-1.115,-1.115,-1.115,-1.115,-1.115,-1.115,-1.115,-1.115,-1.115,-1.115,-1.115,-1.115,-1.115,-1.115,-1.115,-1.115,-1.115,-1.115,-1.115,-1.115,-1.115,-1.115,-1.115,-1.115,-1.115,-1.115,-1.115,-1.115,-1.11,-1.103,-1.096,-1.087,-1.078,-1.069,-1.06,-1.051,-1.042,-1.033,-1.019,-1.002,-0.9849,-0.9668,-0.9486,-0.9305,-0.9123,-0.8942,-0.8759,-0.8575,-0.8371,-0.8129,-0.7887,-0.7644,-0.7402,-0.716,-0.6918,-0.6676,-0.6418,-0.6153,-0.5874,-0.5511,-0.5148,-0.4785,-0.4422,-0.4059,-0.3696,-0.3333,-0.297,-0.2606,-0.2243,-0.188,-0.1517,-0.1154,-0.0791,-0.0428,-0.006486,0.02982,0.06864,0.114,0.1594,0.2114,0.2658,0.3203,0.3748,0.4292,0.4837,0.5382,0.5926,0.6471,0.7016,0.756,0.8105,0.8649,0.9194,0.9739,1.028,1.083,1.137,1.183,1.228,1.272,1.314,1.357,1.399,1.441,1.484,1.526,1.568,1.583,1.581,1.579,1.576,1.573,1.57,1.567,1.564,1.557,1.55,1.532,1.499,1.466,1.433,1.399,1.366,1.333,1.299,1.267,1.234,1.202,1.172,1.142,1.111,1.081,1.051,1.021,0.9905,0.9655,0.9445,0.9236,0.9145,0.9054,0.8963,0.8873,0.8782,0.8691,0.86,0.8547,0.8564,0.8581,0.8657,0.8748,0.8839,0.8929,0.902,0.9111,0.9202,0.9286,0.9332,0.9377,0.9413,0.9444,0.9474,0.9504,0.9534,0.9565,0.9595,0.9625,0.963,0.9633,0.9635,0.9635,0.9635,0.9635,0.9635,0.9633,0.9627,0.9622,0.9555,0.9465,0.9374,0.9283,0.9192,0.9101,0.9011,0.892,0.8836,0.8752,0.868,0.8619,0.8559,0.8498,0.8438,0.8377,0.8317,0.8256,0.8205,0.8156,0.8112,0.8082,0.8052,0.8022,0.7991,0.7961,0.7931,0.7901,0.7881,0.7866,0.7853,0.7853,0.7853,0.7853,0.7853,0.7853,0.7853,0.7853,0.7853,0.7853,0.7853,0.7853,0.7853,0.7853,0.7853,0.7853,0.7853,0.7853,0.7848,0.7822,0.7797,0.7768,0.7738,0.7708,0.7677,0.7647,0.7617,0.7587,0.7556
-1.042,-1.042,-1.042,-1.042,-1.042,-1.042,-1.042,-1.042,-1.042,-1.042,-1.042,-1.042,-1.042,-1.042,-1.042,-1.042,-1.042,-1.042,-1.042,-1.042,-1.042,-1.042,-1.042,-1.042,-1.042,-1.042,-1.042,-1.042,-1.042,-1.042,-1.042,-1.042,-1.042,-1.042,-1.042,-1.042,-1.042,-1.042,-1.042,-1.042,-1.042,-1.044,-1.053,-1.074,-1.097,-1.117,-1.129,-1.129,-1.129,-1.129,-1.129,-1.129,-1.129,-1.137,-1.153,-1.176,-1.199,-1.222,-1.245,-1.268,-1.291,-1.301,-1.303,-1.303,-1.306,-1.32,-1.342,-1.365,-1.383,-1.39,-1.39,-1.39,-1.39,-1.39,-1.39,-1.39,-1.39,-1.39,-1.39,-1.39,-1.39,-1.39,-1.39,-1.39,-1.371,-1.349,-1.326,-1.304,-1.28,-1.258,-1.234,-1.212,-1.188,-1.165,-1.143,-1.119,-1.097,-1.074,-1.051,-1.028,-1.005,-0.9816,-0.9586,-0.9356,-0.9126,-0.8896,-0.8666,-0.8437,-0.8207,-0.7982,-0.7813,-0.7813,-0.7813,-0.78,-0.7697,-0.7467,-0.7237,-0.7031,-0.6944,-0.6944,-0.6943,-0.6907,-0.6727,-0.6498,-0.6268,-0.6038,-0.5808,-0.5578,-0.5348,-0.5118,-0.4888,-0.4658,-0.4429,-0.4199,-0.3969,-0.3739,-0.3509,-0.3279,-0.3049,-0.2819,-0.2589,-0.2359,-0.213,-0.19,-0.167,-0.144,-0.121,-0.1,-0.08643,-0.08554,-0.08554,-0.08163,-0.07003,-0.04704,-0.02405,0.005062,0.04242,0.0884,0.1344,0.1717,0.2009,0.2238,0.2468,0.2584,0.2624,0.2624,0.2624,0.2624,0.2624,0.2624,0.2657,0.2802,0.3028,0.3258,0.3426,0.3493,0.3493,0.3493,0.3586,0.3767,0.3997,0.4227,0.4457,0.4687,0.4917,0.5147,0.5377,0.5607,0.5837,0.605,0.6094,0.6102,0.6102,0.6153,0.6347,0.6576,0.6806,0.6949,0.6972,0.6972,0.6972,0.6972,0.6972,0.6972,0.6972,0.7141,0.7365,0.7595,0.7825,0.7841,0.7842,0.7842,0.7842,0.7842,0.7842,0.7842,0.7842,0.7842,0.7842,0.7858,0.7975,0.8205,0.8435,0.8637,0.8712,0.8712,0.8712,0.8712,0.8712,0.8712,0.8712,0.8712,0.8712,0.8712,0.8712,0.8712,0.8712,0.8712,0.8674,0.8559,0.8329,0.8099,0.7978,0.8044,0.8274,0.8504,0.8808,0.9216,0.9676,1.013,1.05,1.075,1.098,1.124,1.157,1.202,1.248,1.29,1.323,1.346,1.369,1.392,1.415,1.438,1.461,1.484,1.507,1.53,1.553,1.564,1.567,1.567,1.565,1.551,1.53,1.507,1.484,1.461,1.438,1.415,1.392,1.369,1.346,1.323,1.31,1.306,1.306,1.306,1.306,1.306,1.306,1.306,1.306,1.306,1.306,1.306,1.306,1.306,1.306,1.3,1.28,1.257,1.234,1.221,1.219,1.219,1.219,1.205,1.183,1.16,1.137,1.133,1.132,1.132,1.132
-0.8811,-0.8811,-0.8811,-0.8811,-0.8811,-0.8811,-0.8811,-0.8811,-0.8811,-0.8811,-0.8811,-0.8811,-0.8848,-0.8965,-0.9232,-0.9525,-0.9817,-0.9964,-1.004,-1.004,-1.004,-1.004,-1.004,-1.004,-1.004,-1.004,-1.004,-1.004,-1.004,-1.004,-1.004,-1.004,-1.004,-1.004,-1.004,-1.004,-1.004,-1.004,-1.004,-1.004,-1.004,-1.004,-1.004,-1.004,-1.004,-1.004,-1.014,-1.031,-1.06,-1.09,-1.119,-1.148,-1.177,-1.207,-1.236,-1.245,-1.248,-1.248,-1.248,-1.248,-1.248,-1.248,-1.248,-1.248,-1.248,-1.248,-1.247,-1.244,-1.219,-1.19,-1.16,-1.138,-1.126,-1.126,-1.126,-1.132,-1.145,-1.174,-1.203,-1.23,-1.244,-1.248,-1.248,-1.248,-1.248,-1.248,-1.248,-1.248,-1.248,-1.248,-1.248,-1.248,-1.248,-1.248,-1.248,-1.248,-1.248,-1.248,-1.248,-1.248,-1.244,-1.233,-1.204,-1.175,-1.151,-1.142,-1.165,-1.194,-1.224,-1.24,-1.248,-1.248,-1.248,-1.239,-1.22,-1.191,-1.162,-1.133,-1.103,-1.074,-1.045,-1.016,-0.9666,-0.9107,-0.8522,-0.7937,-0.7469,-0.7177,-0.6884,-0.6592,-0.6299,-0.6006,-0.5714,-0.5414,-0.5043,-0.4536,-0.3951,-0.3366,-0.2864,-0.2441,-0.2149,-0.1856,-0.1564,-0.1271,-0.09786,-0.06861,-0.03936,-0.0101,0.01915,0.0484,0.07766,0.09352,0.09872,0.09872,0.09872,0.09872,0.09872,0.09872,0.09924,0.1012,0.1253,0.1545,0.1837,0.2078,0.2212,0.2212,0.2212,0.2261,0.2368,0.2661,0.2953,0.3228,0.3384,0.3437,0.3437,0.3437,0.3567,0.3776,0.4069,0.4361,0.4654,0.4946,0.5239,0.5531,0.5824,0.5867,0.5886,0.5886,0.5886,0.6062,0.6354,0.6647,0.6913,0.7111,0.7111,0.7111,0.7134,0.7212,0.747,0.7762,0.8055,0.824,0.8336,0.8336,0.8336,0.8419,0.8585,0.8878,0.917,0.9433,0.953,0.956,0.956,0.956,0.9741,0.9993,1.029,1.058,1.076,1.078,1.079,1.079,1.079,1.079,1.079,1.079,1.085,1.105,1.135,1.164,1.186,1.201,1.201,1.201,1.201,1.201,1.201,1.201,1.201,1.201,1.201,1.201,1.201,1.189,1.167,1.137,1.108,1.088,1.11,1.137,1.166,1.195,1.201,1.201,1.201,1.201,1.201,1.201,1.201,1.205,1.214,1.243,1.272,1.3,1.317,1.323,1.323,1.323,1.323,1.323,1.323,1.323,1.317,1.297,1.269,1.24,1.21,1.204,1.201,1.201,1.201,1.185,1.157,1.128,1.1,1.079,1.079,1.079,1.079,1.079,1.079,1.079,1.079,1.079,1.079,1.079,1.079,1.079,1.079,1.079,1.079,1.079,1.079,1.079,1.079,1.079,1.062,1.038,1.009,0.9798,0.9603,0.9564,0.956,0.956,0.956
1.125,1.125,1.125,1.125,1.125,1.125,1.125,1.125,1.125,1.125,1.125,1.125,1.125,1.125,1.125,1.125,1.125,1.125,1.125,1.125,1.125,1.125,1.125,1.125,1.125,1.125,1.125,1.125,1.125,1.125,1.125,1.125,1.125,1.125,1.125,1.125,1.125,1.131,1.143,1.164,1.185,1.206,1.227,1.247,1.264,1.266,1.266,1.27,1.282,1.303,1.324,1.337,1.337,1.337,1.343,1.358,1.379,1.399,1.45,1.508,1.569,1.625,1.645,1.666,1.687,1.708,1.729,1.75,1.75,1.73,1.709,1.688,1.668,1.647,1.625,1.588,1.548,1.506,1.464,1.422,1.38,1.332,1.276,1.214,1.151,1.114,1.092,1.071,1.05,1.029,1.008,0.9872,0.9663,0.9454,0.9227,0.8938,0.852,0.8101,0.776,0.7491,0.7282,0.7073,0.6708,0.6296,0.5905,0.5626,0.5599,0.5599,0.5552,0.5398,0.5189,0.4999,0.4892,0.4892,0.4892,0.4892,0.4892,0.4892,0.4892,0.4713,0.4509,0.4322,0.4185,0.4185,0.4185,0.4053,0.3735,0.3317,0.2919,0.2626,0.2416,0.2207,0.1998,0.1788,0.1579,0.137,0.1161,0.09512,0.07117,0.04133,-0.0005279,-0.04239,-0.06731,-0.07615,-0.07615,-0.07615,-0.07615,-0.07615,-0.07615,-0.07615,-0.07615,-0.07615,-0.07974,-0.09864,-0.1194,-0.1403,-0.1612,-0.1822,-0.2031,-0.2137,-0.2175,-0.2175,-0.2175,-0.2175,-0.2175,-0.2197,-0.2301,-0.2501,-0.2711,-0.292,-0.3129,-0.3338,-0.3548,-0.3757,-0.3966,-0.4176,-0.4385,-0.4594,-0.4803,-0.5013,-0.5222,-0.5431,-0.5605,-0.5708,-0.5708,-0.5708,-0.5792,-0.598,-0.619,-0.6349,-0.6415,-0.6415,-0.6415,-0.6552,-0.6739,-0.6942,-0.7121,-0.7121,-0.7121,-0.7121,-0.7121,-0.7121,-0.7121,-0.7335,-0.7716,-0.8134,-0.8553,-0.8971,-0.939,-0.9809,-1.023,-1.065,-1.106,-1.142,-1.163,-1.184,-1.205,-1.226,-1.247,-1.268,-1.289,-1.31,-1.33,-1.345,-1.348,-1.348,-1.348,-1.348,-1.348,-1.348,-1.348,-1.348,-1.348,-1.355,-1.37,-1.391,-1.412,-1.417,-1.419,-1.417,-1.412,-1.392,-1.371,-1.355,-1.348,-1.348,-1.348,-1.348,-1.348,-1.348,-1.348,-1.348,-1.348,-1.348,-1.348,-1.348,-1.346,-1.34,-1.319,-1.298,-1.277,-1.256,-1.235,-1.214,-1.193,-1.172,-1.151,-1.121,-1.083,-1.041,-1.003,-0.9961,-0.9948,-0.9923,-0.984,-0.9631,-0.9422,-0.9212,-0.9003,-0.8794,-0.8589,-0.8535,-0.8535,-0.8522,-0.8435,-0.8244,-0.8035,-0.7868,-0.783,-0.7828,-0.7799,-0.7695,-0.7486,-0.7277,-0.7165,-0.7121,-0.7121,-0.7119,-0.6937,-0.6728,-0.6542,-0.6418,-0.6415,-0.6415,-0.6415,-0.6415,-0.6415,-0.6381,-0.6257,-0.6048,-0.5839,-0.5742,-0.5708,-0.5708,-0.5708
-1.234,-1.234,-1.234,-1.234,-1.234,-1.234,-1.234,-1.234,-1.234,-1.234,-1.234,-1.234,-1.234,-1.234,-1.234,-1.234,-1.234,-1.234,-1.234,-1.234,-1.234,-1.234,-1.234,-1.234,-1.234,-1.234,-1.234,-1.234,-1.234,-1.234,-1.234,-1.234,-1.234,-1.234,-1.234,-1.234,-1.234,-1.234,-1.234,-1.234,-1.234,-1.234,-1.234,-1.234,-1.234,-1.234,-1.234,-1.234,-1.234,-1.234,-1.234,-1.234,-1.234,-1.234,-1.234,-1.234,-1.234,-1.234,-1.234,-1.234,-1.234,-1.234,-1.234,-1.234,-1.234,-1.234,-1.234,-1.234,-1.234,-1.234,-1.234,-1.254,-1.298,-1.345,-1.404,-1.463,-1.513,-1.563,-1.581,-1.581,-1.581,-1.581,-1.579,-1.546,-1.514,-1.461,-1.402,-1.343,-1.284,-1.226,-1.167,-1.108,-1.05,-0.9909,-0.9464,-0.9076,-0.8857,-0.8857,-0.8857,-0.8857,-0.8857,-0.8475,-0.8043,-0.7516,-0.6929,-0.6368,-0.5858,-0.5378,-0.5378,-0.5378,-0.5378,-0.5378,-0.5378,-0.5378,-0.5378,-0.5378,-0.5378,-0.5378,-0.5378,-0.5378,-0.5378,-0.5378,-0.5378,-0.5378,-0.5378,-0.5378,-0.5378,-0.5378,-0.5378,-0.5378,-0.525,-0.4829,-0.4404,-0.3816,-0.3229,-0.2692,-0.2172,-0.19,-0.19,-0.19,-0.19,-0.19,-0.1623,-0.1324,-0.08367,-0.02496,0.03375,0.09246,0.1512,0.2099,0.2686,0.3273,0.386,0.4447,0.5034,0.5622,0.6209,0.6796,0.7383,0.797,0.8557,0.9144,0.9731,1.032,1.091,1.149,1.208,1.267,1.325,1.384,1.443,1.492,1.521,1.549,1.549,1.549,1.549,1.549,1.522,1.47,1.416,1.357,1.299,1.24,1.181,1.123,1.064,1.005,0.9465,0.8878,0.8291,0.7704,0.7117,0.653,0.5969,0.5426,0.5057,0.5057,0.5057,0.5057,0.5057,0.5269,0.5546,0.5976,0.6563,0.715,0.7737,0.8324,0.8431,0.8509,0.8535,0.8535,0.8535,0.8535,0.8535,0.8535,0.8535,0.8535,0.8535,0.8754,0.9142,0.9587,1.017,1.076,1.131,1.187,1.201,1.201,1.201,1.201,1.196,1.17,1.143,1.087,1.028,0.9698,0.9111,0.8524,0.7937,0.7349,0.6762,0.6175,0.5705,0.5262,0.5057,0.5057,0.5057,0.5057,0.5057,0.5057,0.5057,0.5057,0.5057,0.5057,0.5057,0.5057,0.5057,0.5057,0.5057,0.5057,0.5057,0.5057,0.5057,0.5057,0.5057,0.5057,0.5057,0.5438,0.5925,0.6463,0.705,0.7607,0.8061,0.8515,0.8535,0.8535,0.8535,0.8535,0.8683,0.9049,0.9443,1.003,1.062,1.119,1.177,1.201,1.201,1.201,1.201,1.201,1.201,1.201,1.201,1.201,1.201,1.201,1.192,1.144,1.096,1.038,0.9798,0.929,0.8825,0.8535,0.8535,0.8535,0.8535,0.8535,0.8535,0.8535,0.8535,0.8535,0.8535,0.8535,0.8535
-0.9998,-0.9998,-0.9998,-0.9998,-0.9998,-0.9998,-0.9998,-0.9998,-0.9998,-0.9998,-0.9998,-0.9998,-0.9998,-0.9998,-0.9998,-0.9998,-0.9998,-0.9998,-0.9998,-0.9998,-0.9998,-1.006,-1.022,-1.059,-1.096,-1.133,-1.171,-1.208,-1.245,-1.258,-1.265,-1.265,-1.265,-1.265,-1.265,-1.265,-1.265,-1.265,-1.265,-1.265,-1.265,-1.265,-1.265,-1.265,-1.265,-1.265,-1.265,-1.265,-1.265,-1.265,-1.265,-1.265,-1.265,-1.265,-1.265,-1.265,-1.265,-1.265,-1.265,-1.265,-1.265,-1.265,-1.265,-1.265,-1.265,-1.265,-1.265,-1.265,-1.265,-1.265,-1.265,-1.265,-1.265,-1.265,-1.265,-1.265,-1.265,-1.265,-1.271,-1.289,-1.321,-1.359,-1.396,-1.433,-1.47,-1.507,-1.51,-1.48,-1.443,-1.406,-1.369,-1.331,-1.287,-1.226,-1.128,-1.017,-0.9051,-0.7934,-0.6817,-0.57,-0.4863,-0.4287,-0.3907,-0.3535,-0.3163,-0.279,-0.2433,-0.2112,-0.2029,-0.2029,-0.2029,-0.2029,-0.2029,-0.2029,-0.2029,-0.2029,-0.2029,-0.2029,-0.2029,-0.2029,-0.2029,-0.2029,-0.2296,-0.2655,-0.3027,-0.3399,-0.3772,-0.4144,-0.4516,-0.4888,-0.5261,-0.5633,-0.6005,-0.6377,-0.675,-0.7122,-0.7275,-0.7342,-0.7342,-0.7342,-0.7342,-0.7342,-0.7342,-0.7342,-0.7342,-0.7342,-0.7342,-0.7342,-0.7342,-0.7342,-0.7172,-0.6919,-0.6546,-0.6174,-0.5802,-0.543,-0.5058,-0.4685,-0.3941,-0.3196,-0.2452,-0.1708,-0.09631,-0.02187,0.05257,0.127,0.2015,0.2759,0.3503,0.4248,0.4992,0.5737,0.6481,0.7226,0.797,0.8715,0.9459,1.02,1.081,1.125,1.125,1.125,1.125,1.125,1.125,1.125,1.125,1.125,1.125,1.125,1.125,1.125,1.125,1.125,1.125,1.125,1.125,1.125,1.125,1.125,1.125,1.125,1.125,1.125,1.125,1.125,1.125,1.117,1.085,1.049,1.012,0.9747,0.9374,0.9002,0.863,0.8258,0.7885,0.7513,0.7141,0.6769,0.6397,0.6092,0.5974,0.594,0.594,0.594,0.594,0.5941,0.5975,0.6177,0.6549,0.6921,0.7293,0.7666,0.8038,0.8358,0.8545,0.8596,0.8596,0.8596,0.8596,0.8596,0.8596,0.8767,0.9105,0.9476,0.9848,1.022,1.059,1.093,1.118,1.125,1.125,1.125,1.125,1.125,1.125,1.111,1.084,1.047,1.01,0.973,0.9357,0.9,0.8679,0.8596,0.8596,0.8596,0.8596,0.8596,0.8596,0.8703,0.8906,0.9273,0.9645,1.002,1.039,1.076,1.113,1.124,1.125,1.125,1.125,1.125,1.125,1.125,1.125,1.125,1.125,1.125,1.125,1.125,1.125,1.147,1.178,1.215,1.252,1.289,1.327,1.356,1.38,1.343,1.306,1.269,1.232,1.195,1.157,1.154,1.167,1.205,1.242,1.279,1.316,1.354,1.391
-1.614,-1.614,-1.614,-1.614,-1.614,-1.614,-1.614,-1.614,-1.614,-1.614,-1.614,-1.614,-1.614,-1.614,-1.614,-1.614,-1.614,-1.614,-1.596,-1.57,-1.535,-1.499,-1.463,-1.433,-1.407,-1.403,-1.403,-1.403,-1.403,-1.403,-1.403,-1.403,-1.403,-1.403,-1.403,-1.403,-1.403,-1.403,-1.403,-1.403,-1.403,-1.403,-1.403,-1.403,-1.403,-1.403,-1.403,-1.395,-1.376,-1.345,-1.31,-1.274,-1.239,-1.207,-1.191,-1.191,-1.191,-1.191,-1.191,-1.191,-1.191,-1.191,-1.191,-1.191,-1.188,-1.172,-1.132,-1.06,-0.9889,-0.9174,-0.846,-0.7821,-0.7389,-0.6998,-0.6641,-0.6284,-0.5938,-0.5709,-0.5563,-0.5563,-0.5563,-0.5563,-0.5563,-0.5624,-0.5955,-0.6297,-0.6654,-0.7012,-0.7369,-0.7726,-0.8083,-0.844,-0.8797,-0.9154,-0.9495,-0.9795,-0.9795,-0.9795,-0.9795,-0.9795,-0.9795,-0.9795,-0.9795,-0.9795,-0.9795,-0.9795,-0.9743,-0.9667,-0.9309,-0.8952,-0.8595,-0.8238,-0.7881,-0.7293,-0.6654,-0.594,-0.5226,-0.4511,-0.3875,-0.3276,-0.2908,-0.255,-0.2193,-0.1836,-0.1479,-0.1122,-0.07649,-0.04077,-0.005058,0.03066,0.06637,0.1021,0.1378,0.1735,0.2092,0.2447,0.2797,0.2901,0.2901,0.2901,0.2901,0.2901,0.2681,0.2263,0.1607,0.08928,0.01785,-0.04978,-0.1104,-0.1331,-0.1331,-0.1331,-0.1331,-0.1331,-0.1216,-0.09595,-0.06301,-0.02729,0.008419,0.04413,0.07985,0.1156,0.1513,0.187,0.2227,0.2584,0.2828,0.2882,0.2901,0.2901,0.2901,0.293,0.3079,0.3325,0.3683,0.404,0.4397,0.4754,0.5007,0.5014,0.5017,0.5017,0.5017,0.504,0.5236,0.5495,0.5852,0.621,0.6567,0.6847,0.6984,0.6627,0.627,0.5913,0.5556,0.5199,0.4842,0.4485,0.4127,0.377,0.3413,0.3132,0.2901,0.2901,0.2901,0.2901,0.2901,0.2901,0.3181,0.3487,0.3844,0.4202,0.4559,0.4916,0.5273,0.563,0.5987,0.6344,0.6701,0.7059,0.7116,0.7133,0.7133,0.7133,0.7133,0.7263,0.7445,0.78,0.8157,0.8514,0.8857,0.9187,0.9249,0.9249,0.9249,0.9249,0.9249,0.9249,0.9249,0.9249,0.9249,0.9249,0.9249,0.9249,0.9249,0.9249,0.9249,0.9249,0.9249,0.9404,0.968,1.002,1.038,1.074,1.105,1.128,1.137,1.137,1.137,1.137,1.137,1.152,1.185,1.219,1.255,1.291,1.321,1.34,1.348,1.348,1.348,1.348,1.347,1.331,1.296,1.26,1.224,1.188,1.168,1.196,1.247,1.318,1.39,1.46,1.514,1.537,1.502,1.466,1.43,1.395,1.363,1.353,1.348,1.348,1.348,1.348,1.348,1.348,1.348,1.348,1.348,1.348,1.348,1.348,1.348,1.348,1.348,1.348,1.334,1.315,1.279,1.244,1.208,1.172,1.137
-0.8379,-0.8379,-0.8379,-0.8379,-0.8379,-0.8379,-0.8379,-0.8379,-0.8379,-0.8379,-0.8379,-0.8379,-0.8379,-0.8379,-0.8379,-0.8379,-0.8379,-0.8379,-0.8379,-0.8379,-0.8379,-0.8379,-0.8379,-0.8379,-0.8379,-0.8379,-0.8379,-0.8379,-0.8398,-0.8497,-0.8642,-0.8823,-0.887,-0.8896,-0.8896,-0.8896,-0.8898,-0.901,-0.9218,-0.958,-0.9789,-0.9929,-0.9929,-1,-1.015,-1.034,-1.056,-1.093,-1.122,-1.147,-1.148,-1.145,-1.134,-1.119,-1.101,-1.098,-1.1,-1.11,-1.195,-1.298,-1.356,-1.368,-1.332,-1.287,-1.238,-1.184,-1.138,-1.099,-1.071,-1.062,-1.099,-1.13,-1.159,-1.178,-1.196,-1.214,-1.232,-1.25,-1.268,-1.286,-1.304,-1.323,-1.342,-1.367,-1.399,-1.435,-1.449,-1.458,-1.458,-1.469,-1.485,-1.498,-1.498,-1.48,-1.462,-1.444,-1.426,-1.401,-1.371,-1.336,-1.3,-1.264,-1.229,-1.196,-1.177,-1.159,-1.141,-1.123,-1.105,-1.087,-1.069,-1.051,-1.019,-0.984,-0.9478,-0.9116,-0.8754,-0.8462,-0.8204,-0.8023,-0.7842,-0.7661,-0.748,-0.724,-0.6888,-0.658,-0.6311,-0.6311,-0.6275,-0.6193,-0.6031,-0.5807,-0.537,-0.4876,-0.4332,-0.3946,-0.3579,-0.3216,-0.2854,-0.2492,-0.213,-0.1768,-0.1406,-0.1233,-0.1142,-0.1142,-0.1062,-0.08847,-0.07042,-0.05231,-0.03421,-0.0161,0.00201,0.02012,0.03823,0.05633,0.07444,0.09255,0.165,0.2374,0.3098,0.3823,0.4538,0.5171,0.5762,0.6305,0.6735,0.7131,0.749,0.7751,0.7932,0.8067,0.8162,0.8162,0.81,0.8004,0.7823,0.7642,0.7461,0.728,0.7099,0.6918,0.6811,0.6787,0.7086,0.7409,0.7573,0.7645,0.7645,0.7914,0.8227,0.86,0.9084,0.9626,1.011,1.055,1.091,1.135,1.183,1.237,1.277,1.302,1.321,1.339,1.357,1.375,1.393,1.411,1.426,1.434,1.437,1.437,1.468,1.5,1.534,1.556,1.575,1.6,1.63,1.666,1.684,1.695,1.695,1.704,1.719,1.734,1.738,1.72,1.693,1.66,1.606,1.556,1.513,1.475,1.439,1.403,1.368,1.334,1.314,1.299,1.294,1.304,1.322,1.318,1.308,1.29,1.272,1.254,1.233,1.206,1.17,1.134,1.097,1.061,1.031,1.007,0.9877,0.9657,0.9311,0.8973,0.8641,0.8455,0.8274,0.8093,0.7912,0.7738,0.7679,0.7645,0.7645,0.7645,0.7645,0.7645,0.7645,0.7645,0.7575,0.7471,0.729,0.7032,0.6725,0.6364,0.6002,0.564,0.5252,0.4843,0.43,0.3793,0.3332,0.295,0.2588,0.2226,0.1864,0.1502,0.1296,0.113,0.1028,0.1103,0.1284,0.1381,0.1442,0.1442,0.1537,0.1673,0.1854,0.2194,0.2731,0.3238,0.3714,0.4076,0.4438,0.4801,0.5163,0.5525,0.5887,0.6249,0.6611
