0.25768,0.25768,0.25768,0.25768,0.25768,0.25768,0.25768,0.25768,0.25768,0.25768,0.25768,0.25768,0.25768,0.25768,0.25768,0.25768,0.25768,0.25768,0.25768,0.25768,0.25768,0.25768,0.25768,0.25768,0.25768,0.24783,0.22212,0.18201,0.16068,0.15617,0.1369,0.086995,0.0045145,-0.091498,-0.20977,-0.3223,-0.41861,-0.49713,-0.56663,-0.60772,-0.64813,-0.68854,-0.72674,-0.7574,-0.7574,-0.7574,-0.7574,-0.7574,-0.7574,-0.7574,-0.7574,-0.7574,-0.7574,-0.74706,-0.70697,-0.66656,-0.68754,-0.72604,-0.75372,-0.7574,-0.7574,-0.7574,-0.7574,-0.77179,-0.80589,-0.8463,-0.8264,-0.79069,-0.75028,-0.70987,-0.67174,-0.65784,-0.65589,-0.67144,-0.70244,-0.72658,-0.67648,-0.55858,-0.45239,-0.36171,-0.28089,-0.20007,-0.11925,-0.066015,-0.046841,-0.046841,-0.046841,-0.046841,-0.046841,-0.046841,-0.051907,-0.069793,-0.11013,-0.14149,-0.14835,-0.1444,-0.12637,-0.085957,-0.045548,-0.0051382,0.033175,0.054668,0.054921,0.056214,0.0954,0.13581,0.15572,0.15617,0.15617,0.15617,0.15617,0.15617,0.15617,0.15617,0.15617,0.15617,0.13367,0.097663,0.06477,0.054668,0.054668,0.054668,0.054668,0.063669,0.091521,0.13193,0.15074,0.15617,0.16593,0.19206,0.23247,0.25283,0.25768,0.25768,0.25768,0.26026,0.29323,0.36695,0.43868,0.49464,0.53722,0.59024,0.66953,0.74268,0.7982,0.83629,0.86673,0.86673,0.86673,0.86673,0.86499,0.85542,0.81501,0.77987,0.79626,0.83667,0.87707,0.91748,0.95789,0.9983,1.0387,1.1031,1.2191,1.3403,1.4307,1.5133,1.5941,1.6749,1.7557,1.8061,1.8488,1.8741,1.8818,1.8818,1.8818,1.8818,1.8663,1.8349,1.7981,1.7816,1.7803,1.7803,1.7803,1.7754,1.7551,1.7147,1.6886,1.6788,1.6734,1.6545,1.6141,1.5863,1.5773,1.5773,1.5773,1.5773,1.5672,1.5343,1.4983,1.4758,1.4753,1.4689,1.4338,1.3905,1.3316,1.2512,1.173,1.1302,1.0902,1.0697,1.0697,1.071,1.1101,1.1502,1.1477,1.1114,1.0666,0.99099,0.9107,0.78513,0.63139,0.48347,0.38455,0.30359,0.26782,0.25768,0.25768,0.25768,0.25768,0.25768,0.25768,0.23851,0.18527,0.10445,0.023634,-0.057186,-0.14786,-0.25406,-0.37362,-0.45929,-0.50783,-0.54824,-0.58865,-0.62906,-0.66947,-0.70987,-0.74206,-0.7574,-0.75974,-0.77,-0.81041,-0.85714,-0.92356,-1.0044,-1.0852,-1.166,-1.2432,-1.2963,-1.3357,-1.3664,-1.3664,-1.3664,-1.3664,-1.3664,-1.3664,-1.3664,-1.3664,-1.4281,-1.5061,-1.5869,-1.6677,-1.7486,-1.7987,-1.8413,-1.867,-1.874,-1.8733,-1.8442,-1.8061,-1.7657,-1.7253,-1.6937,-1.729,-1.8048,-1.8547,-1.874,-1.8695,-1.8481,-1.808,-1.7823,-1.7725,-1.7725,-1.7725,-1.7725,-1.7593,-1.7282,-1.677,-1.6002,-1.4789,-1.3467,-1.1932,-1.0315,-0.8699,-0.70886,-0.56275,-0.46968,-0.38545,-0.28639,-0.16567,-0.048326,0.035918,0.11674,0.19755,0.27837,0.35919
-0.18493,-0.18493,-0.18493,-0.18493,-0.18493,-0.18493,-0.18493,-0.18493,-0.18493,-0.18493,-0.18493,-0.18493,-0.18493,-0.18493,-0.18493,-0.18493,-0.18493,-0.18493,-0.18345,-0.17048,-0.15683,-0.13846,-0.12226,-0.11945,-0.11707,-0.11707,-0.11707,-0.11707,-0.11707,-0.11707,-0.11707,-0.11707,-0.11707,-0.11707,-0.11707,-0.11707,-0.11535,-0.10778,-0.097618,-0.079249,-0.06088,-0.042511,-0.024142,-0.0057727,0.0054948,-0.0016367,-0.01204,-0.030409,-0.044116,-0.047142,-0.04921,-0.04921,-0.04921,-0.04921,-0.04921,-0.04921,-0.04921,-0.04921,-0.0527,-0.062209,-0.082058,-0.1188,-0.15265,-0.18204,-0.20697,-0.22534,-0.23955,-0.24798,-0.25278,-0.25278,-0.24723,-0.2347,-0.2195,-0.20113,-0.18985,-0.18661,-0.18493,-0.18493,-0.18493,-0.18493,-0.18591,-0.18786,-0.19832,-0.21669,-0.23265,-0.24648,-0.25278,-0.25278,-0.25278,-0.25278,-0.25278,-0.25278,-0.26411,-0.28356,-0.31329,-0.35003,-0.37928,-0.4037,-0.42437,-0.44274,-0.45167,-0.45513,-0.45635,-0.45635,-0.44483,-0.42733,-0.40576,-0.38221,-0.32453,-0.25105,-0.18661,-0.1261,-0.095457,-0.077088,-0.063708,-0.052255,-0.04921,-0.04921,-0.056311,-0.06582,-0.082058,-0.10043,-0.10945,-0.11572,-0.11707,-0.11707,-0.11707,-0.11707,-0.11707,-0.11707,-0.074393,-0.022528,0.030782,0.084376,0.12367,0.16041,0.20068,0.24153,0.29483,0.34993,0.40504,0.46015,0.51525,0.57036,0.62547,0.68057,0.73568,0.79079,0.85703,0.92402,0.99717,1.0706,1.1023,1.1324,1.151,1.1694,1.1709,1.1722,1.1722,1.1722,1.1722,1.1722,1.1722,1.1722,1.1722,1.1722,1.1722,1.1722,1.1722,1.1729,1.182,1.1919,1.2102,1.231,1.2727,1.3159,1.371,1.4243,1.4652,1.5054,1.5422,1.5815,1.6351,1.6887,1.7428,1.7937,1.8305,1.8665,1.8996,1.9297,1.948,1.9637,1.9695,1.9699,1.9515,1.9331,1.9147,1.8964,1.878,1.8596,1.8413,1.8229,1.8045,1.778,1.7315,1.6824,1.6273,1.5722,1.5171,1.4612,1.4035,1.3278,1.2176,1.1098,1.0065,0.91418,0.84071,0.76493,0.68541,0.60105,0.5092,0.41736,0.32551,0.23367,0.14182,0.040309,-0.07401,-0.19465,-0.32323,-0.45182,-0.5804,-0.70898,-0.83756,-0.95825,-1.0704,-1.181,-1.2899,-1.3809,-1.4543,-1.5177,-1.5717,-1.5775,-1.5408,-1.504,-1.4673,-1.4306,-1.3938,-1.3619,-1.3336,-1.311,-1.2927,-1.2874,-1.2911,-1.3037,-1.3221,-1.3911,-1.4912,-1.6093,-1.7379,-1.856,-1.9683,-2.079,-2.1888,-2.2865,-2.3784,-2.4599,-2.5366,-2.5599,-2.5599,-2.5281,-2.4831,-2.3646,-2.2176,-2.0586,-1.8952,-1.7167,-1.533,-1.3821,-1.2417,-1.1246,-1.0143,-0.92515,-0.84174,-0.76625,-0.69277,-0.6193,-0.54582,-0.47235,-0.39887,-0.32539,-0.25192,-0.18083,-0.11016,-0.052884,0.0022232,0.052611,0.10231,0.14053,0.17727,0.19963,0.22038,0.22222,0.22222,0.22222,0.22222,0.22222,0.22222,0.2097,0.19652,0.17835,0.15998,0.095482,0.029786,-0.043591,-0.11707
-0.077271,-0.077271,-0.077271,-0.077271,-0.077271,-0.077271,-0.077271,-0.077271,-0.077271,-0.077271,-0.077271,-0.077271,-0.077271,-0.077271,-0.077271,-0.077271,-0.077271,-0.077271,-0.077271,-0.077271,-0.077271,-0.077271,-0.077271,-0.077271,-0.077271,-0.077271,-0.077271,-0.077271,-0.077271,-0.077271,-0.079614,-0.08311,-0.10436,-0.13029,-0.16918,-0.22189,-0.28874,-0.34551,-0.39885,-0.44341,-0.48798,-0.53254,-0.57633,-0.61959,-0.60595,-0.58292,-0.55539,-0.52075,-0.47618,-0.43857,-0.40406,-0.38137,-0.36627,-0.3737,-0.3888,-0.41108,-0.41781,-0.4204,-0.42258,-0.43161,-0.4539,-0.47188,-0.48717,-0.48885,-0.4908,-0.50259,-0.519,-0.54128,-0.55171,-0.55739,-0.55745,-0.55745,-0.55745,-0.55533,-0.5514,-0.53254,-0.51103,-0.49748,-0.48885,-0.48885,-0.48885,-0.48885,-0.48885,-0.49228,-0.51063,-0.53039,-0.5518,-0.55745,-0.55745,-0.55745,-0.55745,-0.55745,-0.5457,-0.52472,-0.48405,-0.44116,-0.41189,-0.3853,-0.36302,-0.32748,-0.2851,-0.24313,-0.20529,-0.18301,-0.16072,-0.13844,-0.11616,-0.093874,-0.071591,-0.049308,-0.027025,0.0051822,0.044506,0.088322,0.13577,0.20218,0.26877,0.33562,0.40247,0.46932,0.53617,0.60302,0.66987,0.73672,0.80357,0.87042,0.93933,1.0438,1.1492,1.2567,1.3261,1.3707,1.4153,1.4598,1.5044,1.5443,1.5779,1.6036,1.6259,1.6328,1.6377,1.6377,1.6377,1.6377,1.6401,1.6446,1.6669,1.6892,1.7115,1.7338,1.7561,1.7783,1.8006,1.8229,1.8452,1.8675,1.8898,1.912,1.8898,1.8675,1.8452,1.8229,1.8006,1.7863,1.7748,1.7748,1.7695,1.755,1.7355,1.7132,1.7087,1.7059,1.7042,1.6927,1.6704,1.6481,1.6259,1.6036,1.5813,1.559,1.5367,1.5144,1.4922,1.4699,1.4476,1.417,1.3738,1.332,1.2909,1.2676,1.2453,1.223,1.2007,1.1784,1.1461,1.1103,1.0657,1.0212,0.97659,0.93202,0.88746,0.84289,0.79832,0.75376,0.70919,0.66463,0.6131,0.55849,0.49204,0.42519,0.35834,0.29149,0.22464,0.12668,0.020307,-0.088924,-0.19131,-0.28044,-0.36527,-0.44741,-0.51594,-0.58085,-0.6359,-0.68634,-0.73091,-0.77547,-0.82004,-0.86461,-0.90917,-0.95374,-1.0004,-1.0489,-1.1123,-1.1792,-1.246,-1.3129,-1.3797,-1.4466,-1.5134,-1.5803,-1.6403,-1.6704,-1.6961,-1.7167,-1.7057,-1.6834,-1.6611,-1.6388,-1.6166,-1.5943,-1.572,-1.5497,-1.5274,-1.5051,-1.4829,-1.4606,-1.4383,-1.416,-1.3962,-1.3806,-1.3806,-1.377,-1.3696,-1.3509,-1.3286,-1.3063,-1.2841,-1.2618,-1.2296,-1.1902,-1.1464,-1.1047,-1.082,-1.0577,-1.031,-0.99219,-0.94762,-0.90306,-0.85849,-0.81392,-0.77642,-0.74584,-0.72173,-0.69945,-0.67717,-0.65531,-0.63434,-0.62605,-0.62605,-0.62605,-0.62605,-0.62605,-0.62136,-0.61044,-0.59153,-0.56925,-0.54696,-0.52468,-0.5024,-0.48011,-0.45783,-0.43309,-0.40627,-0.36171,-0.31714,-0.27257,-0.22801,-0.18344,-0.16171,-0.14587,-0.14587,-0.14587,-0.14587,-0.14587,-0.14587
-0.18595,-0.18595,-0.18595,-0.18595,-0.18595,-0.18595,-0.18595,-0.18595,-0.18595,-0.18595,-0.18595,-0.18595,-0.18595,-0.18595,-0.18595,-0.18595,-0.18629,-0.18848,-0.20344,-0.22277,-0.24026,-0.24315,-0.24315,-0.24315,-0.24315,-0.24315,-0.24315,-0.24315,-0.24315,-0.24315,-0.24315,-0.24315,-0.24315,-0.24315,-0.24696,-0.25808,-0.27812,-0.29816,-0.31819,-0.33823,-0.35827,-0.3783,-0.39709,-0.41166,-0.41473,-0.4127,-0.40687,-0.38814,-0.371,-0.35754,-0.35754,-0.34984,-0.33277,-0.29269,-0.2624,-0.24315,-0.24315,-0.24315,-0.24315,-0.24315,-0.24315,-0.24315,-0.24315,-0.24315,-0.24315,-0.24315,-0.24315,-0.24315,-0.2405,-0.23176,-0.21327,-0.19324,-0.1732,-0.15316,-0.128,-0.097426,-0.057353,-0.0042847,0.059953,0.1401,0.22025,0.3004,0.38054,0.47019,0.56524,0.66523,0.75448,0.83847,0.91396,0.96022,0.9882,1.0082,1.0283,1.0483,1.0683,1.0884,1.1084,1.1223,1.1296,1.1296,1.1296,1.1296,1.1296,1.1488,1.1791,1.2192,1.2477,1.2716,1.2917,1.3252,1.3623,1.4037,1.458,1.5161,1.567,1.5834,1.5871,1.5921,1.607,1.6265,1.6465,1.6665,1.6866,1.6977,1.7015,1.7015,1.7125,1.7296,1.7496,1.7696,1.7897,1.8097,1.8142,1.8159,1.8151,1.798,1.7791,1.7591,1.739,1.719,1.6939,1.656,1.6163,1.5688,1.5105,1.4505,1.4001,1.3587,1.3186,1.2907,1.2698,1.2498,1.215,1.1755,1.1354,1.1126,1.0924,1.0724,1.0523,1.0325,1.0152,1.0152,1.0147,1.0093,0.98929,0.96926,0.94922,0.92918,0.90781,0.87745,0.83738,0.79731,0.75723,0.71716,0.67709,0.63701,0.59694,0.55687,0.51679,0.47787,0.44071,0.41989,0.39817,0.37362,0.33355,0.29347,0.2534,0.21333,0.17627,0.1452,0.12516,0.10132,0.070154,0.03008,-0.00060822,-0.014365,-0.014926,-0.020027,-0.03513,-0.055167,-0.075204,-0.095241,-0.11528,-0.13531,-0.15535,-0.17539,-0.19542,-0.21546,-0.2355,-0.25553,-0.27557,-0.29561,-0.31564,-0.33568,-0.35572,-0.37575,-0.39579,-0.42306,-0.45699,-0.49655,-0.52861,-0.55317,-0.57474,-0.60316,-0.64024,-0.68031,-0.72039,-0.76046,-0.80053,-0.84061,-0.88068,-0.92075,-0.96083,-1.0009,-1.0345,-1.0625,-1.0825,-1.1105,-1.1441,-1.1841,-1.2242,-1.2643,-1.3044,-1.3444,-1.3845,-1.423,-1.4518,-1.4745,-1.4945,-1.5146,-1.5346,-1.5456,-1.5416,-1.5226,-1.5025,-1.4825,-1.4625,-1.4346,-1.4005,-1.3605,-1.33,-1.3051,-1.2851,-1.288,-1.3004,-1.3204,-1.3539,-1.3911,-1.4311,-1.4712,-1.5113,-1.5544,-1.6091,-1.6679,-1.7133,-1.7286,-1.7302,-1.7234,-1.708,-1.688,-1.6501,-1.5976,-1.5375,-1.4884,-1.4454,-1.4053,-1.3784,-1.3561,-1.3361,-1.3005,-1.2621,-1.222,-1.182,-1.1419,-1.1018,-1.0617,-1.0217,-0.98159,-0.94152,-0.90145,-0.84667,-0.77016,-0.69015,-0.59057,-0.47302,-0.3528,-0.20825,-0.049703,0.11059,0.30029,0.49967,0.70004,0.84843,0.98929,1.1296
-0.67403,-0.67403,-0.67403,-0.67403,-0.67403,-0.67403,-0.67403,-0.67403,-0.67403,-0.67403,-0.67403,-0.67403,-0.67403,-0.67403,-0.67403,-0.67403,-0.67403,-0.67403,-0.67403,-0.67403,-0.67403,-0.67403,-0.67403,-0.67403,-0.67403,-0.67403,-0.67403,-0.67403,-0.67403,-0.67403,-0.67403,-0.67403,-0.67403,-0.67403,-0.67403,-0.67403,-0.67403,-0.67403,-0.67403,-0.67403,-0.67403,-0.67403,-0.67403,-0.67403,-0.67403,-0.67403,-0.67403,-0.67403,-0.67403,-0.67403,-0.67403,-0.67403,-0.67403,-0.68577,-0.70339,-0.721,-0.73862,-0.75531,-0.76492,-0.77453,-0.78347,-0.79227,-0.79294,-0.78733,-0.7808,-0.77199,-0.76318,-0.75437,-0.74556,-0.73675,-0.72794,-0.71394,-0.69392,-0.67269,-0.64626,-0.61984,-0.5978,-0.57618,-0.55711,-0.53949,-0.52043,-0.4988,-0.47677,-0.45034,-0.42391,-0.39489,-0.36526,-0.33262,-0.29739,-0.26278,-0.22995,-0.19712,-0.1706,-0.14417,-0.11775,-0.091319,-0.064893,-0.038467,-0.012169,0.013456,0.039081,0.057627,0.075244,0.092861,0.11048,0.13984,0.19269,0.24554,0.29839,0.35125,0.37903,0.39985,0.41905,0.43666,0.45762,0.48965,0.52168,0.55678,0.59201,0.61852,0.64094,0.66142,0.67903,0.69738,0.7206,0.74383,0.76979,0.79621,0.82543,0.85666,0.88911,0.92434,0.95946,0.99069,1.0219,1.0495,1.076,1.0993,1.1193,1.1371,1.1459,1.1547,1.1635,1.1723,1.1811,1.1899,1.1987,1.2076,1.2164,1.2252,1.234,1.2421,1.2501,1.2537,1.2537,1.2537,1.2537,1.2537,1.2537,1.2537,1.2537,1.2537,1.2537,1.2537,1.2537,1.2537,1.2537,1.2602,1.2674,1.2756,1.2844,1.2955,1.3107,1.3261,1.3437,1.3613,1.3789,1.3965,1.4142,1.4318,1.4482,1.461,1.4738,1.4828,1.4916,1.5032,1.516,1.5308,1.5484,1.5651,1.5763,1.5875,1.589,1.589,1.5876,1.5852,1.5807,1.5719,1.5632,1.556,1.5488,1.5471,1.5471,1.5463,1.5447,1.5396,1.522,1.5044,1.4868,1.4691,1.4339,1.3899,1.3458,1.3018,1.2549,1.1869,1.1188,1.0487,0.97826,0.88742,0.78092,0.67209,0.55758,0.44279,0.30906,0.17533,0.036272,-0.10467,-0.24301,-0.37834,-0.51307,-0.6452,-0.77733,-0.88752,-0.99563,-1.091,-1.1791,-1.2628,-1.3389,-1.4137,-1.4753,-1.537,-1.5883,-1.6371,-1.6739,-1.7004,-1.7249,-1.7441,-1.7633,-1.7636,-1.7636,-1.7614,-1.7581,-1.7487,-1.7311,-1.7133,-1.6949,-1.6765,-1.651,-1.6246,-1.5981,-1.5717,-1.5423,-1.5071,-1.4719,-1.4366,-1.4014,-1.3599,-1.3167,-1.273,-1.229,-1.1849,-1.1409,-1.0968,-1.0528,-1.0088,-0.96471,-0.92067,-0.87662,-0.83258,-0.78854,-0.74449,-0.70045,-0.65641,-0.61236,-0.57111,-0.53187,-0.49385,-0.45861,-0.42303,-0.37579,-0.32854,-0.27043,-0.20877,-0.15477,-0.10912,-0.069164,-0.051547,-0.03393,-0.018541,-0.0033262,0.0077107,0.01652,0.025932,0.036342,0.047483,0.065101,0.082718,0.10033,0.11795,0.13557,0.15318,0.1708,0.18842,0.20604
-0.5924,-0.5924,-0.5924,-0.5924,-0.5924,-0.5924,-0.5924,-0.5924,-0.5924,-0.5924,-0.5924,-0.5924,-0.5924,-0.5924,-0.5924,-0.5924,-0.5924,-0.5924,-0.5924,-0.5924,-0.5924,-0.5924,-0.5924,-0.5924,-0.5924,-0.5924,-0.5924,-0.5924,-0.5924,-0.5924,-0.5924,-0.5924,-0.5924,-0.5924,-0.5924,-0.5924,-0.5924,-0.5924,-0.5924,-0.5924,-0.5924,-0.5924,-0.5924,-0.5924,-0.5924,-0.5924,-0.5924,-0.5924,-0.5924,-0.5924,-0.5924,-0.5924,-0.5924,-0.5924,-0.5924,-0.5924,-0.59587,-0.60463,-0.62885,-0.65794,-0.68703,-0.70205,-0.7024,-0.70245,-0.70245,-0.70245,-0.70245,-0.70245,-0.70245,-0.70245,-0.70245,-0.70245,-0.70245,-0.70245,-0.70245,-0.70245,-0.68597,-0.66355,-0.63446,-0.60537,-0.57628,-0.54719,-0.51882,-0.49289,-0.48235,-0.48235,-0.48235,-0.47488,-0.45175,-0.42452,-0.39543,-0.36634,-0.33725,-0.30816,-0.27907,-0.24998,-0.22089,-0.1918,-0.16271,-0.13362,-0.10453,-0.075444,-0.046354,-0.017264,0.011826,0.040915,0.070005,0.099095,0.12818,0.15727,0.18636,0.21545,0.24454,0.27089,0.28246,0.288,0.288,0.288,0.288,0.288,0.288,0.288,0.288,0.288,0.288,0.30166,0.32165,0.35074,0.38427,0.42353,0.47796,0.53614,0.59432,0.6525,0.71068,0.76886,0.82156,0.85871,0.89083,0.91992,0.93721,0.9483,0.9483,0.94629,0.94129,0.9122,0.88312,0.85403,0.82494,0.79585,0.76676,0.73767,0.70858,0.67949,0.6504,0.62131,0.59222,0.56313,0.53404,0.51389,0.50934,0.5081,0.5081,0.5081,0.5081,0.5081,0.5081,0.5081,0.5081,0.5081,0.5081,0.5322,0.55927,0.58836,0.61745,0.64654,0.67563,0.71077,0.75598,0.8323,0.91957,1.0068,1.0941,1.1814,1.2686,1.3522,1.4205,1.4831,1.5413,1.6086,1.6822,1.7695,1.8567,1.944,2.0313,2.1186,2.2058,2.2621,2.3061,2.3351,2.3642,2.3933,2.4224,2.4515,2.4806,2.5097,2.5388,2.5679,2.5766,2.5384,2.4869,2.4283,2.3568,2.2791,2.1918,2.1045,2.0173,1.93,1.8427,1.7555,1.6269,1.4891,1.3436,1.1894,1.0289,0.85508,0.6824,0.51382,0.3609,0.21545,0.070005,-0.064907,-0.18442,-0.3015,-0.41786,-0.53422,-0.65058,-0.76694,-0.87663,-0.98038,-1.0677,-1.1549,-1.2422,-1.2764,-1.3074,-1.3365,-1.34,-1.3309,-1.3018,-1.2766,-1.257,-1.2527,-1.2527,-1.2527,-1.2527,-1.2527,-1.2527,-1.2478,-1.2275,-1.2019,-1.1728,-1.1546,-1.1427,-1.1427,-1.1441,-1.1479,-1.177,-1.2061,-1.2352,-1.2468,-1.2527,-1.2527,-1.2459,-1.233,-1.2057,-1.1766,-1.1476,-1.1185,-1.0894,-1.0603,-1.0312,-1.0021,-0.97302,-0.94393,-0.91484,-0.88575,-0.85666,-0.82757,-0.79848,-0.76939,-0.7403,-0.71121,-0.6592,-0.60362,-0.54544,-0.48726,-0.42908,-0.3709,-0.31793,-0.27447,-0.26225,-0.26225,-0.26225,-0.26225,-0.26225,-0.26225,-0.26548,-0.2837,-0.30781,-0.3369,-0.35773,-0.3723,-0.3723,-0.3723,-0.3723
-0.39407,-0.39407,-0.39407,-0.39407,-0.39407,-0.39407,-0.39407,-0.39407,-0.39407,-0.39407,-0.39407,-0.39407,-0.39407,-0.39407,-0.39407,-0.39407,-0.39407,-0.39407,-0.39407,-0.39407,-0.39407,-0.39407,-0.39407,-0.39407,-0.39407,-0.39407,-0.39407,-0.39407,-0.39407,-0.39407,-0.39407,-0.39407,-0.39407,-0.39407,-0.39407,-0.39407,-0.39407,-0.39407,-0.40954,-0.44341,-0.48245,-0.52211,-0.53782,-0.54823,-0.54823,-0.55164,-0.55704,-0.57,-0.58412,-0.60015,-0.62188,-0.64904,-0.67621,-0.7021,-0.71617,-0.73005,-0.74364,-0.75722,-0.7708,-0.78439,-0.79601,-0.80239,-0.80517,-0.80517,-0.80152,-0.79584,-0.78226,-0.76867,-0.75509,-0.74151,-0.72792,-0.71434,-0.70855,-0.71886,-0.7312,-0.74478,-0.75836,-0.77195,-0.78553,-0.79911,-0.8127,-0.82628,-0.83986,-0.85345,-0.86703,-0.88061,-0.89409,-0.90751,-0.90794,-0.90794,-0.90794,-0.90196,-0.89115,-0.87799,-0.86552,-0.85979,-0.85656,-0.85656,-0.85298,-0.84788,-0.8343,-0.82072,-0.80713,-0.79355,-0.77997,-0.76638,-0.75527,-0.75428,-0.75378,-0.75378,-0.76134,-0.77129,-0.78488,-0.79598,-0.80285,-0.80517,-0.80517,-0.79797,-0.78553,-0.75836,-0.7312,-0.70403,-0.67687,-0.6497,-0.62253,-0.59051,-0.55189,-0.51174,-0.4709,-0.42164,-0.37083,-0.3165,-0.26217,-0.20784,-0.1535,-0.099657,-0.047943,-0.0014731,0.039277,0.080026,0.12078,0.16153,0.20228,0.24303,0.2905,0.34156,0.39571,0.45005,0.50438,0.55871,0.61304,0.66738,0.72171,0.77604,0.82977,0.88263,0.92693,0.96768,1.0084,1.0492,1.0899,1.1307,1.1714,1.2041,1.2349,1.2621,1.2864,1.3073,1.3226,1.3362,1.3498,1.3634,1.377,1.391,1.4052,1.4442,1.485,1.5257,1.5665,1.6072,1.648,1.6879,1.7206,1.7511,1.7783,1.7984,1.8154,1.8156,1.8156,1.8156,1.8156,1.8156,1.8156,1.8156,1.8156,1.8156,1.8156,1.8082,1.7982,1.7846,1.7734,1.7667,1.7642,1.7642,1.7605,1.7545,1.7409,1.7269,1.7123,1.6876,1.6604,1.6333,1.6061,1.5789,1.5518,1.5246,1.5059,1.4887,1.4752,1.4681,1.4659,1.4773,1.4905,1.5013,1.5072,1.5072,1.5072,1.5064,1.4795,1.4526,1.4254,1.3918,1.3541,1.3136,1.2682,1.2049,1.1325,1.051,0.96948,0.88798,0.80648,0.72312,0.63671,0.52615,0.4039,0.28165,0.1626,0.052625,-0.056624,-0.16529,-0.26604,-0.36478,-0.45986,-0.54662,-0.62255,-0.68276,-0.73716,-0.79493,-0.8559,-0.92382,-0.99084,-1.0573,-1.0883,-1.1155,-1.1426,-1.1698,-1.197,-1.2241,-1.2507,-1.2696,-1.2866,-1.3002,-1.3103,-1.3187,-1.319,-1.3185,-1.3162,-1.3077,-1.2942,-1.2806,-1.2653,-1.2388,-1.212,-1.1848,-1.1505,-1.1133,-1.0726,-1.0318,-0.99108,-0.95033,-0.90958,-0.86518,-0.81859,-0.76426,-0.71047,-0.65728,-0.6137,-0.57295,-0.5322,-0.49567,-0.46671,-0.43891,-0.41175,-0.38458,-0.35742,-0.33025,-0.30308,-0.27592,-0.24875,-0.22229,-0.20101,-0.18853,-0.18853,-0.18853,-0.18853
0.42253,0.42253,0.42253,0.42253,0.42253,0.42253,0.42253,0.42253,0.42253,0.42253,0.42253,0.42253,0.42253,0.42253,0.42253,0.42253,0.42253,0.42253,0.42253,0.42253,0.42253,0.42253,0.42253,0.42253,0.42253,0.42253,0.42253,0.42253,0.42253,0.42253,0.42253,0.42253,0.42253,0.42253,0.42253,0.42253,0.42253,0.42253,0.42629,0.43417,0.44555,0.46038,0.47522,0.49006,0.50646,0.52413,0.54588,0.57061,0.59534,0.62007,0.64416,0.66789,0.67609,0.67609,0.67609,0.67609,0.67609,0.67609,0.67609,0.67609,0.67609,0.67609,0.67609,0.67609,0.67609,0.67609,0.67609,0.67609,0.67609,0.67609,0.68542,0.69602,0.72838,0.763,0.79762,0.83224,0.86687,0.90149,0.93611,0.97073,1.0054,1.04,1.0746,1.109,1.1396,1.1701,1.1998,1.2294,1.2591,1.288,1.3121,1.3354,1.3552,1.375,1.3948,1.4136,1.4285,1.4411,1.4461,1.451,1.4559,1.4607,1.4648,1.4661,1.4612,1.4563,1.4513,1.4464,1.4414,1.4333,1.4201,1.4062,1.3913,1.3765,1.3617,1.3468,1.332,1.3172,1.3023,1.2875,1.2726,1.2596,1.2482,1.2404,1.2355,1.2306,1.2256,1.221,1.2165,1.2149,1.2149,1.2149,1.2149,1.2149,1.2149,1.2119,1.2077,1.2029,1.1979,1.193,1.1881,1.1688,1.1457,1.1133,1.0786,1.044,1.0094,0.96225,0.91309,0.84173,0.76754,0.69335,0.61916,0.541,0.46257,0.3549,0.24609,0.13728,0.028466,-0.080347,-0.189,-0.29347,-0.3979,-0.50177,-0.60564,-0.7095,-0.8116,-0.89982,-0.98678,-1.0659,-1.1451,-1.2242,-1.2997,-1.3597,-1.4132,-1.4428,-1.4725,-1.5022,-1.5307,-1.5562,-1.5743,-1.5743,-1.5743,-1.5743,-1.5743,-1.5743,-1.571,-1.5621,-1.5529,-1.543,-1.5331,-1.5232,-1.5133,-1.5034,-1.4935,-1.4836,-1.4737,-1.4638,-1.456,-1.4502,-1.4475,-1.4475,-1.4475,-1.4475,-1.4479,-1.4488,-1.4521,-1.4571,-1.462,-1.467,-1.4719,-1.4768,-1.4755,-1.4714,-1.4666,-1.4617,-1.4568,-1.4518,-1.4443,-1.436,-1.4265,-1.4166,-1.4067,-1.3968,-1.3851,-1.3731,-1.3586,-1.3438,-1.329,-1.3141,-1.3001,-1.2862,-1.2761,-1.2662,-1.2563,-1.2464,-1.2365,-1.2265,-1.212,-1.1974,-1.1826,-1.1678,-1.1529,-1.1378,-1.1195,-1.101,-1.0813,-1.0615,-1.0417,-1.0212,-0.99693,-0.97164,-0.94197,-0.91229,-0.88261,-0.85294,-0.82326,-0.79359,-0.76391,-0.73423,-0.70456,-0.67488,-0.64521,-0.61389,-0.57947,-0.54497,-0.51035,-0.47573,-0.44111,-0.41095,-0.38693,-0.3648,-0.34501,-0.32523,-0.30544,-0.28681,-0.26935,-0.25326,-0.23842,-0.22358,-0.20874,-0.19454,-0.18081,-0.16938,-0.15948,-0.14959,-0.1397,-0.12981,-0.11992,-0.11002,-0.10013,-0.090239,-0.080347,-0.070454,-0.060562,-0.05067,-0.040778,-0.030886,-0.020994,-0.011102,-0.0012102,0.0086819,0.018574,0.028466,0.038358,0.04825,0.058142,0.065856,0.073325,0.073889,0.073889,0.073889,0.073889,0.073889,0.073889
-0.20054,-0.20054,-0.20054,-0.20054,-0.20054,-0.20054,-0.20054,-0.20054,-0.20054,-0.20054,-0.20054,-0.20054,-0.20054,-0.20054,-0.20054,-0.20054,-0.20054,-0.20054,-0.20054,-0.20054,-0.20054,-0.20054,-0.20054,-0.20054,-0.20054,-0.20054,-0.20054,-0.20054,-0.20054,-0.20054,-0.20054,-0.20054,-0.20054,-0.20054,-0.20054,-0.20054,-0.20799,-0.23665,-0.30027,-0.35312,-0.38052,-0.38079,-0.38251,-0.4109,-0.443,-0.4751,-0.5072,-0.5393,-0.55502,-0.56051,-0.56051,-0.56051,-0.56051,-0.56051,-0.56051,-0.56077,-0.56306,-0.59031,-0.62241,-0.64652,-0.6505,-0.6505,-0.66644,-0.69292,-0.72225,-0.73887,-0.74049,-0.74049,-0.74049,-0.74028,-0.73742,-0.71126,-0.67916,-0.64706,-0.61496,-0.58286,-0.55076,-0.51866,-0.48656,-0.45447,-0.42237,-0.39027,-0.35817,-0.32618,-0.29752,-0.29053,-0.29053,-0.29053,-0.29053,-0.29053,-0.29053,-0.29053,-0.28891,-0.27229,-0.24295,-0.21086,-0.17876,-0.14666,-0.11058,-0.054371,0.0098266,0.064332,0.068917,0.069439,0.083769,0.11014,0.14126,0.15616,0.15943,0.16492,0.18064,0.21274,0.24048,0.24943,0.24943,0.24943,0.24943,0.24943,0.24943,0.24943,0.24943,0.24943,0.24943,0.2388,0.20815,0.14396,0.084454,0.042499,0.010399,-0.021699,-0.053798,-0.085897,-0.118,-0.1501,-0.1822,-0.1964,-0.20054,-0.19545,-0.18048,-0.14838,-0.11628,-0.084178,-0.052079,-0.017416,0.077734,0.17376,0.25776,0.32738,0.39158,0.45578,0.51998,0.57936,0.62888,0.66098,0.68785,0.69939,0.69939,0.69939,0.69939,0.69939,0.71092,0.73779,0.76989,0.78456,0.78938,0.78938,0.78938,0.78938,0.80023,0.83982,0.90389,0.96751,1.0009,1.033,1.0758,1.135,1.1992,1.2463,1.2835,1.3197,1.366,1.4302,1.4888,1.534,1.5661,1.5982,1.6303,1.6624,1.6945,1.7266,1.7587,1.774,1.7793,1.783,1.7974,1.8292,1.8613,1.8934,1.9252,1.9556,1.9593,1.9593,1.9593,1.9593,1.9593,1.9265,1.8733,1.8091,1.7449,1.6807,1.6222,1.5758,1.5437,1.5116,1.4795,1.4474,1.4233,1.4193,1.4193,1.3875,1.3345,1.2731,1.2243,1.1906,1.1528,1.1035,1.0391,0.97202,0.88167,0.78537,0.68907,0.59277,0.49647,0.43107,0.38757,0.35547,0.32337,0.29127,0.25917,0.22707,0.19486,0.15932,0.10211,0.037913,-0.032226,-0.12566,-0.22175,-0.40752,-0.66196,-0.94275,-1.1485,-1.2908,-1.4248,-1.5693,-1.7298,-1.8824,-1.9947,-2.091,-2.1824,-2.2489,-2.3134,-2.3632,-2.4011,-2.4312,-2.4289,-2.4033,-2.3658,-2.3179,-2.2537,-2.1852,-2.0978,-2.0015,-1.9089,-1.843,-1.7786,-1.7144,-1.6502,-1.5863,-1.5398,-1.504,-1.4719,-1.4398,-1.4077,-1.3756,-1.3435,-1.3114,-1.2768,-1.2137,-1.1498,-1.0595,-0.94226,-0.81386,-0.70336,-0.60292,-0.50663,-0.41033,-0.31403,-0.22771,-0.17417,-0.14207,-0.10869,-0.045065,0.018997,0.083196,0.1474,0.21159,0.24042,0.24943,0.24943,0.24943,0.24943,0.24943,0.24943,0.24943,0.24943
0.0723,0.0723,0.0723,0.0723,0.0723,0.070978,0.056883,0.014636,-0.031922,-0.060087,-0.061822,-0.061822,-0.061822,-0.061822,-0.061822,-0.061822,-0.061822,-0.061822,-0.061822,-0.061822,-0.061822,-0.061822,-0.061822,-0.057294,-0.039611,-0.016332,0.0020856,0.0052391,0.0052391,0.0052391,0.0052391,0.0065306,0.0125,0.035779,0.059059,0.069864,0.0723,0.067875,0.046091,0.00011355,-0.042281,-0.061822,-0.061822,-0.060561,-0.042621,-0.020176,0.0031034,0.026382,0.049381,0.070952,0.0723,0.0723,0.0723,0.0723,0.072026,0.06327,0.042827,0.019548,-0.0037308,-0.02701,-0.050289,-0.073569,-0.096848,-0.1167,-0.12888,-0.12888,-0.12888,-0.093891,-0.047727,-0.0057731,0.025314,0.048594,0.071873,0.095152,0.11843,0.14171,0.16499,0.18827,0.22148,0.26323,0.30979,0.35635,0.40291,0.44946,0.48372,0.50862,0.53368,0.56955,0.6152,0.6525,0.65962,0.63634,0.61321,0.60958,0.60879,0.61519,0.63057,0.65455,0.68466,0.74953,0.81937,0.88921,0.95904,1.0289,1.0987,1.1686,1.2372,1.2986,1.3452,1.3917,1.4529,1.5205,1.5796,1.6147,1.6147,1.6147,1.6147,1.6147,1.6188,1.6354,1.6587,1.682,1.7053,1.7287,1.7578,1.8276,1.8975,1.9571,2.0081,2.0516,2.0836,2.0841,2.0841,2.0722,2.0495,2.0263,2.003,1.9797,1.9564,1.9331,1.9099,1.8866,1.8633,1.84,1.8233,1.8159,1.8159,1.8159,1.8159,1.8159,1.8013,1.7599,1.7134,1.6448,1.5587,1.4564,1.3213,1.1117,0.90223,0.64812,0.37429,0.087824,-0.21602,-0.54193,-0.85747,-1.1194,-1.3522,-1.5714,-1.7316,-1.872,-1.9749,-2.0307,-2.0524,-2.0664,-2.0198,-1.9733,-1.9164,-1.8505,-1.7806,-1.7108,-1.641,-1.5729,-1.5372,-1.5372,-1.5377,-1.5697,-1.6132,-1.6509,-1.6713,-1.6713,-1.6713,-1.6713,-1.6713,-1.6649,-1.6482,-1.6249,-1.595,-1.5525,-1.506,-1.4594,-1.4129,-1.3663,-1.3315,-1.3046,-1.2768,-1.2362,-1.1664,-1.0966,-1.0267,-0.9569,-0.89367,-0.85011,-0.82683,-0.81489,-0.83794,-0.88449,-0.92609,-0.93292,-0.93362,-0.92572,-0.90884,-0.88556,-0.86228,-0.839,-0.81573,-0.79245,-0.76917,-0.74589,-0.72261,-0.69933,-0.67767,-0.66537,-0.66537,-0.66537,-0.64848,-0.62672,-0.60344,-0.58016,-0.55674,-0.53047,-0.46846,-0.39862,-0.34102,-0.30636,-0.28308,-0.26761,-0.26301,-0.26301,-0.26301,-0.26301,-0.26301,-0.26301,-0.26301,-0.26055,-0.25147,-0.22819,-0.20491,-0.18164,-0.15836,-0.13791,-0.12916,-0.12888,-0.12413,-0.10902,-0.085742,-0.062463,-0.039184,-0.015905,-0.00082424,0.0052391,0.0044049,-0.00093437,-0.022953,-0.046232,-0.069511,-0.09279,-0.11607,-0.13935,-0.16263,-0.18591,-0.20919,-0.23246,-0.25574,-0.27902,-0.3023,-0.31568,-0.31127,-0.28799,-0.26471,-0.24143,-0.21816,-0.19488,-0.1716,-0.14832,-0.13377,-0.12888,-0.12888,-0.12888,-0.12888,-0.12888,-0.12888,-0.12888,-0.13132,-0.14106,-0.16434,-0.18762,-0.21089,-0.23417,-0.2553,-0.26234,-0.26301,-0.27404,-0.30401,-0.35057,-0.39713
0.2911,0.2911,0.2911,0.2911,0.29583,0.30388,0.3328,0.36454,0.39629,0.4205,0.43614,0.43988,0.43988,0.43988,0.43988,0.43988,0.43988,0.43988,0.43988,0.43988,0.43988,0.43988,0.43988,0.43988,0.43988,0.43988,0.43988,0.43988,0.43988,0.43988,0.43988,0.43988,0.43988,0.43988,0.43988,0.43988,0.44003,0.44098,0.45599,0.48773,0.51948,0.55084,0.57358,0.58866,0.58866,0.58866,0.58866,0.58866,0.58866,0.58866,0.58866,0.58866,0.58866,0.58866,0.58866,0.58866,0.58866,0.58866,0.58866,0.58866,0.58866,0.58866,0.58866,0.58866,0.58866,0.59266,0.61896,0.65476,0.70238,0.75,0.79803,0.85844,0.91986,0.98335,1.0457,1.1073,1.1416,1.1734,1.2051,1.2368,1.2686,1.3003,1.3321,1.3638,1.3922,1.4149,1.433,1.4489,1.4648,1.4806,1.4965,1.5124,1.5282,1.5431,1.5557,1.5557,1.5557,1.5557,1.5595,1.565,1.5808,1.5967,1.6126,1.6228,1.6295,1.6301,1.6301,1.6301,1.6366,1.6499,1.6652,1.6809,1.6954,1.7045,1.7045,1.7045,1.7045,1.6993,1.6912,1.6754,1.6595,1.6436,1.6198,1.5936,1.5619,1.5301,1.4984,1.4473,1.3885,1.325,1.26,1.1915,1.0975,0.98643,0.87532,0.76736,0.67331,0.59387,0.53038,0.46689,0.40403,0.35025,0.29868,0.25106,0.20344,0.15582,0.1212,0.08783,0.056083,0.022318,-0.013219,-0.071849,-0.13534,-0.19883,-0.25743,-0.30908,-0.34667,-0.37841,-0.41016,-0.44482,-0.48652,-0.53169,-0.57931,-0.62693,-0.67455,-0.72217,-0.76979,-0.81741,-0.86503,-0.91265,-0.96027,-1.0079,-1.0555,-1.1071,-1.1609,-1.2237,-1.2872,-1.3507,-1.4089,-1.4622,-1.5108,-1.5585,-1.6061,-1.6366,-1.6415,-1.643,-1.643,-1.6454,-1.6516,-1.6674,-1.6833,-1.6992,-1.7039,-1.7039,-1.6881,-1.6722,-1.6563,-1.6326,-1.6061,-1.5743,-1.5426,-1.5108,-1.4882,-1.4709,-1.4549,-1.4391,-1.4232,-1.4073,-1.3914,-1.3756,-1.3603,-1.3511,-1.3455,-1.3455,-1.3455,-1.3455,-1.3351,-1.323,-1.3071,-1.2912,-1.2754,-1.2721,-1.2711,-1.2711,-1.2698,-1.267,-1.2545,-1.2386,-1.2228,-1.2046,-1.1819,-1.1536,-1.1218,-1.0901,-1.0606,-1.0397,-1.0214,-1.0055,-0.98964,-0.97247,-0.94167,-0.91051,-0.87877,-0.84702,-0.81528,-0.78353,-0.75178,-0.72004,-0.68829,-0.65655,-0.6248,-0.59305,-0.56131,-0.53924,-0.52977,-0.52719,-0.52719,-0.52719,-0.52719,-0.52719,-0.52719,-0.52719,-0.5242,-0.51843,-0.50255,-0.48668,-0.47081,-0.46068,-0.4528,-0.4528,-0.4528,-0.4528,-0.44526,-0.43389,-0.41821,-0.40234,-0.38647,-0.37059,-0.35472,-0.33885,-0.32297,-0.3071,-0.29123,-0.27536,-0.25948,-0.24369,-0.2354,-0.22963,-0.22963,-0.22963,-0.22963,-0.21928,-0.20689,-0.19102,-0.17514,-0.15927,-0.1434,-0.12752,-0.11165,-0.097137,-0.085054,-0.080852,-0.080852,-0.080852,-0.078982,-0.071164,-0.059056,-0.043183,-0.02731,-0.014269,-0.022087,-0.033232,-0.049105,-0.064978,-0.080852
-0.36511,-0.36511,-0.36511,-0.36511,-0.36511,-0.36511,-0.36511,-0.36511,-0.36511,-0.36511,-0.36511,-0.36511,-0.36511,-0.36511,-0.36511,-0.36511,-0.36511,-0.36511,-0.36511,-0.36511,-0.36511,-0.36511,-0.36511,-0.36511,-0.36511,-0.36511,-0.36362,-0.35128,-0.33162,-0.30078,-0.28372,-0.27344,-0.27287,-0.27287,-0.27287,-0.26677,-0.25443,-0.20413,-0.1437,-0.1108,-0.088385,-0.088385,-0.088385,-0.088385,-0.088385,-0.092791,-0.12364,-0.15448,-0.18533,-0.21617,-0.24702,-0.26196,-0.27287,-0.27287,-0.27287,-0.27287,-0.27124,-0.26729,-0.23644,-0.2056,-0.17475,-0.14391,-0.11306,-0.082216,-0.05137,-0.020526,-0.0014306,0.0026821,0.0009195,-0.0031932,-0.033745,-0.061336,-0.079843,-0.088385,-0.088385,-0.12183,-0.16476,-0.22646,-0.26727,-0.27138,-0.27287,-0.27287,-0.27287,-0.27287,-0.27287,-0.27287,-0.27287,-0.25622,-0.23351,-0.20266,-0.18063,-0.18063,-0.17602,-0.16779,-0.14068,-0.11164,-0.097243,-0.088385,-0.088385,-0.10466,-0.12933,-0.15785,-0.18063,-0.18063,-0.18063,-0.18063,-0.18063,-0.18002,-0.16151,-0.13921,-0.10836,-0.077515,-0.04667,-0.0123,0.026183,0.087874,0.15458,0.22861,0.31525,0.40778,0.50032,0.59286,0.68539,0.77793,0.87047,0.95338,1.0309,1.0617,1.0973,1.1425,1.1977,1.2594,1.2813,1.2953,1.2953,1.3085,1.3393,1.3644,1.387,1.3875,1.3917,1.4081,1.4321,1.463,1.474,1.4801,1.4842,1.5085,1.5702,1.6255,1.6769,1.7098,1.7406,1.7714,1.8023,1.8331,1.8252,1.8026,1.7717,1.7409,1.71,1.686,1.6675,1.6642,1.6622,1.6416,1.6172,1.5864,1.5555,1.5247,1.4938,1.463,1.4321,1.4013,1.3705,1.3396,1.3098,1.3242,1.3434,1.3743,1.4051,1.436,1.4668,1.4977,1.5285,1.5593,1.5902,1.621,1.6519,1.6827,1.7122,1.7369,1.7189,1.6572,1.5955,1.5338,1.4721,1.4104,1.3487,1.287,1.2253,1.1404,1.052,0.96359,0.88633,0.82464,0.75441,0.68038,0.58845,0.50089,0.42891,0.36225,0.30056,0.21609,0.12588,0.039515,-0.038445,-0.10014,-0.15297,-0.20027,-0.23292,-0.26749,-0.32096,-0.37804,-0.43973,-0.47939,-0.51023,-0.54108,-0.57192,-0.60277,-0.64247,-0.68977,-0.74877,-0.81046,-0.87215,-0.9331,-0.99273,-1.034,-1.0649,-1.0863,-1.1031,-1.1031,-1.1201,-1.1572,-1.2123,-1.2734,-1.2817,-1.2887,-1.2928,-1.3119,-1.3428,-1.3736,-1.4045,-1.4353,-1.4741,-1.5255,-1.5837,-1.6453,-1.6533,-1.6578,-1.664,-1.6821,-1.7129,-1.7219,-1.7229,-1.6921,-1.6682,-1.6599,-1.6565,-1.6565,-1.6301,-1.5992,-1.5684,-1.5375,-1.5067,-1.4758,-1.445,-1.4142,-1.3776,-1.3221,-1.2655,-1.208,-1.1953,-1.1947,-1.1844,-1.1674,-1.1365,-1.1057,-1.0749,-1.044,-1.0173,-1.0132,-1.009,-1.0049,-0.98202,-0.95118,-0.92033,-0.88948,-0.85864,-0.82779,-0.79695,-0.7661,-0.73526,-0.70441,-0.6714,-0.63438,-0.58191,-0.52022,-0.4715,-0.4271,-0.39625,-0.3756,-0.36737,-0.36511,-0.36511
0.25735,0.25735,0.25735,0.25735,0.25735,0.25735,0.25735,0.25735,0.25735,0.25735,0.25735,0.25735,0.25735,0.25735,0.25735,0.25735,0.25735,0.25735,0.25735,0.25735,0.25735,0.25735,0.25735,0.25735,0.25735,0.24777,0.22535,0.18899,0.15404,0.14317,0.14317,0.14317,0.14317,0.14317,0.14317,0.14317,0.14317,0.14317,0.14317,0.14317,0.14317,0.14317,0.14317,0.14317,0.14317,0.14317,0.14317,0.14806,0.15953,0.17772,0.1959,0.19992,0.20026,0.19801,0.18856,0.17081,0.15262,0.13444,0.11626,0.09808,0.089245,0.08608,0.08608,0.08608,0.08608,0.08608,0.08608,0.08608,0.08608,0.08608,0.08608,0.08608,0.08608,0.10103,0.11844,0.13951,0.16644,0.20281,0.23917,0.26644,0.28462,0.30281,0.32099,0.33917,0.35735,0.37553,0.39372,0.4119,0.43008,0.44826,0.46644,0.48062,0.48572,0.48572,0.48655,0.5011,0.51844,0.54296,0.57881,0.63335,0.6879,0.75286,0.82463,0.89692,0.96092,1.0177,1.0712,1.1137,1.1137,1.1137,1.1003,1.0737,1.0374,1.001,0.96463,0.92826,0.89426,0.87099,0.85226,0.83408,0.8159,0.79772,0.77954,0.78414,0.79917,0.81735,0.83554,0.85372,0.8719,0.90639,0.97699,1.0497,1.1294,1.2155,1.3064,1.3974,1.4883,1.5792,1.6595,1.7152,1.7515,1.7826,1.7988,1.7988,1.7988,1.8108,1.8272,1.8471,1.8712,1.9075,1.9439,1.9664,1.9701,1.9701,1.9839,2.0115,2.0479,2.0843,2.0479,2.0115,1.9622,1.8919,1.801,1.7045,1.5799,1.4344,1.289,1.1558,1.0268,0.89954,0.77226,0.64499,0.51772,0.39855,0.28681,0.17772,0.08794,0.022807,-0.031739,-0.090397,-0.1784,-0.26883,-0.35974,-0.45065,-0.54156,-0.63247,-0.72338,-0.81429,-0.90645,-1.0083,-1.1161,-1.2236,-1.3259,-1.4168,-1.5077,-1.5719,-1.6176,-1.6534,-1.6847,-1.7052,-1.7234,-1.7416,-1.7597,-1.7779,-1.8059,-1.847,-1.9016,-1.9561,-1.9682,-1.9692,-1.9647,-1.9458,-1.9103,-1.8739,-1.8376,-1.8012,-1.7648,-1.7378,-1.7165,-1.6975,-1.6756,-1.6401,-1.6037,-1.5725,-1.5503,-1.5321,-1.5139,-1.4957,-1.4776,-1.4594,-1.4561,-1.4554,-1.4525,-1.4437,-1.4256,-1.4074,-1.3801,-1.3437,-1.3074,-1.271,-1.2347,-1.1991,-1.1659,-1.1477,-1.1296,-1.1114,-1.0932,-1.075,-1.0568,-1.0387,-1.0205,-1.0015,-0.96873,-0.9332,-0.9,-0.87247,-0.85429,-0.83611,-0.8075,-0.77211,-0.73574,-0.69938,-0.66301,-0.627,-0.59465,-0.57647,-0.55829,-0.5334,-0.50192,-0.46568,-0.43222,-0.41029,-0.3921,-0.37628,-0.37119,-0.37065,-0.37065,-0.37065,-0.37065,-0.37065,-0.37065,-0.37065,-0.3694,-0.36212,-0.34519,-0.32701,-0.30883,-0.29065,-0.27247,-0.24731,-0.21574,-0.17961,-0.14471,-0.12447,-0.10629,-0.084573,-0.054648,-0.018284,0.015427,0.041716,0.059898,0.07808,0.096262,0.11444,0.13091,0.14317,0.14317,0.14317,0.12927,0.096625,0.060262,0.030783,0.0082612,-0.0099207,-0.028102
0.33629,0.33629,0.33629,0.33629,0.33629,0.33629,0.33629,0.33629,0.33629,0.33629,0.33629,0.33629,0.33629,0.33629,0.33629,0.33629,0.33629,0.33629,0.33629,0.33629,0.33629,0.33629,0.33629,0.33629,0.33629,0.33629,0.33629,0.33629,0.33629,0.33629,0.33629,0.33629,0.33629,0.33629,0.33629,0.33629,0.33629,0.33629,0.33629,0.33629,0.33629,0.33629,0.33629,0.33629,0.33629,0.33629,0.33629,0.33629,0.33629,0.33629,0.33629,0.33629,0.33629,0.33629,0.33629,0.33629,0.33629,0.33629,0.33629,0.33629,0.33629,0.33629,0.33629,0.33629,0.33629,0.33629,0.3372,0.33821,0.35848,0.37899,0.3995,0.42001,0.44052,0.46103,0.48154,0.50205,0.52255,0.54878,0.58307,0.62073,0.66175,0.70277,0.74378,0.7848,0.82582,0.86684,0.90786,0.95397,1.001,1.0615,1.123,1.1846,1.2461,1.3076,1.3691,1.4307,1.4922,1.5537,1.6053,1.6386,1.6707,1.7015,1.7298,1.7558,1.7723,1.7825,1.7928,1.803,1.8133,1.8235,1.8338,1.844,1.8543,1.8633,1.8386,1.8131,1.7824,1.7519,1.7229,1.6963,1.6758,1.6553,1.6348,1.6165,1.6009,1.5882,1.5779,1.5677,1.5574,1.5472,1.5369,1.5267,1.5164,1.4981,1.4787,1.3782,1.2757,1.1731,1.0724,0.98249,0.89676,0.82498,0.7532,0.68142,0.60963,0.53785,0.46607,0.39429,0.32251,0.25072,0.17894,0.10716,0.035379,-0.036403,-0.10818,-0.17997,-0.25175,-0.32353,-0.39531,-0.46824,-0.55347,-0.63991,-0.7322,-0.82449,-0.91678,-1.0125,-1.1147,-1.217,-1.3196,-1.4192,-1.516,-1.604,-1.686,-1.7681,-1.8501,-1.9089,-1.9607,-1.9945,-2.0253,-2.056,-2.0857,-2.0702,-2.0542,-2.0337,-2.0123,-1.9874,-1.958,-1.917,-1.876,-1.835,-1.794,-1.7529,-1.7119,-1.6709,-1.6299,-1.5889,-1.5539,-1.5215,-1.4904,-1.4596,-1.4315,-1.4038,-1.3929,-1.3826,-1.3724,-1.3621,-1.3518,-1.3416,-1.3313,-1.3211,-1.3108,-1.2944,-1.2683,-1.2401,-1.2093,-1.179,-1.1491,-1.1252,-1.1047,-1.0842,-1.0637,-1.0399,-1.0154,-0.9852,-0.95444,-0.92367,-0.89397,-0.87766,-0.86231,-0.85206,-0.84176,-0.83134,-0.8176,-0.79709,-0.77658,-0.75607,-0.73556,-0.71505,-0.69454,-0.67403,-0.65353,-0.63302,-0.61251,-0.592,-0.57149,-0.55098,-0.53047,-0.51008,-0.49932,-0.48861,-0.47836,-0.4681,-0.45785,-0.44759,-0.43734,-0.42708,-0.41683,-0.40658,-0.39632,-0.38607,-0.37581,-0.36556,-0.3553,-0.33874,-0.31941,-0.29915,-0.27865,-0.25814,-0.23763,-0.21712,-0.19661,-0.1761,-0.15623,-0.14093,-0.12668,-0.11642,-0.10617,-0.095913,-0.085658,-0.075404,-0.065149,-0.054895,-0.04464,-0.034385,-0.024131,-0.013876,-0.0036219,0.0066327,0.013234,0.01895,0.019577,0.019577,0.019577,0.019577,0.019577,0.019577,0.019577,0.019577,0.019577,0.019577,0.019577,0.019577,0.019577,0.021463,0.02533,0.032858,0.043112,0.053367,0.063621,0.068623,0.071817,0.072363,0.072363,0.072363,0.072363
-0.41528,-0.41528,-0.41528,-0.41528,-0.41528,-0.41528,-0.41528,-0.41528,-0.41528,-0.41528,-0.41577,-0.41892,-0.44003,-0.45765,-0.47242,-0.47242,-0.47242,-0.47242,-0.47242,-0.48428,-0.51849,-0.55673,-0.5867,-0.5867,-0.5867,-0.5867,-0.5867,-0.5867,-0.5867,-0.5867,-0.5867,-0.5867,-0.59266,-0.61945,-0.68277,-0.73997,-0.79232,-0.83453,-0.88583,-0.94226,-1.0056,-1.0364,-1.0437,-1.0408,-1.0292,-1.0081,-0.97161,-0.92443,-0.8611,-0.78655,-0.70752,-0.62309,-0.55222,-0.48734,-0.42402,-0.36069,-0.29737,-0.23405,-0.17072,-0.1074,-0.07117,-0.04189,-0.020782,0.016776,0.057024,0.094873,0.12079,0.14189,0.163,0.18411,0.20598,0.24237,0.28164,0.32386,0.36608,0.40829,0.45051,0.49273,0.54079,0.60412,0.6827,0.76713,0.85156,0.93622,1.0222,1.1278,1.2304,1.3301,1.4153,1.4953,1.5684,1.6333,1.6966,1.7599,1.8217,1.8757,1.8968,1.9179,1.939,1.9601,1.9688,1.9659,1.9455,1.9244,1.9033,1.8807,1.852,1.8098,1.7676,1.7254,1.6831,1.6409,1.5987,1.5565,1.5143,1.4721,1.4298,1.3876,1.3454,1.3032,1.261,1.2188,1.1867,1.1594,1.1383,1.1172,1.0958,1.0714,1.0375,0.99532,0.9531,0.91088,0.86867,0.82645,0.78423,0.74202,0.71478,0.69252,0.67142,0.65031,0.63014,0.61849,0.61319,0.61319,0.58364,0.54841,0.50619,0.46397,0.42176,0.37954,0.33733,0.29289,0.24048,0.18084,0.11751,0.054188,-0.0091361,-0.07246,-0.13579,-0.20154,-0.27032,-0.35305,-0.43381,-0.50732,-0.57287,-0.63246,-0.67941,-0.72317,-0.76539,-0.8076,-0.84982,-0.89204,-0.93425,-0.97647,-1.0187,-1.0609,-1.1031,-1.1453,-1.1887,-1.237,-1.3004,-1.3542,-1.4001,-1.4212,-1.4423,-1.4634,-1.4845,-1.4973,-1.5006,-1.5029,-1.5118,-1.5329,-1.5602,-1.5922,-1.6345,-1.6676,-1.6956,-1.7167,-1.7378,-1.7588,-1.777,-1.7866,-1.7866,-1.7712,-1.7451,-1.7029,-1.6831,-1.6723,-1.6723,-1.6723,-1.6723,-1.6723,-1.6723,-1.6716,-1.6534,-1.6235,-1.5813,-1.5256,-1.4663,-1.403,-1.3232,-1.2408,-1.1607,-1.0926,-1.0308,-0.9773,-0.93061,-0.88991,-0.87826,-0.87238,-0.87238,-0.89189,-0.90884,-0.91976,-0.90405,-0.87123,-0.80791,-0.71407,-0.60314,-0.46558,-0.3222,-0.17764,-0.072096,0.024623,0.11269,0.15718,0.18599,0.19436,0.17792,0.16643,0.1788,0.19758,0.21868,0.23979,0.26907,0.3053,0.36862,0.42577,0.47708,0.51966,0.56187,0.60409,0.64476,0.67942,0.70053,0.71623,0.72746,0.72746,0.72746,0.72746,0.72746,0.70836,0.67197,0.63487,0.61319,0.61319,0.60629,0.59426,0.57315,0.57231,0.58116,0.60227,0.6112,0.61348,0.61675,0.62956,0.65067,0.66322,0.67032,0.67032,0.67032,0.67032,0.67032,0.68531,0.70443,0.72153,0.72746,0.72746,0.72746,0.72746,0.72746,0.72746,0.72746,0.72746,0.74542,0.76449,0.78087,0.7846,0.7846,0.7846,0.7846,0.78289,0.76725,0.74857,0.72746
0.43909,0.43909,0.43909,0.43909,0.43909,0.43909,0.43909,0.43909,0.43909,0.43909,0.43909,0.43909,0.43909,0.43909,0.43909,0.43909,0.43909,0.43909,0.43909,0.43909,0.43909,0.43909,0.43909,0.43909,0.43909,0.43909,0.43909,0.43909,0.43909,0.43909,0.43909,0.43909,0.43909,0.43909,0.43909,0.43909,0.43909,0.43909,0.43909,0.43909,0.43909,0.43909,0.43909,0.43909,0.43909,0.43909,0.43909,0.43909,0.43909,0.43909,0.43909,0.43909,0.43909,0.43173,0.4207,0.40966,0.39862,0.38963,0.38132,0.38132,0.38132,0.38132,0.387,0.40466,0.43431,0.47847,0.52262,0.56678,0.61094,0.6551,0.69925,0.74341,0.78757,0.83078,0.8661,0.9009,0.93402,0.96714,1.0003,1.0389,1.083,1.1272,1.1714,1.2122,1.2519,1.2759,1.2979,1.32,1.3414,1.3591,1.3749,1.3859,1.3969,1.408,1.419,1.4301,1.4411,1.4521,1.4632,1.4742,1.4769,1.479,1.479,1.479,1.479,1.4716,1.4496,1.4275,1.4054,1.3846,1.3648,1.3513,1.3403,1.3292,1.3182,1.3071,1.2961,1.2851,1.274,1.263,1.2545,1.2501,1.2479,1.2479,1.2479,1.2479,1.2411,1.2322,1.2214,1.2104,1.1993,1.1901,1.1901,1.1901,1.1901,1.1892,1.187,1.1798,1.1688,1.1577,1.1467,1.1357,1.1246,1.1136,1.1026,1.0915,1.0762,1.0453,1.0098,0.96567,0.92151,0.87735,0.83319,0.78904,0.74488,0.70072,0.65657,0.61241,0.55721,0.50202,0.44682,0.39163,0.33643,0.28123,0.22604,0.17084,0.11564,0.066233,0.019868,-0.016088,-0.049206,-0.082324,-0.11513,-0.14162,-0.16733,-0.18941,-0.21148,-0.23356,-0.26342,-0.30316,-0.34543,-0.38958,-0.43374,-0.4779,-0.56805,-0.66741,-0.76676,-0.8659,-0.96305,-1.0582,-1.1465,-1.2348,-1.3231,-1.405,-1.4801,-1.5428,-1.598,-1.6532,-1.7084,-1.7519,-1.7938,-1.8269,-1.86,-1.8931,-1.9166,-1.9144,-1.9086,-1.8975,-1.8865,-1.8755,-1.835,-1.7798,-1.7246,-1.6694,-1.6163,-1.5638,-1.5196,-1.4755,-1.4313,-1.39,-1.3547,-1.3253,-1.3033,-1.2812,-1.2591,-1.2418,-1.2263,-1.2146,-1.2035,-1.1925,-1.1843,-1.1998,-1.2168,-1.2389,-1.2609,-1.283,-1.2941,-1.2941,-1.2941,-1.2941,-1.2941,-1.2941,-1.2941,-1.2941,-1.2941,-1.2934,-1.289,-1.2827,-1.2716,-1.2606,-1.2495,-1.2349,-1.2172,-1.1966,-1.1745,-1.1524,-1.1303,-1.1082,-1.0862,-1.0641,-1.042,-1.0199,-0.99785,-0.97577,-0.95369,-0.93161,-0.90953,-0.88745,-0.86538,-0.8433,-0.82122,-0.79914,-0.77706,-0.75498,-0.7329,-0.71083,-0.68875,-0.66919,-0.65374,-0.64054,-0.6295,-0.61846,-0.60743,-0.59639,-0.58535,-0.57431,-0.56327,-0.55223,-0.54119,-0.53015,-0.51911,-0.50807,-0.49609,-0.48284,-0.46465,-0.44257,-0.42049,-0.39842,-0.37634,-0.35426,-0.33218,-0.3101,-0.28802,-0.26878,-0.25995,-0.25417,-0.25417,-0.25417,-0.25417,-0.24881,-0.23998,-0.22952,-0.21848,-0.20744,-0.1964
0.1629,0.1629,0.1629,0.1629,0.1629,0.1629,0.1629,0.1629,0.1629,0.1629,0.1629,0.1629,0.1629,0.1629,0.1629,0.1629,0.1629,0.1629,0.1629,0.1629,0.1629,0.1629,0.1629,0.1629,0.1629,0.1629,0.1629,0.1629,0.1629,0.1629,0.1629,0.1629,0.1629,0.1629,0.1629,0.1629,0.1629,0.1629,0.1629,0.1629,0.1629,0.1629,0.1629,0.1629,0.1629,0.1629,0.1629,0.1629,0.1629,0.1629,0.1629,0.1629,0.1629,0.1629,0.1629,0.1629,0.1629,0.1629,0.1629,0.1629,0.18383,0.21155,0.23928,0.267,0.29473,0.32245,0.34634,0.36944,0.39255,0.41565,0.43875,0.46186,0.48078,0.49926,0.51774,0.53622,0.55471,0.57319,0.59621,0.61931,0.64241,0.66552,0.68862,0.71172,0.73483,0.75793,0.78104,0.80414,0.82724,0.85096,0.87868,0.90641,0.93413,0.96185,0.98958,1.0163,1.0394,1.0626,1.0857,1.1088,1.1319,1.155,1.1781,1.2012,1.2243,1.2474,1.2705,1.2969,1.3292,1.3616,1.3939,1.4263,1.4586,1.485,1.5034,1.5219,1.5404,1.5589,1.5774,1.6053,1.6422,1.6792,1.7162,1.7531,1.7901,1.8163,1.8347,1.8532,1.8717,1.8902,1.9087,1.9058,1.8919,1.8781,1.8642,1.8503,1.8365,1.8022,1.7606,1.719,1.6775,1.6359,1.5943,1.5377,1.4776,1.4176,1.3575,1.2974,1.2374,1.1609,1.0823,1.0038,0.92524,0.84668,0.76813,0.67179,0.57476,0.47772,0.38069,0.28365,0.18697,0.099173,0.011379,-0.076415,-0.16421,-0.252,-0.33927,-0.42245,-0.50562,-0.58879,-0.67197,-0.75514,-0.8418,-0.94345,-1.0451,-1.1468,-1.2484,-1.3501,-1.4444,-1.5183,-1.5923,-1.6662,-1.7401,-1.8141,-1.8707,-1.8938,-1.9169,-1.94,-1.9632,-1.9863,-1.9902,-1.9671,-1.944,-1.9209,-1.8978,-1.8747,-1.8448,-1.8078,-1.7708,-1.7339,-1.6969,-1.6599,-1.6256,-1.5932,-1.5609,-1.5285,-1.4962,-1.4639,-1.4374,-1.4143,-1.3912,-1.3681,-1.345,-1.3219,-1.3021,-1.2836,-1.2652,-1.2467,-1.2282,-1.2097,-1.1949,-1.181,-1.1672,-1.1533,-1.1394,-1.1256,-1.1117,-1.0979,-1.084,-1.0701,-1.0563,-1.0424,-1.0242,-1.0057,-0.98722,-0.96874,-0.95025,-0.93203,-0.92741,-0.92279,-0.91817,-0.91355,-0.90893,-0.90344,-0.88958,-0.87571,-0.86185,-0.84799,-0.83413,-0.8187,-0.79559,-0.77249,-0.74938,-0.72628,-0.70318,-0.68007,-0.65697,-0.63387,-0.61076,-0.58766,-0.56456,-0.54145,-0.51835,-0.49524,-0.47214,-0.44904,-0.42593,-0.40466,-0.38618,-0.36769,-0.34921,-0.33073,-0.31225,-0.29376,-0.27528,-0.2568,-0.23831,-0.21983,-0.20135,-0.18287,-0.16438,-0.1459,-0.12742,-0.10893,-0.090451,-0.074845,-0.060983,-0.047121,-0.033259,-0.019397,-0.0055346,0.0083276,0.02219,0.036052,0.049914,0.063777,0.077639,0.087926,0.097168,0.10641,0.11565,0.12489,0.13413,0.13945,0.14407,0.14869,0.15331,0.15793,0.16256,0.16718,0.1718,0.17642,0.18104,0.18566,0.19028
-0.24782,-0.24782,-0.24782,-0.24782,-0.24782,-0.24782,-0.24782,-0.24782,-0.24782,-0.24782,-0.24782,-0.24782,-0.24782,-0.24782,-0.24782,-0.24782,-0.24782,-0.24782,-0.24782,-0.24782,-0.24782,-0.24782,-0.24782,-0.24782,-0.24782,-0.24782,-0.24782,-0.24782,-0.24782,-0.24782,-0.24782,-0.24782,-0.24782,-0.24782,-0.24782,-0.24782,-0.24782,-0.25091,-0.254,-0.26618,-0.27837,-0.29055,-0.30273,-0.30383,-0.30492,-0.30492,-0.30492,-0.30837,-0.31183,-0.31792,-0.32401,-0.32874,-0.33347,-0.33347,-0.33347,-0.33347,-0.33347,-0.33883,-0.3442,-0.35029,-0.35638,-0.36247,-0.36856,-0.37466,-0.38075,-0.38566,-0.39057,-0.39057,-0.39057,-0.39057,-0.39057,-0.38539,-0.3802,-0.37411,-0.36802,-0.36502,-0.36202,-0.36202,-0.36202,-0.36502,-0.36802,-0.38629,-0.40457,-0.42285,-0.44112,-0.4544,-0.46767,-0.47986,-0.49204,-0.51004,-0.52805,-0.55241,-0.57678,-0.60033,-0.62388,-0.64216,-0.66043,-0.67871,-0.69698,-0.70562,-0.71426,-0.72035,-0.72644,-0.72435,-0.72226,-0.71008,-0.69789,-0.68507,-0.67225,-0.65398,-0.6357,-0.61743,-0.59915,-0.5716,-0.54405,-0.51359,-0.48313,-0.45012,-0.41712,-0.38057,-0.34401,-0.30746,-0.27091,-0.23436,-0.19781,-0.16126,-0.1247,-0.092607,-0.060512,-0.030052,0.00040782,0.030867,0.061327,0.091787,0.12225,0.15325,0.18426,0.2269,0.26954,0.31219,0.35483,0.3932,0.43157,0.46812,0.50468,0.53904,0.57341,0.60387,0.63433,0.66461,0.69489,0.71317,0.73144,0.74972,0.76799,0.79036,0.81273,0.8371,0.86146,0.88383,0.9062,0.92447,0.94275,0.96103,0.9793,0.99758,1.0159,1.0341,1.0524,1.0707,1.089,1.1072,1.1255,1.1401,1.1548,1.1609,1.167,1.1731,1.1792,1.1911,1.203,1.2152,1.2273,1.2395,1.2517,1.2639,1.2761,1.2883,1.3004,1.3126,1.3248,1.337,1.3492,1.367,1.3848,1.4031,1.4214,1.4432,1.465,1.4894,1.5138,1.5381,1.5625,1.5869,1.6112,1.6356,1.66,1.6789,1.6978,1.7161,1.7343,1.7425,1.7507,1.7507,1.7507,1.7507,1.7507,1.7507,1.7507,1.7507,1.7507,1.7349,1.7191,1.7008,1.6825,1.6579,1.6332,1.6028,1.5723,1.5408,1.5092,1.4727,1.4361,1.3996,1.363,1.2959,1.2288,1.1557,1.0826,0.99749,0.91238,0.81491,0.71744,0.61815,0.51886,0.4092,0.29955,0.18989,0.080239,-0.024506,-0.12925,-0.23281,-0.33638,-0.43994,-0.5435,-0.64707,-0.75063,-0.85201,-0.95339,-1.0387,-1.124,-1.2093,-1.2945,-1.3562,-1.4178,-1.4727,-1.5275,-1.5718,-1.616,-1.6465,-1.677,-1.7069,-1.7368,-1.7612,-1.7855,-1.8099,-1.8343,-1.8541,-1.8739,-1.8922,-1.9105,-1.9165,-1.9225,-1.9103,-1.8981,-1.8841,-1.8701,-1.8274,-1.7848,-1.7422,-1.6995,-1.6394,-1.5793,-1.5123,-1.4453,-1.3783,-1.3113,-1.2443,-1.1772,-1.1108,-1.0443,-0.99558,-0.94684,-0.89811,-0.84937,-0.80064,-0.7519,-0.70317,-0.65443,-0.60988,-0.56533,-0.52877,-0.49222,-0.45567,-0.41912
0.16915,0.16915,0.16915,0.16915,0.16915,0.16915,0.16915,0.16915,0.16915,0.16915,0.16915,0.16915,0.16915,0.16915,0.16915,0.16915,0.16915,0.16915,0.16915,0.16915,0.16915,0.16915,0.16915,0.16915,0.16915,0.16915,0.16915,0.16915,0.16915,0.16915,0.16915,0.16915,0.16915,0.17715,0.19103,0.21774,0.24637,0.27501,0.30364,0.33228,0.36091,0.38954,0.41818,0.43804,0.44064,0.44161,0.44161,0.44161,0.44161,0.44161,0.44161,0.44161,0.44161,0.44161,0.44161,0.44161,0.44161,0.44161,0.44161,0.44161,0.44161,0.44161,0.44774,0.45858,0.47241,0.48673,0.50104,0.52155,0.54975,0.57827,0.6069,0.63554,0.66417,0.69281,0.72144,0.75007,0.77871,0.80734,0.83598,0.86461,0.89325,0.92188,0.95051,0.97915,1.0078,1.0364,1.0651,1.0937,1.1223,1.151,1.1796,1.2082,1.2369,1.2655,1.2946,1.3267,1.3635,1.4065,1.4494,1.4923,1.5287,1.5627,1.5913,1.6199,1.6486,1.6686,1.6868,1.7011,1.7154,1.7297,1.7539,1.7809,1.8095,1.8372,1.8632,1.872,1.872,1.872,1.8709,1.8666,1.8568,1.8425,1.8282,1.812,1.7829,1.7479,1.705,1.662,1.619,1.5656,1.5111,1.4538,1.3965,1.3392,1.282,1.2247,1.1674,1.1102,1.0529,0.99563,0.93837,0.8811,0.8257,0.77363,0.72751,0.68456,0.64161,0.59866,0.55571,0.51276,0.46981,0.42686,0.38121,0.3157,0.24767,0.17609,0.1045,0.032918,-0.038667,-0.11025,-0.18184,-0.25342,-0.32501,-0.3966,-0.46818,-0.53977,-0.60851,-0.67402,-0.73326,-0.79053,-0.8478,-0.90824,-0.97462,-1.0443,-1.1159,-1.1875,-1.2563,-1.3158,-1.3741,-1.4313,-1.4872,-1.5398,-1.5684,-1.5971,-1.6257,-1.6516,-1.6763,-1.6908,-1.7051,-1.7194,-1.7297,-1.7371,-1.7381,-1.7381,-1.7381,-1.7381,-1.7381,-1.7381,-1.7381,-1.7381,-1.7337,-1.7207,-1.7068,-1.6925,-1.6798,-1.6699,-1.6699,-1.6699,-1.6699,-1.6623,-1.6509,-1.6222,-1.5936,-1.565,-1.5363,-1.5077,-1.4791,-1.4504,-1.4218,-1.3932,-1.3645,-1.3359,-1.3072,-1.2786,-1.25,-1.2213,-1.1927,-1.164,-1.1328,-1.0977,-1.0547,-1.0118,-0.96885,-0.93619,-0.90811,-0.89379,-0.87947,-0.86515,-0.84395,-0.82047,-0.79183,-0.7632,-0.73457,-0.71383,-0.69691,-0.6825,-0.6683,-0.65442,-0.64823,-0.64823,-0.64823,-0.64725,-0.64031,-0.62393,-0.5953,-0.56666,-0.53817,-0.51605,-0.49638,-0.48206,-0.46775,-0.45343,-0.43911,-0.4248,-0.41048,-0.39616,-0.38184,-0.36753,-0.35321,-0.33889,-0.32458,-0.31026,-0.29594,-0.28162,-0.26731,-0.25299,-0.23867,-0.22436,-0.21004,-0.19572,-0.1814,-0.16709,-0.15277,-0.13845,-0.12414,-0.10982,-0.095502,-0.081185,-0.066868,-0.052551,-0.038234,-0.035904,-0.035197,-0.035197,-0.035197,-0.035197,-0.035197,-0.035197,-0.035197,-0.035197,-0.035197,-0.035197,-0.035197,-0.035197,-0.037168,-0.045411,-0.056889,-0.071206,-0.085523,-0.098492,-0.10153,-0.10331,-0.10331,-0.10331,-0.10331
-0.74786,-0.74786,-0.74786,-0.74786,-0.74786,-0.74786,-0.74786,-0.74786,-0.74786,-0.74786,-0.74786,-0.74786,-0.74786,-0.74786,-0.74786,-0.74786,-0.74786,-0.74786,-0.74786,-0.74786,-0.74786,-0.74786,-0.74786,-0.74786,-0.74786,-0.74786,-0.74786,-0.74786,-0.74786,-0.74786,-0.74786,-0.74786,-0.74786,-0.74786,-0.74786,-0.74786,-0.74786,-0.74786,-0.74786,-0.74786,-0.74786,-0.74786,-0.74786,-0.74786,-0.74786,-0.74786,-0.74786,-0.74786,-0.74786,-0.74786,-0.74786,-0.74786,-0.75497,-0.76525,-0.77694,-0.78943,-0.80192,-0.81441,-0.82689,-0.83938,-0.85187,-0.86436,-0.87692,-0.88956,-0.90688,-0.93186,-0.95621,-0.97929,-0.99604,-0.99604,-0.99526,-0.99179,-0.98466,-0.95968,-0.93411,-0.90407,-0.87274,-0.82278,-0.77279,-0.71952,-0.66625,-0.60416,-0.54172,-0.48302,-0.42469,-0.37353,-0.32358,-0.26969,-0.21483,-0.15428,-0.091838,-0.037358,0.013701,0.055964,0.093428,0.13475,0.17869,0.2259,0.27585,0.31867,0.35408,0.38492,0.4099,0.43798,0.47102,0.50554,0.543,0.58046,0.61793,0.65539,0.69286,0.73032,0.76778,0.80525,0.84271,0.87943,0.90646,0.93345,0.95843,0.9834,0.99752,1.0113,1.0239,1.0364,1.0696,1.1061,1.1431,1.1803,1.2082,1.2332,1.2581,1.2831,1.3081,1.3331,1.358,1.383,1.408,1.433,1.4566,1.4789,1.4968,1.5093,1.5218,1.5343,1.5468,1.5593,1.5718,1.5843,1.5967,1.6092,1.6217,1.6342,1.6467,1.6592,1.6717,1.6842,1.6966,1.7091,1.7216,1.7276,1.7335,1.734,1.734,1.734,1.734,1.734,1.734,1.7277,1.7194,1.7082,1.6957,1.6892,1.6857,1.6843,1.6843,1.6843,1.6843,1.6843,1.6843,1.6795,1.6689,1.6576,1.6451,1.6208,1.5742,1.5266,1.4766,1.4178,1.3314,1.2445,1.1562,1.0645,0.9521,0.84014,0.73281,0.62694,0.5645,0.50206,0.44163,0.38125,0.33054,0.28059,0.2107,0.13799,0.0017433,-0.14811,-0.28675,-0.42207,-0.53192,-0.63183,-0.73173,-0.83164,-0.93154,-1.0314,-1.1343,-1.2394,-1.3482,-1.4606,-1.5593,-1.6416,-1.7109,-1.7608,-1.7988,-1.8147,-1.8221,-1.8097,-1.7934,-1.7657,-1.7362,-1.6987,-1.6576,-1.595,-1.5313,-1.4564,-1.3821,-1.3256,-1.269,-1.2189,-1.169,-1.1283,-1.0883,-1.0506,-1.0131,-0.97564,-0.93818,-0.90072,-0.86325,-0.83416,-0.80824,-0.78295,-0.75797,-0.72534,-0.68803,-0.64956,-0.6102,-0.55247,-0.47754,-0.40526,-0.33602,-0.28501,-0.26003,-0.23585,-0.21309,-0.19348,-0.18099,-0.16927,-0.15979,-0.15222,-0.15222,-0.15279,-0.15659,-0.16123,-0.17372,-0.186,-0.1939,-0.20181,-0.20186,-0.20186,-0.1968,-0.19143,-0.17973,-0.16724,-0.15475,-0.14226,-0.12978,-0.11729,-0.1048,-0.092313,-0.079824,-0.067336,-0.054848,-0.04236,-0.029872,-0.017384,-0.00043252,0.020592,0.043475,0.068452,0.093428,0.1184,0.14338,0.16836,0.19016,0.20502,0.21926,0.23175,0.24195,0.24353,0.24487,0.24487,0.24364,0.23195,0.22021,0.20772,0.19523
