-1.018,-1.018,-1.018,-1.018,-1.018,-1.018,-1.018,-1.018,-1.018,-1.018,-1.018,-1.018,-1.018,-1.018,-1.018,-1.018,-1.018,-1.018,-1.018,-1.018,-1.018,-1.018,-1.018,-1.018,-1.018,-1.018,-1.018,-1.018,-1.018,-1.018,-1.018,-1.018,-1.018,-1.018,-1.018,-1.018,-1.018,-1.018,-1.018,-1.018,-1.018,-1.018,-1.018,-1.018,-1.018,-1.018,-1.018,-1.018,-1.018,-1.018,-1.018,-1.018,-1.018,-1.018,-1.018,-1.018,-1.014,-1.007,-0.9963,-0.9853,-0.9743,-0.9625,-0.9488,-0.9268,-0.9047,-0.8827,-0.8607,-0.8408,-0.8258,-0.8135,-0.8025,-0.7915,-0.7796,-0.7664,-0.7463,-0.7243,-0.7023,-0.6803,-0.6582,-0.6362,-0.6142,-0.5922,-0.5702,-0.548,-0.5193,-0.4844,-0.4404,-0.3964,-0.3523,-0.3083,-0.2692,-0.2346,-0.2014,-0.1683,-0.1353,-0.1023,-0.06926,-0.03624,-0.003212,0.02981,0.06284,0.09724,0.1409,0.1847,0.2288,0.2728,0.314,0.3466,0.3727,0.3947,0.4167,0.4393,0.4629,0.5016,0.5456,0.5897,0.6337,0.6777,0.7099,0.7383,0.7603,0.7823,0.8044,0.8283,0.8555,0.8885,0.9215,0.9545,0.9876,1.021,1.054,1.087,1.12,1.153,1.184,1.214,1.236,1.258,1.28,1.302,1.324,1.346,1.368,1.39,1.412,1.434,1.456,1.478,1.5,1.522,1.544,1.566,1.552,1.522,1.489,1.456,1.423,1.394,1.368,1.346,1.324,1.302,1.281,1.266,1.266,1.266,1.266,1.266,1.269,1.276,1.286,1.297,1.308,1.318,1.327,1.328,1.328,1.328,1.328,1.328,1.328,1.328,1.328,1.328,1.328,1.328,1.328,1.328,1.328,1.328,1.328,1.328,1.328,1.328,1.328,1.328,1.325,1.32,1.309,1.298,1.287,1.276,1.262,1.241,1.219,1.197,1.175,1.155,1.138,1.126,1.115,1.104,1.093,1.081,1.061,1.039,1.017,0.9946,0.9726,0.9378,0.8995,0.8555,0.8114,0.7674,0.7234,0.6793,0.6353,0.5913,0.5472,0.5032,0.4592,0.4151,0.3711,0.3271,0.283,0.239,0.195,0.1509,0.1069,0.06284,0.01881,-0.02335,-0.05854,-0.09246,-0.1255,-0.1585,-0.1889,-0.2141,-0.2293,-0.2403,-0.2513,-0.2623,-0.2733,-0.2843,-0.2953,-0.3063,-0.3174,-0.3284,-0.3394,-0.3504,-0.3614,-0.3724,-0.3834,-0.3944,-0.4054,-0.4164,-0.4274,-0.4385,-0.4495,-0.4605,-0.4715,-0.4825,-0.4935,-0.5045,-0.5164,-0.5293,-0.5513,-0.5733,-0.5953,-0.6173,-0.6418,-0.6788,-0.7196,-0.7636,-0.8076,-0.8531,-0.9023,-0.9625,-1.029,-1.095,-1.161,-1.227,-1.279,-1.327,-1.371,-1.415,-1.46,-1.497,-1.53,-1.552,-1.573,-1.595,-1.618,-1.628,-1.621,-1.611,-1.599,-1.589,-1.57,-1.544,-1.502,-1.458,-1.414,-1.37,-1.326
-0.9437,-0.9437,-0.9437,-0.9437,-0.9437,-0.9437,-0.9437,-0.9437,-0.9437,-0.9437,-0.9437,-0.9437,-0.9437,-0.9437,-0.9437,-0.9437,-0.9437,-0.9437,-0.9437,-0.9437,-0.9437,-0.9437,-0.9437,-0.9437,-0.9437,-0.9437,-0.9437,-0.9437,-0.9437,-0.9437,-0.9437,-0.9437,-0.9437,-0.9437,-0.9437,-0.9437,-0.9437,-0.9437,-0.9437,-0.9437,-0.9437,-0.9437,-0.9398,-0.9358,-0.9084,-0.8785,-0.8485,-0.8186,-0.7887,-0.7588,-0.7436,-0.7333,-0.7302,-0.7302,-0.7302,-0.7302,-0.7302,-0.7302,-0.7302,-0.7302,-0.7302,-0.7302,-0.7302,-0.7302,-0.7302,-0.7302,-0.7302,-0.7302,-0.7302,-0.7302,-0.7287,-0.7219,-0.7112,-0.6813,-0.6513,-0.6214,-0.5915,-0.5616,-0.5317,-0.5055,-0.4793,-0.4543,-0.4294,-0.4045,-0.3795,-0.3546,-0.3297,-0.3048,-0.2798,-0.2549,-0.2299,-0.205,-0.1801,-0.1552,-0.1302,-0.1053,-0.08034,-0.05541,-0.03048,-0.005542,0.01939,0.04433,0.06926,0.09419,0.1191,0.1441,0.169,0.1963,0.2296,0.2633,0.2982,0.3331,0.368,0.4029,0.4378,0.4727,0.5076,0.5425,0.5775,0.6124,0.6473,0.6822,0.709,0.7351,0.7602,0.7851,0.81,0.835,0.8583,0.8812,0.9021,0.922,0.9419,0.9619,0.9818,1.002,1.017,1.027,1.038,1.048,1.058,1.067,1.077,1.084,1.091,1.096,1.101,1.106,1.111,1.116,1.121,1.126,1.131,1.136,1.141,1.146,1.151,1.161,1.171,1.186,1.201,1.216,1.231,1.246,1.261,1.276,1.291,1.306,1.321,1.335,1.35,1.362,1.371,1.378,1.383,1.388,1.393,1.398,1.403,1.405,1.405,1.405,1.405,1.405,1.405,1.403,1.397,1.391,1.381,1.371,1.361,1.351,1.34,1.329,1.314,1.299,1.284,1.269,1.254,1.239,1.227,1.216,1.205,1.195,1.185,1.175,1.165,1.154,1.14,1.125,1.11,1.095,1.08,1.065,1.049,1.03,1.011,0.9911,0.9712,0.9512,0.9317,0.9128,0.8952,0.8803,0.8653,0.8504,0.8354,0.8205,0.8041,0.7819,0.7592,0.7343,0.7094,0.6845,0.6596,0.6359,0.6122,0.5922,0.5722,0.5523,0.5323,0.5124,0.4925,0.4693,0.4455,0.4208,0.3959,0.371,0.346,0.3171,0.2863,0.2467,0.2019,0.157,0.1121,0.06722,0.02234,-0.02254,-0.06742,-0.1123,-0.1572,-0.2021,-0.247,-0.2939,-0.3456,-0.4006,-0.4655,-0.5303,-0.5951,-0.66,-0.7248,-0.7888,-0.845,-0.9011,-0.956,-1.011,-1.066,-1.121,-1.172,-1.223,-1.268,-1.313,-1.358,-1.403,-1.448,-1.493,-1.521,-1.543,-1.564,-1.584,-1.604,-1.624,-1.639,-1.65,-1.655,-1.655,-1.655,-1.655,-1.655,-1.655,-1.655,-1.655,-1.655,-1.655,-1.655,-1.655,-1.655,-1.655,-1.655,-1.655,-1.655,-1.655,-1.655,-1.655,-1.655
-0.6843,-0.6843,-0.6843,-0.6843,-0.6843,-0.6843,-0.6843,-0.6843,-0.6843,-0.6843,-0.6843,-0.6843,-0.6843,-0.6843,-0.6843,-0.6843,-0.6843,-0.6843,-0.6843,-0.6843,-0.6843,-0.6843,-0.6843,-0.6902,-0.7169,-0.7675,-0.8182,-0.8688,-0.9154,-0.947,-0.947,-0.947,-0.947,-0.947,-0.947,-0.947,-0.947,-0.947,-0.947,-0.9641,-1.001,-1.048,-1.078,-1.078,-1.07,-1.034,-0.983,-0.9324,-0.8818,-0.8311,-0.818,-0.8156,-0.7993,-0.76,-0.713,-0.716,-0.7604,-0.7987,-0.8156,-0.8156,-0.8156,-0.8156,-0.8142,-0.7792,-0.7286,-0.6656,-0.5705,-0.4692,-0.4309,-0.4215,-0.4215,-0.4215,-0.4232,-0.4421,-0.4893,-0.5399,-0.5905,-0.6412,-0.6918,-0.7424,-0.7931,-0.7814,-0.737,-0.6973,-0.6843,-0.6843,-0.6592,-0.6152,-0.5744,-0.5529,-0.5516,-0.5408,-0.4935,-0.4428,-0.3922,-0.3416,-0.2964,-0.2906,-0.2901,-0.2901,-0.2901,-0.2901,-0.2901,-0.2901,-0.2901,-0.2901,-0.2841,-0.2596,-0.2094,-0.1616,-0.1587,-0.1587,-0.1098,-0.01564,0.07493,0.1026,0.104,0.1466,0.2279,0.315,0.3668,0.3668,0.3891,0.4714,0.5708,0.6517,0.7024,0.753,0.8475,0.9475,1.028,1.087,1.137,1.188,1.239,1.274,1.286,1.291,1.31,1.361,1.411,1.462,1.512,1.546,1.549,1.549,1.586,1.634,1.668,1.681,1.681,1.681,1.681,1.681,1.681,1.681,1.681,1.681,1.681,1.681,1.681,1.696,1.737,1.787,1.808,1.812,1.812,1.812,1.809,1.796,1.745,1.694,1.644,1.593,1.553,1.549,1.549,1.518,1.471,1.434,1.418,1.418,1.418,1.418,1.418,1.418,1.418,1.418,1.418,1.418,1.387,1.339,1.288,1.238,1.187,1.162,1.155,1.145,1.116,1.066,1.029,1.024,1.024,1.024,1.024,1.027,1.074,1.125,1.149,1.155,1.147,1.115,1.064,1.033,1.024,1.024,1.024,1.023,1.017,0.9722,0.9216,0.8941,0.8923,0.889,0.8492,0.7998,0.7061,0.5739,0.4354,0.3346,0.2839,0.2333,0.1827,0.1321,0.08143,0.0308,-0.01983,-0.02674,-0.02736,-0.0476,-0.09096,-0.1416,-0.1922,-0.2428,-0.2935,-0.3441,-0.3947,-0.4454,-0.496,-0.5466,-0.5972,-0.6479,-0.6828,-0.6843,-0.6843,-0.7218,-0.7696,-0.8033,-0.8156,-0.8156,-0.8156,-0.8156,-0.8383,-0.9069,-1.006,-1.094,-1.145,-1.195,-1.246,-1.296,-1.347,-1.398,-1.448,-1.437,-1.396,-1.358,-1.341,-1.339,-1.323,-1.274,-1.229,-1.21,-1.21,-1.21,-1.21,-1.21,-1.21,-1.21,-1.21,-1.21,-1.21,-1.186,-1.141,-1.091,-1.04,-0.9879,-0.9293,-0.829,-0.7278,-0.6556,-0.6048,-0.5618,-0.553,-0.5529,-0.5529,-0.5529,-0.5627,-0.5926,-0.6433,-0.6939,-0.7445,-0.7902,-0.8156,-0.8156,-0.8156
-0.06689,-0.06689,-0.06689,-0.06689,-0.06689,-0.06689,-0.06689,-0.06689,-0.06689,-0.06689,-0.06689,-0.06689,-0.06689,-0.06689,-0.06689,-0.06689,-0.06689,-0.06689,-0.06689,-0.06689,-0.06689,-0.06689,-0.06689,-0.06689,-0.06689,-0.06689,-0.06689,-0.06689,-0.06689,-0.06689,-0.06689,-0.06689,-0.06689,-0.06689,-0.06689,-0.06689,-0.07032,-0.07962,-0.0908,-0.1134,-0.136,-0.1585,-0.1811,-0.2037,-0.2263,-0.2489,-0.2715,-0.2918,-0.3045,-0.3172,-0.3172,-0.3172,-0.3172,-0.3172,-0.3157,-0.313,-0.3039,-0.2813,-0.2587,-0.2361,-0.2135,-0.191,-0.1684,-0.1458,-0.1232,-0.102,-0.08257,-0.06689,-0.06689,-0.06689,-0.06689,-0.06689,-0.06689,-0.06689,-0.06689,-0.06689,-0.06794,-0.07166,-0.07645,-0.09903,-0.1216,-0.1252,-0.125,-0.1113,-0.08867,-0.06609,-0.0435,-0.02092,0.001665,0.02425,0.04683,0.06942,0.092,0.1146,0.1372,0.1598,0.1776,0.1805,0.1834,0.1834,0.1834,0.1834,0.1834,0.1834,0.1834,0.1834,0.1834,0.1855,0.2057,0.2259,0.2482,0.2708,0.2934,0.316,0.3386,0.3612,0.3837,0.4063,0.4289,0.4515,0.4741,0.501,0.5294,0.5665,0.6117,0.6569,0.702,0.7472,0.7924,0.8376,0.8827,0.9279,0.9731,1.018,1.063,1.109,1.151,1.183,1.214,1.237,1.26,1.267,1.268,1.268,1.268,1.268,1.268,1.268,1.283,1.298,1.319,1.341,1.351,1.351,1.354,1.361,1.371,1.393,1.416,1.438,1.461,1.484,1.506,1.529,1.551,1.574,1.596,1.619,1.642,1.664,1.687,1.709,1.732,1.753,1.769,1.769,1.768,1.76,1.751,1.731,1.708,1.685,1.663,1.64,1.616,1.588,1.543,1.498,1.461,1.425,1.399,1.376,1.353,1.331,1.308,1.286,1.263,1.241,1.218,1.188,1.156,1.116,1.071,1.032,1.004,0.9757,0.9459,0.9161,0.8322,0.7419,0.6583,0.5781,0.5033,0.4355,0.3602,0.2569,0.1535,0.04648,-0.06059,-0.1378,-0.2056,-0.262,-0.3085,-0.3477,-0.3703,-0.3929,-0.4155,-0.4381,-0.4636,-0.4896,-0.5276,-0.5728,-0.6179,-0.6631,-0.7083,-0.7534,-0.7986,-0.8438,-0.889,-0.9313,-0.9725,-1.004,-1.027,-1.05,-1.072,-1.095,-1.117,-1.14,-1.163,-1.185,-1.21,-1.238,-1.271,-1.316,-1.36,-1.393,-1.426,-1.449,-1.472,-1.494,-1.517,-1.54,-1.562,-1.585,-1.607,-1.63,-1.64,-1.65,-1.652,-1.652,-1.652,-1.652,-1.652,-1.652,-1.652,-1.652,-1.652,-1.641,-1.627,-1.608,-1.586,-1.554,-1.511,-1.469,-1.436,-1.403,-1.402,-1.402,-1.392,-1.378,-1.36,-1.337,-1.32,-1.319,-1.318,-1.311,-1.305,-1.285,-1.262,-1.248,-1.24,-1.235,-1.235,-1.235,-1.235,-1.235,-1.235,-1.235,-1.235,-1.235,-1.235,-1.235,-1.235,-1.235,-1.235
-0.6146,-0.6146,-0.6146,-0.6146,-0.6146,-0.6146,-0.6146,-0.6146,-0.6146,-0.6146,-0.6146,-0.6146,-0.6146,-0.6146,-0.6146,-0.6146,-0.6146,-0.6146,-0.6146,-0.6146,-0.6146,-0.6482,-0.6935,-0.7388,-0.7585,-0.7675,-0.7675,-0.7675,-0.7675,-0.7675,-0.7675,-0.7675,-0.7675,-0.7675,-0.7748,-0.7862,-0.8013,-0.804,-0.7925,-0.7623,-0.7321,-0.6946,-0.6493,-0.604,-0.5766,-0.5636,-0.5636,-0.5671,-0.5746,-0.5897,-0.6048,-0.6307,-0.676,-0.7213,-0.7619,-0.7971,-0.8273,-0.8489,-0.8604,-0.8453,-0.8302,-0.8117,-0.7815,-0.7513,-0.7245,-0.7043,-0.6886,-0.6713,-0.6512,-0.6211,-0.5909,-0.5592,-0.5139,-0.4686,-0.4172,-0.3417,-0.2548,-0.1642,-0.07359,0.01701,0.1076,0.1982,0.2742,0.3497,0.4252,0.5007,0.5762,0.6499,0.7153,0.766,0.8113,0.8566,0.8892,0.9194,0.9496,0.9798,1.01,1.04,1.076,1.117,1.162,1.208,1.253,1.298,1.343,1.381,1.414,1.444,1.47,1.49,1.505,1.52,1.518,1.503,1.488,1.466,1.439,1.409,1.379,1.349,1.319,1.288,1.265,1.25,1.235,1.225,1.221,1.221,1.224,1.231,1.246,1.262,1.277,1.292,1.307,1.322,1.337,1.352,1.365,1.374,1.374,1.374,1.371,1.356,1.341,1.319,1.284,1.24,1.197,1.157,1.126,1.096,1.068,1.068,1.068,1.068,1.068,1.068,1.071,1.081,1.107,1.138,1.168,1.184,1.199,1.213,1.208,1.197,1.181,1.161,1.134,1.104,1.074,1.044,1.013,0.9831,0.9621,0.9443,0.9294,0.9243,0.9308,0.9459,0.961,0.9761,0.9912,1.006,1.029,1.056,1.086,1.121,1.161,1.206,1.251,1.297,1.342,1.387,1.419,1.442,1.458,1.442,1.392,1.286,1.18,1.081,0.9902,0.8996,0.7985,0.6869,0.5661,0.4517,0.3447,0.2541,0.1635,0.07287,-0.01773,-0.1083,-0.195,-0.2755,-0.3512,-0.4217,-0.486,-0.5313,-0.5766,-0.6219,-0.6672,-0.7125,-0.7632,-0.8286,-0.9023,-0.974,-1.04,-1.086,-1.132,-1.176,-1.207,-1.237,-1.266,-1.286,-1.302,-1.319,-1.339,-1.367,-1.397,-1.427,-1.458,-1.488,-1.518,-1.518,-1.509,-1.495,-1.485,-1.481,-1.481,-1.481,-1.481,-1.481,-1.481,-1.455,-1.418,-1.373,-1.322,-1.267,-1.206,-1.146,-1.105,-1.075,-1.044,-1.03,-1.022,-1.022,-1.018,-1.009,-0.9939,-0.9788,-0.9715,-0.9715,-0.9715,-0.9715,-0.9715,-0.9715,-0.9678,-0.9599,-0.9448,-0.9297,-0.9088,-0.8786,-0.8484,-0.8232,-0.8033,-0.7882,-0.7731,-0.758,-0.7429,-0.7278,-0.7127,-0.6976,-0.6825,-0.6747,-0.6797,-0.694,-0.7044,-0.7089,-0.6938,-0.6787,-0.6636,-0.6485,-0.6334,-0.616,-0.5908,-0.5617,-0.5315,-0.5013,-0.4711,-0.4409,-0.4107
-1.159,-1.159,-1.159,-1.159,-1.159,-1.159,-1.159,-1.159,-1.159,-1.159,-1.159,-1.159,-1.159,-1.159,-1.159,-1.159,-1.159,-1.159,-1.159,-1.159,-1.159,-1.159,-1.159,-1.159,-1.159,-1.159,-1.159,-1.159,-1.159,-1.159,-1.159,-1.159,-1.159,-1.159,-1.159,-1.159,-1.159,-1.159,-1.159,-1.159,-1.159,-1.159,-1.159,-1.159,-1.159,-1.159,-1.159,-1.159,-1.159,-1.159,-1.159,-1.159,-1.159,-1.159,-1.159,-1.159,-1.159,-1.158,-1.137,-1.103,-1.048,-0.9932,-0.9395,-0.8904,-0.8457,-0.8047,-0.7638,-0.7228,-0.6818,-0.6408,-0.5999,-0.5589,-0.5231,-0.4948,-0.478,-0.4643,-0.4507,-0.4442,-0.444,-0.4563,-0.47,-0.4837,-0.4927,-0.499,-0.499,-0.499,-0.499,-0.499,-0.499,-0.499,-0.499,-0.499,-0.4848,-0.4658,-0.4385,-0.4112,-0.3838,-0.3481,-0.3103,-0.2693,-0.2284,-0.1851,-0.1265,-0.06301,0.005277,0.07357,0.1419,0.2101,0.2784,0.3467,0.415,0.4762,0.5251,0.5682,0.6091,0.6501,0.6862,0.7171,0.7449,0.7722,0.7995,0.8077,0.8035,0.7901,0.7764,0.7628,0.7491,0.7354,0.7218,0.7081,0.6945,0.6904,0.6886,0.6886,0.6886,0.6886,0.7113,0.7361,0.7634,0.7907,0.819,0.8585,0.8987,0.9397,0.9806,1.022,1.063,1.104,1.145,1.185,1.222,1.25,1.278,1.305,1.332,1.354,1.368,1.381,1.395,1.408,1.414,1.414,1.414,1.414,1.414,1.414,1.414,1.414,1.415,1.416,1.427,1.441,1.454,1.468,1.482,1.495,1.509,1.522,1.535,1.546,1.546,1.546,1.546,1.544,1.54,1.527,1.513,1.499,1.486,1.472,1.458,1.445,1.431,1.421,1.414,1.414,1.414,1.415,1.418,1.427,1.441,1.454,1.466,1.472,1.465,1.452,1.438,1.423,1.405,1.379,1.352,1.325,1.298,1.27,1.243,1.216,1.188,1.154,1.117,1.062,1.008,0.9529,0.8983,0.8437,0.789,0.7344,0.6797,0.6355,0.5966,0.5692,0.5419,0.5146,0.4873,0.46,0.4326,0.4053,0.378,0.3507,0.3234,0.2961,0.2688,0.2414,0.2141,0.1868,0.1595,0.1322,0.1023,0.06721,0.02797,-0.013,-0.05398,-0.09864,-0.1478,-0.2015,-0.2561,-0.3107,-0.3752,-0.4471,-0.5284,-0.6104,-0.6923,-0.7618,-0.8251,-0.8797,-0.9344,-0.989,-1.028,-1.063,-1.09,-1.117,-1.145,-1.163,-1.179,-1.193,-1.206,-1.219,-1.212,-1.202,-1.189,-1.175,-1.161,-1.148,-1.134,-1.12,-1.107,-1.087,-1.051,-1.012,-0.9705,-0.9295,-0.8932,-0.8638,-0.836,-0.8087,-0.7814,-0.7603,-0.745,-0.7312,-0.7175,-0.7039,-0.6902,-0.6765,-0.6629,-0.6492,-0.6356,-0.6219,-0.6083,-0.5946,-0.5809,-0.5673,-0.5303,-0.49,-0.449,-0.408,-0.367
-0.3475,-0.3475,-0.3475,-0.3475,-0.3475,-0.3475,-0.3475,-0.3475,-0.3475,-0.3475,-0.3475,-0.3475,-0.3475,-0.3475,-0.3475,-0.3475,-0.3475,-0.3475,-0.3475,-0.3475,-0.3475,-0.3475,-0.3475,-0.3475,-0.3475,-0.3475,-0.3475,-0.3595,-0.3763,-0.4028,-0.4293,-0.4558,-0.4823,-0.5088,-0.5353,-0.5608,-0.5853,-0.5853,-0.5853,-0.5853,-0.5853,-0.5865,-0.5971,-0.6153,-0.6418,-0.6555,-0.6645,-0.6645,-0.6645,-0.6645,-0.6645,-0.6645,-0.6645,-0.6645,-0.6645,-0.6645,-0.6672,-0.6741,-0.6958,-0.7223,-0.7489,-0.7753,-0.8019,-0.8419,-0.8867,-0.9397,-0.9808,-1.013,-1.04,-1.059,-1.06,-1.061,-1.061,-1.061,-1.061,-1.061,-1.061,-1.061,-1.061,-1.061,-1.061,-1.061,-1.061,-1.061,-1.061,-1.061,-1.061,-1.052,-1.027,-1,-0.974,-0.9475,-0.9245,-0.9063,-0.9023,-0.9023,-0.9023,-0.9023,-0.9023,-0.8871,-0.8675,-0.841,-0.8277,-0.8232,-0.8231,-0.8054,-0.7524,-0.6994,-0.6464,-0.5934,-0.5403,-0.4873,-0.4343,-0.3813,-0.3283,-0.2753,-0.2223,-0.1693,-0.1163,-0.06324,0.003737,0.07947,0.1589,0.2384,0.3179,0.4012,0.4876,0.5936,0.6953,0.7915,0.8743,0.9538,1.033,1.113,1.192,1.255,1.313,1.367,1.42,1.473,1.526,1.579,1.632,1.68,1.726,1.752,1.774,1.79,1.793,1.793,1.793,1.793,1.793,1.793,1.793,1.793,1.808,1.832,1.854,1.859,1.832,1.801,1.765,1.712,1.665,1.623,1.594,1.564,1.522,1.474,1.421,1.368,1.315,1.262,1.208,1.155,1.103,1.05,0.9965,0.9491,0.9056,0.8791,0.8526,0.8261,0.7996,0.7764,0.7665,0.7622,0.7622,0.7622,0.7622,0.7622,0.7622,0.7622,0.7622,0.7622,0.7622,0.7685,0.7789,0.8054,0.8319,0.8584,0.8849,0.9078,0.9169,0.9207,0.9207,0.9207,0.9207,0.9207,0.9207,0.9209,0.9254,0.9387,0.9652,0.9848,1,1,1,1,1,1,1,1,1,0.9785,0.9548,0.9291,0.9207,0.9207,0.9207,0.9207,0.9207,0.9207,0.9207,0.9207,0.9207,0.9207,0.9207,0.9164,0.8975,0.874,0.8475,0.821,0.7945,0.768,0.7415,0.7144,0.6758,0.6201,0.5406,0.4528,0.3603,0.2543,0.1483,0.04228,-0.06374,-0.1651,-0.2514,-0.3336,-0.4131,-0.5161,-0.6199,-0.7236,-0.8104,-0.8904,-0.9767,-1.071,-1.177,-1.266,-1.344,-1.397,-1.442,-1.479,-1.507,-1.523,-1.508,-1.487,-1.46,-1.409,-1.358,-1.308,-1.275,-1.249,-1.23,-1.219,-1.219,-1.239,-1.268,-1.321,-1.374,-1.427,-1.48,-1.527,-1.559,-1.588,-1.614,-1.462,-1.315,-1.179,-1.14,-1.139,-1.122,-1.089,-1.036,-0.9727,-0.9043,-0.8248,-0.7548,-0.6926,-0.6388,-0.5798,-0.5049,-0.427,-0.3475
-0.4839,-0.4839,-0.4839,-0.4839,-0.4839,-0.4839,-0.4839,-0.4839,-0.4839,-0.4839,-0.4839,-0.4839,-0.4839,-0.4839,-0.4839,-0.4839,-0.4839,-0.4839,-0.4839,-0.4839,-0.4839,-0.4839,-0.4839,-0.4839,-0.4839,-0.4839,-0.4839,-0.4839,-0.4839,-0.4839,-0.4839,-0.4839,-0.4839,-0.4905,-0.5132,-0.5453,-0.5817,-0.5849,-0.59,-0.5979,-0.6277,-0.6625,-0.6806,-0.69,-0.69,-0.7155,-0.7462,-0.779,-0.793,-0.793,-0.793,-0.793,-0.793,-0.793,-0.7931,-0.7937,-0.8088,-0.8459,-0.883,-0.92,-0.9571,-0.9829,-0.9971,-0.9991,-1.007,-1.041,-1.072,-1.101,-1.102,-1.108,-1.128,-1.159,-1.196,-1.233,-1.268,-1.301,-1.308,-1.308,-1.308,-1.308,-1.308,-1.308,-1.308,-1.307,-1.285,-1.248,-1.222,-1.205,-1.205,-1.189,-1.165,-1.128,-1.105,-1.103,-1.095,-1.083,-1.046,-1.009,-0.9716,-0.9345,-0.9048,-0.8985,-0.8931,-0.8882,-0.8521,-0.815,-0.778,-0.7409,-0.7021,-0.6378,-0.5704,-0.4988,-0.4839,-0.4839,-0.4839,-0.4839,-0.4839,-0.463,-0.436,-0.3989,-0.3832,-0.3809,-0.3635,-0.3264,-0.2522,-0.1781,-0.1039,-0.02976,0.01713,0.02894,0.03549,0.04604,0.08312,0.1289,0.1824,0.2544,0.3286,0.4027,0.4759,0.5484,0.5859,0.632,0.6947,0.7923,0.9015,0.9888,1.07,1.144,1.247,1.357,1.468,1.579,1.69,1.746,1.783,1.783,1.803,1.835,1.866,1.886,1.886,1.886,1.886,1.886,1.886,1.886,1.884,1.876,1.839,1.809,1.785,1.783,1.776,1.752,1.719,1.683,1.681,1.673,1.654,1.594,1.522,1.468,1.423,1.386,1.349,1.313,1.281,1.268,1.268,1.252,1.229,1.192,1.173,1.165,1.165,1.165,1.165,1.175,1.191,1.228,1.253,1.266,1.268,1.268,1.268,1.268,1.268,1.268,1.268,1.268,1.268,1.268,1.268,1.27,1.276,1.306,1.339,1.341,1.324,1.287,1.25,1.214,1.179,1.165,1.165,1.139,1.097,1.022,0.965,0.9163,0.8792,0.8275,0.7543,0.696,0.6495,0.6495,0.6495,0.6495,0.6495,0.6421,0.6096,0.5744,0.5373,0.5002,0.4631,0.426,0.389,0.3519,0.3148,0.2765,0.2365,0.1698,0.09765,0.0376,-0.01073,-0.04781,-0.08489,-0.122,-0.159,-0.2181,-0.2916,-0.3556,-0.4104,-0.4475,-0.5148,-0.5971,-0.7084,-0.8056,-0.884,-0.9591,-1.033,-1.107,-1.172,-1.228,-1.268,-1.297,-1.305,-1.306,-1.303,-1.267,-1.23,-1.192,-1.155,-1.118,-1.081,-1.044,-1.007,-0.9699,-0.931,-0.8831,-0.8213,-0.7471,-0.7123,-0.69,-0.69,-0.69,-0.69,-0.6829,-0.6651,-0.628,-0.5909,-0.5538,-0.5167,-0.4929,-0.4853,-0.481,-0.4714,-0.4344,-0.4053,-0.383,-0.3809,-0.3739,-0.3479,-0.3149,-0.2778
-0.7579,-0.7579,-0.7579,-0.7579,-0.7579,-0.7579,-0.7579,-0.7579,-0.7579,-0.7579,-0.7579,-0.7579,-0.7579,-0.7579,-0.7579,-0.7579,-0.7579,-0.7579,-0.7579,-0.7579,-0.7579,-0.7579,-0.7579,-0.7579,-0.7579,-0.7668,-0.7758,-0.7923,-0.8089,-0.8247,-0.8405,-0.8405,-0.8405,-0.8405,-0.8405,-0.8405,-0.8405,-0.8405,-0.8405,-0.8405,-0.8405,-0.8405,-0.8405,-0.8405,-0.8405,-0.8405,-0.8405,-0.8405,-0.8405,-0.8405,-0.8405,-0.8405,-0.8405,-0.8405,-0.8405,-0.8453,-0.8502,-0.8585,-0.8668,-0.8743,-0.8818,-0.8818,-0.8818,-0.8818,-0.8818,-0.8868,-0.8918,-0.9001,-0.9083,-0.9166,-0.9249,-0.9332,-0.9415,-0.9498,-0.958,-0.9612,-0.9644,-0.9644,-0.9644,-0.9644,-0.9644,-0.9644,-0.9644,-0.9644,-0.9644,-0.9591,-0.9538,-0.9456,-0.9373,-0.929,-0.9207,-0.9124,-0.9041,-0.8958,-0.8875,-0.8739,-0.8602,-0.8436,-0.8271,-0.8092,-0.7913,-0.7664,-0.7416,-0.7167,-0.6919,-0.6615,-0.6311,-0.598,-0.5648,-0.5317,-0.4985,-0.4654,-0.4323,-0.3991,-0.366,-0.3328,-0.2997,-0.2666,-0.2334,-0.1987,-0.164,-0.1226,-0.08112,-0.0397,0.001729,0.03158,0.06143,0.08629,0.1111,0.1377,0.1643,0.1974,0.2306,0.2637,0.2968,0.3359,0.375,0.4164,0.4578,0.4992,0.5407,0.5821,0.6235,0.665,0.7064,0.7478,0.7892,0.8306,0.8721,0.9115,0.951,0.9841,1.017,1.05,1.083,1.104,1.125,1.142,1.158,1.175,1.191,1.208,1.224,1.241,1.258,1.262,1.266,1.266,1.266,1.268,1.27,1.278,1.287,1.295,1.303,1.305,1.307,1.307,1.307,1.309,1.312,1.32,1.328,1.336,1.345,1.353,1.361,1.37,1.378,1.386,1.394,1.403,1.411,1.419,1.428,1.429,1.431,1.431,1.431,1.428,1.425,1.417,1.409,1.401,1.392,1.384,1.376,1.367,1.359,1.348,1.337,1.321,1.304,1.287,1.271,1.261,1.252,1.243,1.235,1.227,1.218,1.21,1.202,1.194,1.185,1.191,1.197,1.206,1.214,1.222,1.23,1.239,1.247,1.255,1.264,1.272,1.28,1.288,1.297,1.295,1.294,1.278,1.261,1.244,1.228,1.197,1.165,1.132,1.099,1.056,1.013,0.9551,0.8971,0.8391,0.7811,0.7081,0.6351,0.5605,0.486,0.4046,0.3231,0.232,0.1409,0.04973,-0.04141,-0.1173,-0.1932,-0.2677,-0.3423,-0.4027,-0.463,-0.5045,-0.5459,-0.5873,-0.6287,-0.6469,-0.665,-0.6816,-0.6982,-0.7147,-0.7313,-0.7479,-0.7645,-0.781,-0.7976,-0.8378,-0.8781,-0.9195,-0.9609,-1.002,-1.044,-1.085,-1.127,-1.168,-1.21,-1.243,-1.276,-1.309,-1.343,-1.368,-1.393,-1.41,-1.426,-1.443,-1.459,-1.476,-1.492,-1.509,-1.526,-1.538,-1.551,-1.559,-1.567,-1.575,-1.584
-0.7636,-0.7636,-0.7636,-0.7636,-0.7636,-0.7636,-0.7636,-0.7636,-0.7636,-0.7636,-0.7636,-0.7636,-0.7636,-0.7636,-0.7636,-0.7636,-0.7636,-0.7636,-0.764,-0.7805,-0.8403,-0.8976,-0.9264,-0.9311,-0.9534,-1.022,-1.072,-1.089,-1.078,-1.043,-0.9751,-0.9331,-0.9264,-0.9264,-0.9264,-0.934,-0.9668,-1.036,-1.105,-1.174,-1.227,-1.252,-1.254,-1.291,-1.356,-1.373,-1.336,-1.267,-1.198,-1.129,-1.098,-1.089,-1.068,-1.016,-0.9504,-0.9292,-0.9264,-0.9598,-1.019,-1.059,-1.022,-0.9528,-0.9312,-0.9264,-0.8995,-0.8398,-0.7757,-0.7648,-0.7636,-0.7636,-0.7636,-0.7816,-0.8445,-0.9134,-0.925,-0.9264,-0.8935,-0.8263,-0.7641,-0.7636,-0.7622,-0.7133,-0.6462,-0.6008,-0.6014,-0.6071,-0.6702,-0.7337,-0.7636,-0.7636,-0.7636,-0.7636,-0.7636,-0.7636,-0.7563,-0.7247,-0.6557,-0.5868,-0.5178,-0.4488,-0.3799,-0.3175,-0.2751,-0.2751,-0.2751,-0.2751,-0.2751,-0.2751,-0.2715,-0.2451,-0.1787,-0.1308,-0.1123,-0.1018,-0.06566,0.003301,0.04134,0.05049,0.06958,0.1163,0.1853,0.2543,0.3232,0.3922,0.4612,0.5301,0.5991,0.668,0.6956,0.7017,0.7527,0.8604,0.9825,1.026,1.027,1.065,1.126,1.195,1.264,1.333,1.402,1.471,1.508,1.516,1.526,1.584,1.653,1.675,1.679,1.703,1.766,1.835,1.84,1.841,1.881,1.948,2.017,2.086,2.155,2.224,2.291,2.33,2.329,2.323,2.254,2.179,2.065,1.931,1.815,1.747,1.689,1.679,1.679,1.679,1.679,1.679,1.679,1.664,1.614,1.545,1.476,1.407,1.339,1.27,1.2,1.132,1.063,0.9937,0.9247,0.8792,0.8646,0.8646,0.8646,0.8646,0.8646,0.8646,0.8646,0.8646,0.8554,0.8174,0.7484,0.7122,0.7017,0.7017,0.7017,0.7017,0.7017,0.7017,0.7313,0.7873,0.8438,0.8646,0.8646,0.8646,0.8646,0.8646,0.8646,0.8605,0.8076,0.7406,0.7463,0.8008,0.8536,0.8646,0.8646,0.8646,0.8646,0.8646,0.8646,0.8588,0.7955,0.7271,0.6582,0.5892,0.4801,0.2761,0.06972,-0.07499,-0.2129,-0.3508,-0.4873,-0.6137,-0.6827,-0.7455,-0.7636,-0.7636,-0.7636,-0.7636,-0.7636,-0.7636,-0.7636,-0.7636,-0.7636,-0.7636,-0.7636,-0.7794,-0.8341,-0.893,-0.9264,-0.9292,-0.9504,-1.016,-1.068,-1.089,-1.081,-1.049,-0.9803,-0.9113,-0.8424,-0.7734,-0.7045,-0.6401,-0.6028,-0.6008,-0.5756,-0.5225,-0.4535,-0.3845,-0.3156,-0.2827,-0.2751,-0.2751,-0.2751,-0.2819,-0.3239,-0.3918,-0.4608,-0.5297,-0.5987,-0.6676,-0.7366,-0.8056,-0.8745,-0.9147,-0.9264,-0.9264,-0.9264,-0.9264,-0.884,-0.8211,-0.7522,-0.6832,-0.6142,-0.5453,-0.4763,-0.3717,-0.2388,-0.1009,0.037,0.1749,0.2614,0.332,0.4275,0.5638,0.7017
-1.221,-1.221,-1.221,-1.221,-1.221,-1.221,-1.221,-1.221,-1.221,-1.221,-1.221,-1.221,-1.221,-1.221,-1.221,-1.221,-1.221,-1.221,-1.221,-1.221,-1.221,-1.221,-1.221,-1.221,-1.221,-1.221,-1.221,-1.221,-1.221,-1.221,-1.221,-1.221,-1.221,-1.221,-1.221,-1.221,-1.221,-1.221,-1.221,-1.221,-1.221,-1.214,-1.194,-1.171,-1.146,-1.121,-1.097,-1.072,-1.06,-1.053,-1.053,-1.053,-1.053,-1.053,-1.053,-1.053,-1.053,-1.053,-1.053,-1.053,-1.053,-1.053,-1.053,-1.053,-1.053,-1.053,-1.053,-1.053,-1.053,-1.053,-1.053,-1.053,-1.053,-1.053,-1.053,-1.053,-1.053,-1.053,-1.053,-1.053,-1.053,-1.053,-1.032,-0.9996,-0.9504,-0.9012,-0.8521,-0.8029,-0.7553,-0.7174,-0.6864,-0.6618,-0.6372,-0.6126,-0.588,-0.5648,-0.5424,-0.526,-0.5096,-0.4932,-0.4768,-0.4605,-0.4446,-0.4326,-0.4244,-0.4162,-0.408,-0.3998,-0.3916,-0.3834,-0.3823,-0.3816,-0.3816,-0.3816,-0.3816,-0.3816,-0.379,-0.3734,-0.3656,-0.3574,-0.3492,-0.341,-0.3328,-0.3093,-0.2794,-0.2384,-0.1974,-0.1564,-0.1154,-0.07336,-0.03007,0.0182,0.06738,0.1166,0.1657,0.2149,0.2655,0.3211,0.3867,0.4523,0.5178,0.5834,0.649,0.7146,0.7741,0.8322,0.8895,0.9469,1.004,1.062,1.112,1.146,1.174,1.198,1.223,1.248,1.272,1.29,1.305,1.313,1.321,1.33,1.338,1.345,1.351,1.353,1.353,1.353,1.353,1.353,1.353,1.353,1.353,1.353,1.353,1.353,1.353,1.353,1.353,1.353,1.353,1.353,1.353,1.353,1.353,1.353,1.353,1.353,1.353,1.353,1.353,1.356,1.36,1.368,1.376,1.385,1.393,1.4,1.403,1.4,1.392,1.384,1.376,1.367,1.359,1.351,1.343,1.335,1.326,1.318,1.31,1.302,1.294,1.286,1.277,1.269,1.261,1.253,1.244,1.242,1.241,1.241,1.241,1.241,1.241,1.239,1.234,1.227,1.218,1.21,1.202,1.194,1.183,1.17,1.154,1.137,1.121,1.104,1.087,1.068,1.037,1.005,0.9719,0.9391,0.9063,0.8735,0.8407,0.8079,0.7751,0.7423,0.7096,0.6768,0.644,0.6112,0.5784,0.5456,0.5129,0.4801,0.4473,0.413,0.3756,0.3357,0.2947,0.2538,0.2128,0.1718,0.1357,0.1027,0.07807,0.05348,0.02889,0.004302,-0.02029,-0.04488,-0.06947,-0.09406,-0.1187,-0.1432,-0.1678,-0.1924,-0.217,-0.2416,-0.2662,-0.2908,-0.3154,-0.34,-0.3645,-0.3934,-0.4244,-0.4572,-0.49,-0.5228,-0.5556,-0.5884,-0.6211,-0.6539,-0.6867,-0.7195,-0.7523,-0.7851,-0.8179,-0.8506,-0.8834,-0.9162,-0.949,-0.9818,-1.014,-1.046,-1.073,-1.098,-1.123,-1.147,-1.172,-1.196,-1.221
-0.409,-0.409,-0.409,-0.409,-0.409,-0.409,-0.409,-0.409,-0.409,-0.4201,-0.4312,-0.4527,-0.4742,-0.4899,-0.5056,-0.5056,-0.5056,-0.5056,-0.5056,-0.5056,-0.5056,-0.5056,-0.5056,-0.5056,-0.5056,-0.5056,-0.5056,-0.5056,-0.5056,-0.5056,-0.5056,-0.5056,-0.5056,-0.5056,-0.5056,-0.5056,-0.5056,-0.5056,-0.5056,-0.5056,-0.5056,-0.5056,-0.5056,-0.5056,-0.5056,-0.5056,-0.5056,-0.5056,-0.5056,-0.5056,-0.5056,-0.5056,-0.5056,-0.5087,-0.5118,-0.5477,-0.5836,-0.6194,-0.6553,-0.661,-0.6666,-0.6666,-0.6666,-0.6752,-0.6838,-0.6982,-0.7126,-0.7269,-0.7413,-0.7556,-0.77,-0.7827,-0.7954,-0.7954,-0.7954,-0.7954,-0.7954,-0.7892,-0.7829,-0.7757,-0.7685,-0.7523,-0.7361,-0.7146,-0.6931,-0.666,-0.6389,-0.603,-0.5672,-0.5313,-0.4954,-0.4595,-0.4236,-0.3877,-0.3518,-0.3159,-0.28,-0.2441,-0.2082,-0.1393,-0.07041,0.01572,0.1019,0.1523,0.2028,0.2028,0.2028,0.2114,0.22,0.2702,0.3205,0.3708,0.421,0.4579,0.4948,0.5307,0.5666,0.6074,0.6482,0.6913,0.7344,0.7711,0.8078,0.8365,0.8652,0.8954,0.9255,0.9614,0.9973,1.033,1.069,1.105,1.141,1.177,1.213,1.243,1.274,1.303,1.332,1.354,1.375,1.39,1.404,1.415,1.426,1.426,1.426,1.426,1.426,1.419,1.412,1.405,1.398,1.385,1.373,1.359,1.344,1.333,1.323,1.315,1.308,1.299,1.29,1.276,1.262,1.247,1.233,1.241,1.248,1.255,1.262,1.269,1.276,1.284,1.291,1.302,1.313,1.327,1.341,1.352,1.362,1.362,1.362,1.362,1.361,1.354,1.347,1.34,1.333,1.325,1.318,1.311,1.304,1.293,1.282,1.267,1.253,1.238,1.224,1.21,1.195,1.182,1.169,1.169,1.169,1.169,1.169,1.175,1.181,1.188,1.195,1.194,1.193,1.185,1.178,1.166,1.154,1.133,1.111,1.089,1.066,1.038,1.009,0.9803,0.9516,0.8183,0.6849,0.5342,0.3835,0.2592,0.1349,0.02721,-0.08046,-0.1881,-0.2958,-0.4035,-0.5112,-0.6188,-0.7265,-0.8342,-0.9419,-1.05,-1.157,-1.24,-1.322,-1.401,-1.48,-1.549,-1.619,-1.684,-1.748,-1.798,-1.849,-1.877,-1.906,-1.929,-1.952,-1.945,-1.938,-1.931,-1.924,-1.91,-1.896,-1.882,-1.867,-1.834,-1.8,-1.757,-1.714,-1.662,-1.609,-1.545,-1.48,-1.416,-1.351,-1.286,-1.222,-1.157,-1.093,-1.021,-0.9499,-0.8781,-0.8063,-0.7496,-0.6929,-0.6426,-0.5924,-0.5487,-0.505,-0.4691,-0.4332,-0.4035,-0.3738,-0.3666,-0.3594,-0.3522,-0.345,-0.3448,-0.3446,-0.3446,-0.3446,-0.3551,-0.3655,-0.3799,-0.3943,-0.4051,-0.416,-0.4232,-0.4304,-0.434,-0.4377,-0.4306,-0.4234,-0.4162,-0.409
-0.8233,-0.8233,-0.8233,-0.8233,-0.8233,-0.8233,-0.8233,-0.8233,-0.8233,-0.8233,-0.8233,-0.8233,-0.8233,-0.8233,-0.8233,-0.8233,-0.8233,-0.8233,-0.8233,-0.8233,-0.8311,-0.8422,-0.8557,-0.8678,-0.8736,-0.8769,-0.8769,-0.8769,-0.8769,-0.8769,-0.8769,-0.8769,-0.8769,-0.8769,-0.8769,-0.8769,-0.8769,-0.8769,-0.8769,-0.8769,-0.8769,-0.8769,-0.8769,-0.8769,-0.8769,-0.8769,-0.8777,-0.8797,-0.8892,-0.9028,-0.9165,-0.9302,-0.9438,-0.9575,-0.9711,-0.9791,-0.9835,-0.9841,-0.9841,-0.9841,-0.9841,-0.9841,-0.9841,-0.9841,-0.9841,-0.9841,-0.9841,-0.9796,-0.9665,-0.953,-0.9394,-0.9257,-0.9121,-0.8984,-0.8826,-0.8623,-0.8379,-0.8106,-0.7833,-0.756,-0.7287,-0.7013,-0.6738,-0.6389,-0.5979,-0.5569,-0.5159,-0.475,-0.434,-0.393,-0.352,-0.3111,-0.2701,-0.2291,-0.1881,-0.1472,-0.1062,-0.06564,-0.02552,0.004803,0.03212,0.05944,0.08965,0.1282,0.168,0.209,0.256,0.305,0.3596,0.4142,0.4689,0.5235,0.5781,0.6305,0.6821,0.7099,0.7373,0.7646,0.7919,0.8192,0.8465,0.8739,0.8928,0.9104,0.9241,0.9377,0.9514,0.965,0.9787,0.9923,1.006,1.02,1.033,1.047,1.061,1.074,1.088,1.098,1.093,1.085,1.071,1.061,1.054,1.053,1.053,1.053,1.053,1.053,1.053,1.053,1.041,1.028,1.014,1.004,1.001,0.9995,0.9995,0.9935,0.9859,0.9722,0.9599,0.9498,0.9459,0.9459,0.9465,0.95,0.9773,1.005,1.032,1.053,1.069,1.083,1.098,1.119,1.142,1.17,1.194,1.218,1.233,1.246,1.261,1.28,1.307,1.335,1.362,1.389,1.417,1.444,1.469,1.488,1.504,1.518,1.531,1.545,1.558,1.572,1.586,1.599,1.613,1.627,1.641,1.654,1.668,1.681,1.69,1.695,1.696,1.696,1.691,1.683,1.669,1.656,1.642,1.629,1.615,1.601,1.581,1.542,1.502,1.461,1.379,1.28,1.158,1.03,0.8813,0.7195,0.5419,0.36,0.1763,-0.02764,-0.2325,-0.4374,-0.6363,-0.8277,-1.019,-1.21,-1.344,-1.47,-1.579,-1.67,-1.737,-1.778,-1.805,-1.798,-1.771,-1.662,-1.553,-1.445,-1.363,-1.295,-1.227,-1.16,-1.103,-1.047,-0.992,-0.9521,-0.9205,-0.9049,-0.8924,-0.8876,-0.8899,-0.9035,-0.9179,-0.9328,-0.9585,-0.9858,-1.013,-1.04,-1.068,-1.095,-1.122,-1.121,-1.113,-1.085,-1.056,-1.024,-0.9865,-0.9455,-0.903,-0.8591,-0.8045,-0.7499,-0.6952,-0.6406,-0.5859,-0.5313,-0.4743,-0.3834,-0.2868,-0.1775,-0.09097,-0.02234,0.002071,0.0156,0.0267,0.03451,0.03451,0.03451,0.03451,0.03451,0.03451,0.03451,0.03179,0.02206,0.01027,-0.003392,-0.01205,-0.0191,-0.0191,-0.0191,-0.0191,-0.0191,-0.0191,-0.0191,-0.0191
-0.3601,-0.3601,-0.3601,-0.3601,-0.3601,-0.3601,-0.3601,-0.3601,-0.3653,-0.4571,-0.6031,-0.7265,-0.766,-0.766,-0.766,-0.766,-0.766,-0.766,-0.766,-0.766,-0.7891,-0.8225,-0.852,-0.8674,-0.8674,-0.8674,-0.8674,-0.8674,-0.8933,-0.9559,-1.028,-1.064,-1.07,-1.075,-1.094,-1.131,-1.164,-1.138,-1.103,-1.067,-1.03,-0.9958,-0.9689,-0.9689,-0.9689,-0.9689,-0.9689,-0.9689,-0.9689,-0.9689,-0.9605,-0.933,-0.8965,-0.86,-0.8235,-0.787,-0.7904,-0.818,-0.8491,-0.8674,-0.8674,-0.8674,-0.8674,-0.8674,-0.8674,-0.8674,-0.8663,-0.8534,-0.8196,-0.7831,-0.7466,-0.71,-0.6759,-0.6656,-0.6645,-0.6544,-0.629,-0.5933,-0.563,-0.563,-0.563,-0.563,-0.563,-0.5581,-0.5398,-0.5032,-0.4667,-0.4302,-0.3937,-0.348,-0.2813,-0.2082,-0.1352,-0.06219,0.00765,0.0648,0.1013,0.1378,0.1743,0.2109,0.2269,0.2134,0.1749,0.1229,0.0173,-0.09224,-0.1669,-0.2086,-0.2451,-0.2816,-0.3181,-0.3477,-0.3601,-0.3601,-0.3502,-0.2817,-0.2089,-0.1528,-0.11,-0.0735,-0.03699,-0.0004728,0.03604,0.07255,0.1091,0.1456,0.1821,0.2186,0.2672,0.3346,0.4076,0.4807,0.5537,0.6267,0.6747,0.7136,0.7501,0.7867,0.8227,0.8567,0.8574,0.8574,0.8415,0.8106,0.7799,0.775,0.8109,0.8474,0.8839,0.9204,0.9625,1.028,1.101,1.174,1.247,1.322,1.407,1.517,1.627,1.687,1.728,1.757,1.771,1.771,1.771,1.771,1.771,1.771,1.771,1.771,1.771,1.771,1.765,1.744,1.708,1.672,1.67,1.669,1.669,1.669,1.669,1.669,1.669,1.669,1.647,1.611,1.585,1.598,1.634,1.66,1.669,1.669,1.659,1.623,1.586,1.55,1.513,1.477,1.44,1.404,1.367,1.331,1.294,1.258,1.221,1.186,1.165,1.162,1.164,1.183,1.22,1.254,1.262,1.263,1.252,1.226,1.189,1.152,1.116,1.079,1.002,0.8985,0.7995,0.7304,0.6939,0.6637,0.6545,0.6545,0.6545,0.6545,0.6545,0.6545,0.6545,0.6545,0.6545,0.6545,0.6545,0.594,0.5227,0.4275,0.3016,0.1556,0.009544,-0.1365,-0.2826,-0.3926,-0.4674,-0.5404,-0.6134,-0.6865,-0.7423,-0.766,-0.766,-0.766,-0.766,-0.766,-0.7842,-0.8154,-0.8653,-0.9514,-1.097,-1.238,-1.302,-1.339,-1.366,-1.375,-1.375,-1.375,-1.375,-1.375,-1.375,-1.375,-1.375,-1.375,-1.375,-1.375,-1.375,-1.375,-1.375,-1.375,-1.375,-1.375,-1.375,-1.378,-1.396,-1.432,-1.463,-1.476,-1.476,-1.46,-1.365,-1.256,-1.147,-1.037,-0.9307,-0.8345,-0.7614,-0.6884,-0.6154,-0.5423,-0.4693,-0.3963,-0.3233,-0.2601,-0.2179,-0.1814,-0.1313,-0.0596,0.01342,0.06336,0.1026,0.1322,0.1472,0.1472,0.1472
-1.147,-1.147,-1.147,-1.147,-1.147,-1.147,-1.147,-1.147,-1.147,-1.147,-1.147,-1.147,-1.147,-1.147,-1.147,-1.147,-1.147,-1.147,-1.147,-1.147,-1.147,-1.147,-1.147,-1.147,-1.147,-1.147,-1.147,-1.147,-1.147,-1.147,-1.147,-1.147,-1.147,-1.147,-1.147,-1.147,-1.147,-1.147,-1.147,-1.147,-1.147,-1.147,-1.147,-1.147,-1.147,-1.147,-1.147,-1.147,-1.147,-1.147,-1.147,-1.147,-1.147,-1.147,-1.147,-1.147,-1.147,-1.147,-1.149,-1.158,-1.168,-1.187,-1.206,-1.224,-1.243,-1.256,-1.269,-1.27,-1.27,-1.27,-1.27,-1.27,-1.27,-1.27,-1.27,-1.27,-1.27,-1.27,-1.27,-1.256,-1.228,-1.199,-1.171,-1.143,-1.115,-1.084,-1.048,-1.012,-0.9743,-0.9368,-0.8992,-0.8609,-0.8171,-0.7732,-0.7262,-0.6792,-0.6322,-0.5853,-0.5425,-0.5003,-0.462,-0.4244,-0.3868,-0.3492,-0.3116,-0.2741,-0.2365,-0.1989,-0.1613,-0.1238,-0.08619,-0.04862,-0.01104,0.02654,0.06411,0.1017,0.1393,0.1768,0.2121,0.2402,0.2684,0.2966,0.3248,0.353,0.3808,0.4011,0.4215,0.4403,0.4591,0.4778,0.4966,0.5154,0.5342,0.553,0.5718,0.5906,0.6094,0.6405,0.6781,0.7268,0.7832,0.8395,0.8959,0.9479,0.9949,1.034,1.063,1.091,1.119,1.147,1.173,1.198,1.217,1.236,1.255,1.274,1.292,1.311,1.321,1.33,1.339,1.349,1.358,1.368,1.364,1.358,1.35,1.34,1.331,1.321,1.308,1.292,1.275,1.256,1.238,1.219,1.204,1.194,1.188,1.188,1.188,1.188,1.188,1.188,1.188,1.188,1.188,1.188,1.188,1.188,1.188,1.188,1.188,1.188,1.188,1.188,1.188,1.181,1.172,1.163,1.153,1.144,1.134,1.129,1.128,1.127,1.127,1.127,1.127,1.127,1.127,1.127,1.127,1.127,1.127,1.126,1.121,1.116,1.107,1.097,1.088,1.079,1.075,1.072,1.08,1.09,1.099,1.108,1.115,1.122,1.117,1.108,1.098,1.089,1.079,1.07,1.065,1.065,1.065,1.065,1.065,1.065,1.061,1.045,1.029,1.01,0.991,0.9722,0.9528,0.9277,0.9025,0.8744,0.8462,0.818,0.7898,0.7574,0.7245,0.6877,0.6501,0.6125,0.5749,0.5262,0.473,0.3996,0.315,0.2305,0.1459,0.06459,-0.0137,-0.07797,-0.1249,-0.1719,-0.2189,-0.2659,-0.3128,-0.3574,-0.395,-0.4326,-0.4702,-0.5078,-0.5453,-0.5821,-0.604,-0.6259,-0.6448,-0.6635,-0.6823,-0.7011,-0.7199,-0.7387,-0.7575,-0.7763,-0.7951,-0.8139,-0.8327,-0.8514,-0.8702,-0.889,-0.9078,-0.9266,-0.9425,-0.955,-0.9626,-0.9626,-0.9626,-0.9626,-0.9626,-0.9626,-0.9626,-0.9626,-0.9626,-0.9626,-0.9626,-0.9626,-0.9626
-1.121,-1.121,-1.121,-1.121,-1.121,-1.121,-1.121,-1.121,-1.121,-1.121,-1.121,-1.121,-1.121,-1.121,-1.121,-1.121,-1.121,-1.121,-1.121,-1.121,-1.121,-1.121,-1.121,-1.121,-1.121,-1.121,-1.121,-1.121,-1.121,-1.121,-1.121,-1.121,-1.121,-1.121,-1.121,-1.121,-1.121,-1.121,-1.121,-1.121,-1.121,-1.121,-1.121,-1.121,-1.121,-1.121,-1.124,-1.134,-1.163,-1.191,-1.219,-1.248,-1.276,-1.304,-1.332,-1.338,-1.34,-1.34,-1.345,-1.364,-1.392,-1.421,-1.439,-1.45,-1.45,-1.45,-1.443,-1.418,-1.39,-1.364,-1.342,-1.34,-1.34,-1.34,-1.34,-1.34,-1.34,-1.34,-1.34,-1.34,-1.34,-1.335,-1.323,-1.295,-1.267,-1.238,-1.21,-1.182,-1.154,-1.125,-1.122,-1.121,-1.121,-1.113,-1.094,-1.065,-1.037,-1.02,-1.011,-1.011,-1.011,-1.005,-0.9769,-0.9487,-0.9234,-0.9045,-0.9016,-0.9016,-0.9016,-0.9016,-0.9016,-0.9016,-0.9009,-0.8852,-0.8569,-0.8287,-0.8069,-0.792,-0.792,-0.792,-0.7871,-0.7669,-0.7404,-0.7121,-0.6838,-0.6555,-0.6273,-0.599,-0.5599,-0.5121,-0.4556,-0.399,-0.3544,-0.3198,-0.2915,-0.2632,-0.235,-0.2067,-0.1784,-0.1502,-0.1219,-0.09363,-0.06535,-0.03708,-0.008814,0.01946,0.04773,0.076,0.1043,0.1325,0.1608,0.1891,0.2173,0.2456,0.2739,0.2977,0.3026,0.3039,0.3039,0.3039,0.3039,0.3039,0.3039,0.3169,0.3374,0.3657,0.394,0.4098,0.4135,0.4135,0.4135,0.4135,0.4135,0.4135,0.4167,0.4324,0.4575,0.4858,0.514,0.5423,0.5706,0.5988,0.6208,0.6327,0.6327,0.6327,0.6414,0.6589,0.6871,0.7154,0.74,0.7417,0.7423,0.7423,0.7423,0.7423,0.7423,0.7423,0.7572,0.7789,0.8072,0.8355,0.8512,0.8519,0.8519,0.8567,0.8672,0.8955,0.9238,0.952,0.9803,1.009,1.037,1.064,1.049,1.02,0.9922,0.9725,0.9615,0.9615,0.9615,0.9615,0.9615,0.9615,0.9615,0.9615,0.9615,0.9615,0.9615,0.9615,0.9615,0.9615,0.9615,0.9615,0.9615,0.9615,0.9636,0.9765,1.005,1.033,1.055,1.071,1.071,1.071,1.073,1.095,1.121,1.15,1.178,1.206,1.234,1.263,1.28,1.29,1.29,1.29,1.29,1.29,1.29,1.29,1.29,1.29,1.29,1.289,1.274,1.251,1.222,1.194,1.184,1.181,1.181,1.181,1.181,1.181,1.181,1.174,1.159,1.131,1.103,1.075,1.072,1.071,1.071,1.071,1.071,1.071,1.071,1.083,1.103,1.131,1.16,1.178,1.181,1.181,1.181,1.181,1.181,1.181,1.179,1.162,1.138,1.11,1.081,1.035,0.9789,0.9224,0.8791,0.8519,0.8519,0.8519,0.8589,0.8774,0.9049,0.9332,0.9615
0.9598,0.9598,0.9598,0.9598,0.9598,0.9598,0.9598,0.9598,0.9598,0.9598,0.9598,0.9598,0.9598,0.9598,0.9598,0.9598,0.9598,0.9598,0.9598,0.9677,1.009,1.054,1.094,1.125,1.13,1.13,1.13,1.13,1.13,1.13,1.13,1.13,1.13,1.13,1.13,1.13,1.13,1.13,1.13,1.13,1.13,1.135,1.147,1.192,1.237,1.28,1.306,1.324,1.339,1.355,1.406,1.466,1.526,1.575,1.615,1.645,1.675,1.685,1.678,1.663,1.648,1.633,1.618,1.603,1.585,1.562,1.533,1.503,1.473,1.401,1.327,1.253,1.183,1.119,1.06,0.9996,0.9476,0.8997,0.8547,0.8135,0.7897,0.7897,0.7897,0.7822,0.7666,0.7366,0.7067,0.679,0.662,0.6465,0.6337,0.6263,0.6377,0.6527,0.6676,0.6736,0.6763,0.6763,0.6756,0.6572,0.6272,0.5972,0.5716,0.5501,0.5351,0.5201,0.5095,0.5064,0.5062,0.5049,0.5019,0.4869,0.4719,0.4648,0.5093,0.5849,0.6749,0.7648,0.8321,0.893,0.953,0.9811,0.9743,0.9293,0.8843,0.8394,0.7944,0.7494,0.7077,0.6763,0.6763,0.6763,0.6715,0.6567,0.6286,0.5987,0.5687,0.6034,0.6442,0.6888,0.7298,0.7637,0.7937,0.8237,0.81,0.772,0.7121,0.6521,0.5922,0.5322,0.4723,0.4155,0.3625,0.3175,0.2725,0.2214,0.1401,0.0526,-0.03653,-0.1236,-0.2006,-0.2755,-0.3504,-0.3848,-0.401,-0.401,-0.401,-0.3752,-0.3317,-0.2867,-0.2527,-0.2309,-0.2309,-0.2309,-0.2309,-0.2309,-0.2309,-0.2334,-0.2396,-0.2845,-0.3295,-0.3745,-0.4194,-0.4644,-0.5093,-0.5543,-0.6098,-0.6686,-0.7286,-0.7885,-0.8485,-0.9084,-0.9684,-1.023,-1.072,-1.117,-1.16,-1.187,-1.157,-1.127,-1.093,-1.05,-0.9919,-0.9319,-0.872,-0.8001,-0.7264,-0.6529,-0.5964,-0.585,-0.6,-0.615,-0.6495,-0.6964,-0.7564,-0.8163,-0.8937,-0.9975,-1.102,-1.202,-1.295,-1.37,-1.445,-1.511,-1.53,-1.535,-1.534,-1.53,-1.505,-1.475,-1.445,-1.415,-1.385,-1.355,-1.325,-1.295,-1.265,-1.235,-1.199,-1.155,-1.095,-1.035,-0.9894,-0.9699,-0.968,-0.9701,-0.9752,-1.05,-1.125,-1.198,-1.253,-1.291,-1.321,-1.351,-1.361,-1.365,-1.365,-1.365,-1.365,-1.365,-1.365,-1.36,-1.351,-1.335,-1.321,-1.297,-1.237,-1.177,-1.119,-1.065,-1.019,-0.9736,-0.9286,-0.9056,-0.8871,-0.8738,-0.8826,-0.9792,-1.129,-1.279,-1.394,-1.484,-1.544,-1.604,-1.611,-1.534,-1.445,-1.353,-1.258,-1.153,-1.048,-0.9476,-0.8736,-0.8095,-0.7509,-0.6964,-0.6982,-0.7132,-0.7282,-0.7495,-0.7752,-0.8051,-0.8351,-0.8433,-0.8344,-0.8194,-0.7997,-0.7725,-0.7275,-0.6825,-0.6407,-0.6049,-0.5744,-0.5444,-0.5144
0.9709,1.024,1.077,1.129,1.182,1.205,1.208,1.208,1.208,1.208,1.208,1.208,1.208,1.208,1.208,1.208,1.208,1.208,1.208,1.208,1.208,1.208,1.208,1.208,1.208,1.208,1.208,1.229,1.265,1.318,1.371,1.415,1.441,1.445,1.445,1.445,1.445,1.445,1.445,1.445,1.445,1.445,1.445,1.445,1.445,1.445,1.445,1.445,1.445,1.445,1.445,1.445,1.445,1.445,1.445,1.445,1.445,1.445,1.445,1.445,1.445,1.445,1.445,1.434,1.381,1.329,1.276,1.223,1.17,1.117,1.065,1.012,0.9786,0.9711,0.9709,0.9709,0.9709,0.9709,0.9709,0.9709,0.9709,0.9709,0.9709,0.9709,0.9709,0.9709,0.9709,0.9709,0.9709,0.9709,0.9434,0.903,0.8501,0.7973,0.7585,0.7339,0.7339,0.7339,0.7339,0.7339,0.7339,0.7339,0.7339,0.7195,0.6902,0.6373,0.5845,0.5375,0.4998,0.497,0.497,0.497,0.5083,0.5423,0.5951,0.6479,0.696,0.7339,0.7339,0.7339,0.733,0.7292,0.6872,0.6343,0.5815,0.5287,0.4547,0.3491,0.2434,0.1378,0.03302,-0.02357,-0.07807,-0.1309,-0.1837,-0.2654,-0.3648,-0.4705,-0.5761,-0.6605,-0.6832,-0.6878,-0.6878,-0.6878,-0.7208,-0.7648,-0.8176,-0.8704,-0.8898,-0.8735,-0.8206,-0.7678,-0.715,-0.6622,-0.6093,-0.5565,-0.5037,-0.4701,-0.4509,-0.4509,-0.4509,-0.443,-0.4203,-0.3709,-0.318,-0.2652,-0.2306,-0.2139,-0.2139,-0.2139,-0.2227,-0.2426,-0.2954,-0.3482,-0.3987,-0.4402,-0.4509,-0.4509,-0.4509,-0.4571,-0.481,-0.5339,-0.5867,-0.6395,-0.6923,-0.7452,-0.798,-0.8508,-0.9036,-0.8931,-0.8403,-0.7874,-0.7346,-0.6818,-0.629,-0.5761,-0.5233,-0.4705,-0.4177,-0.3648,-0.312,-0.2592,-0.2064,-0.1535,-0.1007,-0.04788,0.002137,0.01723,0.02306,0.02306,0.02306,0.02306,0.02306,0.02306,0.02306,0.01365,-0.01654,-0.06599,-0.1188,-0.1716,-0.2245,-0.2773,-0.3301,-0.3829,-0.4233,-0.4509,-0.4509,-0.4509,-0.4509,-0.4509,-0.4509,-0.4509,-0.4509,-0.4509,-0.4509,-0.4509,-0.4509,-0.4509,-0.4509,-0.4509,-0.4509,-0.4507,-0.4431,-0.4101,-0.3573,-0.3045,-0.2565,-0.229,-0.2818,-0.3346,-0.3875,-0.4403,-0.4931,-0.5459,-0.5988,-0.6516,-0.7249,-0.8268,-0.9323,-1.038,-1.14,-1.155,-1.162,-1.162,-1.162,-1.162,-1.162,-1.162,-1.162,-1.172,-1.21,-1.26,-1.313,-1.365,-1.388,-1.399,-1.399,-1.399,-1.399,-1.399,-1.399,-1.399,-1.399,-1.399,-1.399,-1.399,-1.399,-1.416,-1.447,-1.5,-1.553,-1.599,-1.633,-1.636,-1.636,-1.636,-1.636,-1.636,-1.636,-1.636,-1.636,-1.636,-1.636,-1.636,-1.637,-1.645,-1.687,-1.74,-1.793,-1.839,-1.847,-1.794,-1.741,-1.688,-1.636
-0.3458,-0.3458,-0.3489,-0.3693,-0.3972,-0.442,-0.4681,-0.4722,-0.4737,-0.4737,-0.4737,-0.4737,-0.4737,-0.4746,-0.4868,-0.5063,-0.5511,-0.5837,-0.5959,-0.6017,-0.6017,-0.6017,-0.6017,-0.6017,-0.6017,-0.6017,-0.6017,-0.6017,-0.6017,-0.6017,-0.6017,-0.6017,-0.6017,-0.6017,-0.617,-0.6373,-0.6799,-0.7223,-0.7263,-0.7313,-0.7394,-0.7528,-0.7752,-0.7881,-0.7922,-0.7976,-0.8037,-0.8233,-0.8457,-0.8681,-0.891,-0.9175,-0.9491,-0.9939,-1.032,-1.063,-1.089,-1.111,-1.134,-1.156,-1.179,-1.201,-1.223,-1.237,-1.214,-1.196,-1.183,-1.177,-1.177,-1.164,-1.143,-1.128,-1.114,-1.113,-1.113,-1.113,-1.112,-1.105,-1.093,-1.07,-1.038,-0.9996,-0.9565,-0.9116,-0.8668,-0.822,-0.7772,-0.7328,-0.69,-0.6542,-0.6318,-0.6034,-0.5687,-0.5275,-0.4827,-0.4558,-0.4334,-0.4013,-0.3674,-0.3226,-0.2831,-0.2586,-0.2317,-0.2011,-0.1625,-0.1177,-0.0729,-0.02809,0.01139,0.04971,0.07211,0.09739,0.1361,0.1755,0.2162,0.2481,0.2705,0.302,0.3386,0.3801,0.4229,0.4465,0.4689,0.4913,0.5137,0.5361,0.5585,0.5809,0.6033,0.6257,0.6481,0.6705,0.7104,0.7532,0.798,0.8428,0.8876,0.9325,0.9772,1.019,1.058,1.086,1.109,1.144,1.183,1.227,1.272,1.317,1.361,1.406,1.451,1.496,1.541,1.585,1.622,1.654,1.678,1.701,1.723,1.746,1.768,1.79,1.813,1.835,1.857,1.875,1.889,1.893,1.893,1.876,1.858,1.841,1.829,1.829,1.823,1.806,1.787,1.764,1.742,1.72,1.709,1.701,1.701,1.701,1.701,1.697,1.685,1.668,1.646,1.637,1.637,1.629,1.619,1.598,1.574,1.531,1.49,1.453,1.422,1.399,1.377,1.355,1.328,1.299,1.258,1.213,1.168,1.123,1.078,1.034,0.9887,0.9438,0.899,0.8542,0.8094,0.7646,0.7198,0.675,0.6302,0.5854,0.5451,0.5226,0.5002,0.4778,0.4554,0.433,0.3972,0.3544,0.3166,0.28,0.2571,0.2303,0.1713,0.11,0.04278,-0.02443,-0.09164,-0.1495,-0.2004,-0.2468,-0.2917,-0.3365,-0.3808,-0.4113,-0.44,-0.4603,-0.4737,-0.4737,-0.4798,-0.492,-0.5108,-0.5332,-0.5377,-0.5377,-0.5474,-0.5589,-0.5813,-0.6037,-0.6261,-0.6485,-0.6709,-0.6933,-0.7157,-0.7644,-0.8235,-0.8843,-0.945,-0.9899,-1.032,-1.06,-1.088,-1.115,-1.15,-1.195,-1.23,-1.261,-1.284,-1.304,-1.305,-1.305,-1.305,-1.305,-1.305,-1.296,-1.274,-1.246,-1.213,-1.172,-1.127,-1.065,-0.9996,-0.9324,-0.8652,-0.798,-0.7424,-0.7119,-0.6852,-0.6627,-0.6403,-0.6179,-0.6082,-0.6021,-0.6017,-0.6017,-0.6017,-0.6017,-0.6017,-0.6009,-0.5988,-0.5858,-0.5634,-0.5494,-0.5393,-0.5377,-0.5377
-0.9705,-0.9705,-0.9705,-0.9705,-0.9705,-0.9712,-0.973,-1.007,-1.04,-1.055,-1.07,-1.07,-1.07,-1.07,-1.07,-1.07,-1.07,-1.07,-1.07,-1.07,-1.07,-1.07,-1.07,-1.07,-1.07,-1.07,-1.07,-1.07,-1.07,-1.07,-1.07,-1.07,-1.072,-1.082,-1.094,-1.113,-1.135,-1.169,-1.203,-1.236,-1.269,-1.301,-1.328,-1.345,-1.359,-1.365,-1.37,-1.373,-1.379,-1.396,-1.41,-1.415,-1.42,-1.423,-1.431,-1.447,-1.46,-1.466,-1.469,-1.469,-1.469,-1.469,-1.469,-1.469,-1.466,-1.459,-1.441,-1.407,-1.374,-1.34,-1.305,-1.267,-1.224,-1.173,-1.123,-1.072,-1.022,-0.9715,-0.921,-0.8705,-0.8264,-0.7886,-0.7507,-0.7126,-0.6679,-0.6174,-0.574,-0.5365,-0.4959,-0.4527,-0.3958,-0.3285,-0.2689,-0.2149,-0.163,-0.1126,-0.06207,-0.01158,0.03044,0.06727,0.1021,0.1358,0.1694,0.2031,0.2367,0.2704,0.3079,0.3472,0.3942,0.4447,0.4852,0.5214,0.5601,0.5998,0.6473,0.6978,0.7482,0.7987,0.8445,0.8886,0.9248,0.9585,0.9806,0.9993,1.011,1.022,1.024,1.024,1.011,0.996,0.9852,0.9753,0.9737,0.9737,0.9869,1.002,1.013,1.022,1.024,1.024,1.038,1.054,1.07,1.087,1.104,1.121,1.137,1.154,1.171,1.188,1.205,1.222,1.254,1.288,1.305,1.322,1.323,1.323,1.339,1.356,1.364,1.373,1.373,1.374,1.391,1.407,1.424,1.441,1.458,1.475,1.492,1.508,1.515,1.522,1.522,1.522,1.522,1.522,1.522,1.522,1.521,1.517,1.5,1.483,1.466,1.45,1.433,1.416,1.399,1.384,1.378,1.372,1.37,1.365,1.348,1.329,1.301,1.274,1.244,1.223,1.223,1.22,1.209,1.197,1.18,1.163,1.146,1.133,1.127,1.122,1.119,1.112,1.095,1.078,1.061,1.043,1.023,0.9981,0.9645,0.9262,0.8808,0.8333,0.7829,0.7324,0.6819,0.6314,0.5809,0.5321,0.4854,0.4447,0.411,0.3716,0.3255,0.2793,0.233,0.1929,0.1592,0.1256,0.09193,0.05827,0.02462,-0.009042,-0.0427,-0.07636,-0.11,-0.1384,-0.1625,-0.1729,-0.1729,-0.1729,-0.1729,-0.1699,-0.1648,-0.1526,-0.1357,-0.1358,-0.1463,-0.1608,-0.1777,-0.1945,-0.2113,-0.2373,-0.2681,-0.3047,-0.3441,-0.391,-0.4415,-0.4721,-0.494,-0.5123,-0.5292,-0.546,-0.5628,-0.5796,-0.5965,-0.6133,-0.6301,-0.647,-0.6638,-0.6921,-0.7239,-0.7519,-0.7789,-0.7978,-0.8146,-0.8438,-0.8759,-0.9092,-0.9429,-0.9765,-1.01,-1.018,-1.02,-1.014,-1.007,-0.9911,-0.9743,-0.9294,-0.8808,-0.8305,-0.78,-0.7295,-0.679,-0.6435,-0.6092,-0.5681,-0.5265,-0.4764,-0.4259,-0.3913,-0.3574,-0.3237,-0.29,-0.2564,-0.2227
-0.3196,-0.3196,-0.3196,-0.3196,-0.3196,-0.3196,-0.3196,-0.3196,-0.3196,-0.3338,-0.3592,-0.386,-0.408,-0.408,-0.408,-0.408,-0.408,-0.408,-0.408,-0.408,-0.408,-0.408,-0.408,-0.408,-0.408,-0.408,-0.4183,-0.4335,-0.4638,-0.4871,-0.4938,-0.4964,-0.4964,-0.4964,-0.4964,-0.4964,-0.4964,-0.4964,-0.4964,-0.4964,-0.4964,-0.4964,-0.4964,-0.5005,-0.5083,-0.5387,-0.5691,-0.5995,-0.6299,-0.6598,-0.6792,-0.6972,-0.7124,-0.7174,-0.7174,-0.7216,-0.729,-0.7442,-0.7543,-0.7611,-0.7616,-0.7616,-0.7616,-0.7616,-0.7616,-0.7616,-0.7607,-0.7548,-0.7445,-0.7293,-0.7141,-0.6989,-0.6836,-0.6684,-0.6532,-0.6381,-0.6228,-0.6076,-0.5924,-0.5772,-0.562,-0.5468,-0.5316,-0.5167,-0.5023,-0.4964,-0.4964,-0.4964,-0.4964,-0.4964,-0.4964,-0.4964,-0.4964,-0.4944,-0.4809,-0.4666,-0.4514,-0.4362,-0.4204,-0.3985,-0.3731,-0.3427,-0.3123,-0.2819,-0.2515,-0.2211,-0.1907,-0.163,-0.1368,-0.1212,-0.106,-0.09076,-0.07556,-0.06036,-0.03385,-0.005804,0.02291,0.04465,0.05985,0.07016,0.07815,0.07815,0.08731,0.1076,0.1356,0.166,0.1964,0.2268,0.2572,0.2876,0.3181,0.3561,0.3966,0.4422,0.4878,0.5334,0.5782,0.6192,0.6496,0.6829,0.7184,0.7628,0.8066,0.8429,0.8763,0.9067,0.9371,0.9672,0.995,1.017,1.032,1.048,1.063,1.078,1.089,1.093,1.095,1.095,1.079,1.067,1.06,1.067,1.082,1.09,1.095,1.095,1.102,1.115,1.129,1.145,1.16,1.175,1.19,1.205,1.222,1.247,1.275,1.305,1.346,1.391,1.433,1.471,1.501,1.537,1.575,1.62,1.655,1.665,1.669,1.669,1.669,1.667,1.657,1.636,1.605,1.583,1.563,1.547,1.526,1.497,1.473,1.454,1.47,1.488,1.509,1.538,1.569,1.61,1.653,1.698,1.724,1.739,1.754,1.769,1.784,1.779,1.761,1.718,1.672,1.626,1.579,1.53,1.458,1.383,1.313,1.247,1.186,1.117,1.046,0.97,0.8881,0.7978,0.7068,0.6156,0.5244,0.4332,0.3419,0.2507,0.1595,0.07974,0.001534,-0.07363,-0.1403,-0.2011,-0.2665,-0.3346,-0.4106,-0.4817,-0.5484,-0.6102,-0.673,-0.7473,-0.8213,-0.8948,-0.9584,-1.02,-1.087,-1.158,-1.234,-1.326,-1.424,-1.53,-1.627,-1.703,-1.773,-1.841,-1.887,-1.926,-1.946,-1.955,-1.955,-1.932,-1.906,-1.876,-1.845,-1.815,-1.78,-1.742,-1.696,-1.655,-1.62,-1.588,-1.557,-1.512,-1.468,-1.426,-1.392,-1.361,-1.323,-1.283,-1.237,-1.184,-1.127,-1.066,-1.005,-0.9446,-0.8838,-0.823,-0.7622,-0.7014,-0.6406,-0.5798,-0.519,-0.4582,-0.3973,-0.3365,-0.2757,-0.2149,-0.1541,-0.0933,-0.03248,0.02419,0.07402,0.121,0.1666
-0.4363,-0.4363,-0.4363,-0.4363,-0.4363,-0.4363,-0.4363,-0.4363,-0.4363,-0.4363,-0.4363,-0.4363,-0.4363,-0.4363,-0.4363,-0.4363,-0.4363,-0.4363,-0.4363,-0.4363,-0.4363,-0.4363,-0.4363,-0.4363,-0.4363,-0.4363,-0.4363,-0.5099,-0.5834,-0.7322,-0.8809,-0.9097,-0.9385,-0.958,-0.9776,-1.143,-1.308,-1.459,-1.61,-1.742,-1.875,-1.933,-1.992,-2.02,-2.047,-1.981,-1.915,-1.831,-1.747,-1.631,-1.515,-1.411,-1.306,-1.207,-1.108,-1.042,-0.9751,-0.9289,-0.8827,-0.8827,-0.8827,-0.8726,-0.8624,-0.8459,-0.8294,-0.8434,-0.8575,-0.874,-0.8905,-0.907,-0.9236,-0.9401,-0.9566,-0.9731,-0.9897,-0.992,-0.9943,-0.9915,-0.9886,-0.9721,-0.9556,-0.939,-0.9225,-0.906,-0.8894,-0.8729,-0.8564,-0.8434,-0.8305,-0.847,-0.8635,-0.8731,-0.8827,-0.8827,-0.8827,-0.8827,-0.8827,-0.8827,-0.8827,-0.8827,-0.8827,-0.871,-0.8592,-0.8262,-0.7931,-0.7711,-0.7491,-0.7325,-0.716,-0.6833,-0.6506,-0.6176,-0.5845,-0.5514,-0.5184,-0.4953,-0.4722,-0.4557,-0.4391,-0.4226,-0.4061,-0.3896,-0.373,-0.3565,-0.34,-0.3235,-0.3069,-0.2904,-0.2739,-0.2574,-0.2408,-0.2216,-0.2024,-0.1694,-0.1363,-0.1111,-0.08586,-0.06933,-0.0528,-0.01033,0.03214,0.08012,0.1281,0.1612,0.1942,0.2205,0.2468,0.2633,0.2799,0.2845,0.2891,0.2896,0.2902,0.3067,0.3232,0.3341,0.3449,0.3449,0.3449,0.3558,0.3666,0.3831,0.3996,0.4162,0.4327,0.4492,0.4657,0.4823,0.4988,0.5153,0.5319,0.5484,0.5649,0.5964,0.6278,0.6573,0.6868,0.7033,0.7199,0.7364,0.7529,0.7694,0.786,0.8025,0.819,0.8405,0.862,0.9116,0.9612,1.003,1.045,1.078,1.111,1.144,1.177,1.209,1.241,1.257,1.274,1.284,1.294,1.294,1.294,1.282,1.27,1.254,1.237,1.22,1.204,1.182,1.16,1.127,1.094,1.071,1.049,1.032,1.016,1.047,1.078,1.129,1.179,1.279,1.378,1.467,1.557,1.639,1.722,1.76,1.799,1.825,1.851,1.851,1.851,1.843,1.835,1.818,1.801,1.744,1.686,1.622,1.559,1.509,1.46,1.432,1.405,1.405,1.405,1.418,1.43,1.449,1.468,1.518,1.567,1.604,1.641,1.658,1.674,1.656,1.638,1.605,1.571,1.505,1.439,1.362,1.285,1.186,1.087,0.9774,0.8677,0.752,0.6363,0.5207,0.405,0.2935,0.1821,0.08296,-0.0162,-0.0871,-0.158,-0.2076,-0.2572,-0.3068,-0.3563,-0.4059,-0.4555,-0.5051,-0.5546,-0.5959,-0.6371,-0.6702,-0.7032,-0.7228,-0.7423,-0.7567,-0.7711,-0.7711,-0.7711,-0.7784,-0.7857,-0.8022,-0.8187,-0.8477,-0.8767,-0.9097,-0.9428,-0.9758,-1.009,-1.042,-1.075,-1.108,-1.141,-1.151,-1.162,-1.162,-1.162
-1.101,-1.101,-1.101,-1.101,-1.101,-1.101,-1.101,-1.101,-1.101,-1.101,-1.101,-1.101,-1.101,-1.101,-1.101,-1.101,-1.101,-1.101,-1.101,-1.101,-1.093,-1.063,-1.018,-0.9736,-0.9549,-0.9502,-0.9502,-0.9585,-1.001,-1.046,-1.091,-1.136,-1.18,-1.225,-1.245,-1.251,-1.251,-1.251,-1.251,-1.228,-1.181,-1.114,-1.029,-0.9797,-0.9133,-0.8298,-0.7405,-0.6583,-0.6049,-0.5412,-0.4567,-0.367,-0.2866,-0.2301,-0.1853,-0.1404,-0.09558,-0.0405,0.03486,0.1123,0.1591,0.2039,0.2595,0.3325,0.4137,0.4586,0.4753,0.491,0.5188,0.5696,0.6593,0.7222,0.7826,0.8517,0.9362,0.9823,1.027,1.072,1.116,1.153,1.158,1.203,1.284,1.373,1.453,1.506,1.531,1.54,1.567,1.61,1.655,1.7,1.745,1.789,1.81,1.792,1.734,1.645,1.586,1.525,1.455,1.395,1.44,1.545,1.635,1.685,1.685,1.685,1.685,1.674,1.65,1.621,1.663,1.655,1.618,1.574,1.54,1.534,1.558,1.6,1.645,1.69,1.734,1.759,1.755,1.726,1.669,1.59,1.517,1.472,1.428,1.397,1.382,1.368,1.323,1.245,1.159,1.069,0.9796,0.89,0.832,0.797,0.779,0.7693,0.7245,0.7094,0.6822,0.6265,0.5474,0.5003,0.4011,0.2918,0.2138,0.156,0.07179,0.03036,0.02863,0.02863,0.01328,-0.02254,-0.04666,-0.05211,-0.084,-0.1275,-0.1723,-0.2172,-0.262,-0.3068,-0.3358,-0.3478,-0.3478,-0.3478,-0.3478,-0.3478,-0.3513,-0.3644,-0.4092,-0.4541,-0.4989,-0.5405,-0.5737,-0.5737,-0.5427,-0.4996,-0.4548,-0.4099,-0.3651,-0.3484,-0.3587,-0.3926,-0.4686,-0.591,-0.7008,-0.7905,-0.8802,-0.9345,-0.9475,-0.926,-0.8865,-0.8762,-0.8749,-0.8749,-0.8749,-0.8749,-0.8749,-0.8925,-0.9262,-0.9711,-1.016,-1.061,-1.089,-1.105,-1.12,-1.165,-1.14,-1.113,-1.097,-1.083,-1.038,-1.058,-1.116,-1.19,-1.264,-1.312,-1.357,-1.39,-1.401,-1.382,-1.343,-1.298,-1.253,-1.208,-1.164,-1.123,-1.101,-1.096,-1.058,-1.034,-1.02,-1,-0.958,-0.9923,-1.015,-1.02,-1.002,-0.9571,-0.9123,-0.8856,-0.8749,-0.8749,-0.8749,-0.8385,-0.8103,-0.7996,-0.7996,-0.7977,-0.7651,-0.7346,-0.7213,-0.7028,-0.661,-0.6162,-0.5713,-0.5265,-0.4817,-0.4368,-0.392,-0.3471,-0.3023,-0.2353,-0.1527,-0.06297,0.02671,0.1164,0.1844,0.2375,0.2823,0.3265,0.3291,0.3298,0.3298,0.3298,0.3298,0.3298,0.3491,0.3906,0.4538,0.5414,0.5945,0.6394,0.6889,0.7525,0.8326,0.8569,0.8718,0.9084,0.9533,0.992,1.008,1.008,1.006,0.983,0.9432,0.8983,0.845,0.7602,0.7192,0.6985,0.6741,0.6338,0.6314,0.6075,0.5779,0.5557,0.5557
