-0.6101,-0.5845,-0.5518,-0.5118,-0.4602,-0.389,-0.2929,-0.17,-0.02417,0.1374,0.3049,0.4646,0.601,0.7004,0.7576,0.7781,0.775,0.7615,0.743,0.716,0.6713,0.6022,0.5088,0.3975,0.2779,0.1576,0.04191,-0.06559,-0.1616,-0.2437,-0.3122,-0.3694,-0.4187,-0.4602,-0.4945,-0.5215,-0.5417,-0.558,-0.5682,-0.5742,-0.5771,-0.5793,-0.5836,-0.5853,-0.5852,-0.5829,-0.5828,-0.5872,-0.5925,-0.5972,-0.599,-0.6003,-0.6022,-0.6033,-0.603,-0.6003,-0.5975,-0.596,-0.5959,-0.5969,-0.5979,-0.5985,-0.5977,-0.5949,-0.5918,-0.5885,-0.588,-0.5864,-0.5825,-0.5786,-0.5705,-0.5675,-0.5616,-0.5549,-0.5483,-0.5372,-0.5298,-0.5175,-0.5049,-0.4892,-0.4693,-0.45,-0.426,-0.403,-0.3731,-0.3251,-0.2359,-0.06719,0.2142,0.6337,1.185,1.827,2.495,3.107,3.6,3.941,4.13,4.192,4.155,4.041,3.864,3.642,3.397,3.149,2.913,2.688,2.464,2.228,1.976,1.716,1.46,1.222,1.006,0.8105,0.6342,0.48,0.3463,0.2308,0.1316,0.04201,-0.02616,-0.07959,-0.1225,-0.1649,-0.2155,-0.2565,-0.2856,-0.2981,-0.3075,-0.325,-0.3454,-0.3667,-0.3781,-0.3847,-0.3883,-0.3876,-0.3841,-0.3742,-0.364,-0.3553,-0.3492,-0.3451,-0.3394,-0.3323,-0.3223,-0.3116,-0.3031,-0.2994,-0.302,-0.3088,-0.3186,-0.3305,-0.3452,-0.3633,-0.3832,-0.4039,-0.4236,-0.4424,-0.4612,-0.4793,-0.497,-0.5122,-0.5253,-0.538,-0.55,-0.5648,-0.5793,-0.5935,-0.606,-0.6147,-0.622,-0.6251,-0.6267,-0.6255,-0.6215,-0.6167,-0.6084,-0.5977,-0.578,-0.5442,-0.4898,-0.4078,-0.2963,-0.1555,0.006559,0.1789,0.3499,0.5096,0.6524,0.7728,0.8678,0.9357,0.9779,0.9961,0.9889,0.9536,0.8899,0.8054,0.7137,0.6268,0.5497,0.4778,0.4032,0.3203,0.2294,0.1359,0.04613,-0.03438,-0.1045,-0.1639,-0.2141,-0.2554,-0.2871,-0.3128,-0.3326,-0.3508,-0.3668,-0.3798,-0.3921,-0.4015,-0.4118,-0.4208,-0.4288,-0.4374,-0.4465,-0.4596,-0.4729,-0.4852,-0.4945,-0.5006,-0.5061,-0.5092,-0.5104,-0.5096,-0.5082,-0.5075,-0.5064,-0.505,-0.5034,-0.5034,-0.5064,-0.5116,-0.5182,-0.5248,-0.5313,-0.5377,-0.5436,-0.5487,-0.5526,-0.5556,-0.5581,-0.5602,-0.5614,-0.5612,-0.5598,-0.5577,-0.5556,-0.553,-0.5496,-0.5461,-0.5439,-0.5442,-0.5467,-0.5522,-0.5634,-0.5825,-0.6073,-0.6295,-0.6415,-0.6423
-0.7138,-0.6707,-0.6423,-0.6159,-0.5834,-0.5431,-0.503,-0.457,-0.3964,-0.315,-0.2104,-0.08544,0.06343,0.2367,0.4307,0.6363,0.8422,1.04,1.22,1.372,1.49,1.574,1.629,1.661,1.671,1.654,1.605,1.521,1.4,1.246,1.066,0.8742,0.6826,0.5006,0.3321,0.1773,0.03831,-0.08485,-0.1911,-0.2822,-0.3614,-0.4274,-0.4838,-0.5288,-0.5664,-0.5997,-0.628,-0.656,-0.6792,-0.6998,-0.716,-0.7261,-0.7353,-0.7416,-0.75,-0.7582,-0.7639,-0.7683,-0.7696,-0.7718,-0.774,-0.7759,-0.7772,-0.7774,-0.7792,-0.7824,-0.7868,-0.7915,-0.7937,-0.7953,-0.7945,-0.7927,-0.7934,-0.7927,-0.7971,-0.7985,-0.7974,-0.7958,-0.7888,-0.7848,-0.7759,-0.7658,-0.7551,-0.7406,-0.7286,-0.7105,-0.6883,-0.6541,-0.5965,-0.5029,-0.3475,-0.1156,0.2062,0.6126,1.082,1.583,2.076,2.526,2.902,3.188,3.383,3.502,3.565,3.586,3.57,3.514,3.413,3.273,3.097,2.892,2.664,2.418,2.163,1.906,1.653,1.41,1.18,0.9678,0.7744,0.6007,0.4411,0.2994,0.1722,0.06188,-0.02969,-0.1103,-0.1728,-0.2258,-0.2668,-0.2973,-0.3228,-0.3355,-0.343,-0.3416,-0.3365,-0.3326,-0.3262,-0.322,-0.3123,-0.2991,-0.2843,-0.2697,-0.2617,-0.2573,-0.2584,-0.264,-0.2737,-0.2891,-0.3057,-0.3225,-0.3375,-0.3514,-0.3665,-0.3817,-0.3971,-0.4107,-0.423,-0.4364,-0.4516,-0.4699,-0.4885,-0.5054,-0.5191,-0.5293,-0.5383,-0.5458,-0.5528,-0.5584,-0.5621,-0.5649,-0.5658,-0.5659,-0.5641,-0.5605,-0.5568,-0.5524,-0.5489,-0.5444,-0.539,-0.5345,-0.5312,-0.5327,-0.5356,-0.5391,-0.5426,-0.5446,-0.5477,-0.5481,-0.5458,-0.5396,-0.5297,-0.5193,-0.5074,-0.4952,-0.4795,-0.456,-0.4207,-0.3686,-0.3029,-0.2258,-0.1422,-0.05406,0.03973,0.1343,0.2243,0.2994,0.3535,0.3867,0.4014,0.4039,0.3971,0.3839,0.365,0.3398,0.31,0.2776,0.2485,0.2264,0.2122,0.204,0.1975,0.1916,0.1841,0.1739,0.1582,0.1336,0.09971,0.0556,0.005165,-0.05009,-0.1079,-0.1648,-0.2194,-0.2656,-0.3043,-0.3372,-0.3676,-0.3989,-0.4261,-0.4486,-0.4647,-0.4776,-0.4906,-0.5025,-0.5138,-0.5225,-0.5311,-0.5406,-0.5497,-0.5588,-0.5656,-0.5723,-0.5784,-0.5832,-0.5876,-0.5905,-0.594,-0.5973,-0.6011,-0.6073,-0.6173,-0.6328,-0.6527,-0.6777,-0.7102,-0.751,-0.7953,-0.8309,-0.8489,-0.8498
-0.7207,-0.7046,-0.7011,-0.6907,-0.6522,-0.5665,-0.4217,-0.2042,0.08452,0.4225,0.7681,1.075,1.315,1.481,1.583,1.641,1.667,1.671,1.654,1.618,1.563,1.495,1.414,1.319,1.209,1.083,0.943,0.7924,0.6369,0.4811,0.3296,0.1861,0.05193,-0.07088,-0.1838,-0.2844,-0.3721,-0.4462,-0.504,-0.5517,-0.5886,-0.6202,-0.6463,-0.6655,-0.6817,-0.6914,-0.7006,-0.7078,-0.7144,-0.7206,-0.7235,-0.7262,-0.7256,-0.7237,-0.7201,-0.7151,-0.7115,-0.7083,-0.7074,-0.7079,-0.7097,-0.7126,-0.7154,-0.7181,-0.7194,-0.7195,-0.7187,-0.7161,-0.7163,-0.7153,-0.7155,-0.7157,-0.7123,-0.7111,-0.7063,-0.7056,-0.7046,-0.702,-0.6998,-0.6925,-0.6884,-0.682,-0.6762,-0.6681,-0.6522,-0.6281,-0.5746,-0.4678,-0.2624,0.07645,0.552,1.127,1.719,2.243,2.638,2.89,3.03,3.098,3.134,3.151,3.154,3.142,3.119,3.087,3.047,2.995,2.921,2.819,2.681,2.508,2.308,2.091,1.869,1.651,1.441,1.236,1.033,0.8335,0.637,0.4572,0.2942,0.1536,0.03365,-0.07181,-0.1579,-0.2334,-0.2931,-0.3424,-0.3811,-0.4059,-0.425,-0.4335,-0.4411,-0.4446,-0.4436,-0.4394,-0.4279,-0.4164,-0.4004,-0.3808,-0.3545,-0.3198,-0.2822,-0.2418,-0.2041,-0.169,-0.1364,-0.1075,-0.08248,-0.06607,-0.0596,-0.06417,-0.07732,-0.09503,-0.1151,-0.1353,-0.1566,-0.1787,-0.2024,-0.2281,-0.2559,-0.2863,-0.3175,-0.3491,-0.3805,-0.4115,-0.4421,-0.47,-0.4955,-0.5179,-0.5387,-0.5579,-0.574,-0.5876,-0.5978,-0.6073,-0.6165,-0.6249,-0.6322,-0.6366,-0.6405,-0.6437,-0.6472,-0.6508,-0.6522,-0.6542,-0.6556,-0.659,-0.6646,-0.6706,-0.6786,-0.6866,-0.6963,-0.7058,-0.7135,-0.7189,-0.7203,-0.72,-0.7152,-0.7034,-0.6788,-0.6353,-0.5716,-0.4858,-0.3822,-0.2646,-0.1417,-0.02646,0.07034,0.139,0.1804,0.1984,0.1998,0.1911,0.1766,0.1619,0.1482,0.1363,0.1249,0.114,0.1067,0.1065,0.117,0.1382,0.1674,0.1987,0.2244,0.2375,0.233,0.2111,0.1743,0.1284,0.07733,0.02366,-0.03027,-0.08525,-0.1386,-0.1915,-0.2439,-0.2966,-0.3509,-0.4036,-0.454,-0.4984,-0.5368,-0.5693,-0.5959,-0.619,-0.6379,-0.6549,-0.6696,-0.6826,-0.6944,-0.7032,-0.711,-0.7167,-0.7216,-0.7254,-0.7273,-0.7297,-0.7324,-0.7371,-0.7418,-0.7458,-0.7518,-0.7622,-0.7779,-0.7932,-0.8021,-0.8028
-1.053,-1.026,-0.987,-0.9552,-0.9322,-0.9123,-0.8901,-0.8713,-0.8548,-0.8406,-0.825,-0.8128,-0.8017,-0.7942,-0.7864,-0.7811,-0.7728,-0.7626,-0.7417,-0.7051,-0.6385,-0.5431,-0.4221,-0.2915,-0.1573,-0.03295,0.07474,0.1554,0.2158,0.2656,0.3204,0.3839,0.4585,0.5383,0.6218,0.7031,0.782,0.8535,0.9159,0.9612,0.9843,0.977,0.9397,0.8722,0.7816,0.6682,0.5397,0.4009,0.2677,0.1469,0.04711,-0.03753,-0.1059,-0.1637,-0.2066,-0.2411,-0.2653,-0.2869,-0.3018,-0.3162,-0.3265,-0.3395,-0.3494,-0.3601,-0.3652,-0.3711,-0.3741,-0.3783,-0.3771,-0.3741,-0.3669,-0.3614,-0.3558,-0.3552,-0.3584,-0.3703,-0.386,-0.4052,-0.4204,-0.4354,-0.4459,-0.4574,-0.4612,-0.4638,-0.4595,-0.4583,-0.4502,-0.4421,-0.4243,-0.4073,-0.3813,-0.356,-0.3231,-0.2935,-0.2538,-0.2006,-0.1004,0.06791,0.3268,0.6459,0.9843,1.297,1.59,1.88,2.179,2.459,2.692,2.851,2.945,2.988,3.008,3.006,2.981,2.917,2.818,2.693,2.568,2.447,2.34,2.235,2.143,2.058,1.986,1.91,1.836,1.755,1.677,1.597,1.536,1.498,1.502,1.53,1.571,1.591,1.587,1.546,1.485,1.402,1.312,1.211,1.105,0.9829,0.8513,0.7043,0.5533,0.3963,0.2435,0.09093,-0.05192,-0.1862,-0.301,-0.4,-0.4787,-0.5442,-0.5921,-0.631,-0.6597,-0.6879,-0.7099,-0.7306,-0.7456,-0.7628,-0.7762,-0.7901,-0.7978,-0.806,-0.8093,-0.814,-0.8157,-0.8211,-0.8263,-0.8357,-0.8429,-0.8488,-0.8484,-0.8467,-0.8391,-0.8183,-0.763,-0.6648,-0.5275,-0.3771,-0.233,-0.1064,0.008007,0.1081,0.1891,0.2409,0.2647,0.2627,0.2418,0.2069,0.1704,0.1413,0.1253,0.1193,0.1215,0.1278,0.1342,0.1334,0.1223,0.1001,0.06964,0.02738,-0.0277,-0.0973,-0.1718,-0.2457,-0.3129,-0.3784,-0.4412,-0.5037,-0.5598,-0.6107,-0.6525,-0.6881,-0.715,-0.7378,-0.7558,-0.7724,-0.7834,-0.7912,-0.794,-0.7966,-0.7957,-0.7938,-0.7889,-0.7853,-0.7804,-0.7762,-0.7702,-0.7642,-0.7553,-0.7452,-0.7337,-0.7248,-0.7184,-0.7163,-0.7179,-0.7242,-0.7315,-0.7373,-0.7375,-0.7322,-0.7213,-0.7087,-0.6971,-0.6899,-0.6869,-0.6883,-0.6929,-0.7003,-0.7086,-0.7167,-0.723,-0.7291,-0.7366,-0.7476,-0.7609,-0.7765,-0.7936,-0.8104,-0.8238,-0.8369,-0.8548,-0.8774,-0.8994,-0.9256,-0.9657,-1.016
-0.8815,-0.8449,-0.8092,-0.7616,-0.6964,-0.6111,-0.5162,-0.4187,-0.319,-0.219,-0.1145,-0.002296,0.124,0.276,0.4589,0.6695,0.8939,1.11,1.3,1.452,1.561,1.631,1.67,1.686,1.686,1.673,1.649,1.61,1.551,1.469,1.363,1.238,1.1,0.9536,0.8041,0.6517,0.4986,0.3459,0.1973,0.05874,-0.06666,-0.1741,-0.2636,-0.3391,-0.4006,-0.4551,-0.5041,-0.5481,-0.5916,-0.6298,-0.6638,-0.6939,-0.716,-0.7342,-0.7465,-0.7529,-0.7577,-0.7561,-0.7516,-0.7457,-0.7375,-0.7326,-0.7284,-0.723,-0.7213,-0.717,-0.7127,-0.7119,-0.7091,-0.7095,-0.7084,-0.7028,-0.6999,-0.6945,-0.6905,-0.6897,-0.6855,-0.6846,-0.6815,-0.6751,-0.6681,-0.6498,-0.6129,-0.5408,-0.4101,-0.2056,0.08923,0.4709,0.9137,1.378,1.81,2.167,2.431,2.608,2.729,2.827,2.916,2.999,3.059,3.086,3.076,3.03,2.956,2.857,2.736,2.595,2.438,2.269,2.096,1.927,1.768,1.62,1.481,1.348,1.219,1.094,0.9696,0.8494,0.7319,0.6132,0.5018,0.3949,0.2953,0.2052,0.1179,0.04123,-0.02506,-0.08122,-0.1208,-0.1523,-0.1754,-0.1921,-0.2093,-0.2193,-0.2258,-0.2298,-0.2308,-0.2362,-0.2442,-0.2548,-0.2688,-0.2789,-0.2861,-0.2885,-0.2849,-0.2785,-0.2673,-0.255,-0.2469,-0.246,-0.2573,-0.2791,-0.3078,-0.3412,-0.3747,-0.4078,-0.4396,-0.4681,-0.4949,-0.5206,-0.5472,-0.5763,-0.604,-0.629,-0.6508,-0.6696,-0.6896,-0.7088,-0.7254,-0.7393,-0.7481,-0.755,-0.7612,-0.7657,-0.7709,-0.7734,-0.7739,-0.7742,-0.7728,-0.7721,-0.7701,-0.7644,-0.754,-0.7322,-0.6946,-0.6367,-0.5549,-0.4535,-0.3382,-0.2195,-0.1104,-0.01776,0.05353,0.1046,0.1407,0.1656,0.185,0.2011,0.2139,0.2237,0.2285,0.2281,0.2223,0.2107,0.1949,0.176,0.1553,0.1348,0.114,0.09331,0.07182,0.04812,0.02206,-0.007633,-0.04072,-0.07703,-0.1172,-0.1591,-0.2034,-0.2493,-0.2952,-0.341,-0.3823,-0.4181,-0.4491,-0.4755,-0.5015,-0.5269,-0.5507,-0.5736,-0.5924,-0.6088,-0.623,-0.6343,-0.6446,-0.6529,-0.6604,-0.6691,-0.6777,-0.6876,-0.6985,-0.7101,-0.7234,-0.7361,-0.7481,-0.7596,-0.77,-0.7816,-0.7942,-0.8079,-0.8225,-0.8361,-0.8488,-0.8609,-0.872,-0.8825,-0.8903,-0.8951,-0.898,-0.9003,-0.9034,-0.9065,-0.909,-0.9132,-0.9223,-0.9386,-0.959,-0.9765,-0.9853,-0.9851
-0.9199,-0.9088,-0.8951,-0.8806,-0.8669,-0.8504,-0.8346,-0.8175,-0.8006,-0.7828,-0.7588,-0.7258,-0.6753,-0.5996,-0.4883,-0.3339,-0.1382,0.09036,0.3349,0.5783,0.8028,0.9914,1.133,1.221,1.261,1.264,1.24,1.194,1.13,1.047,0.9454,0.8269,0.6961,0.5589,0.4234,0.2941,0.1746,0.06597,-0.03083,-0.1141,-0.1846,-0.2426,-0.2923,-0.3345,-0.3706,-0.4005,-0.4216,-0.4381,-0.4484,-0.457,-0.4648,-0.4709,-0.4793,-0.4861,-0.4941,-0.501,-0.5061,-0.5131,-0.5203,-0.5315,-0.5434,-0.5532,-0.5608,-0.5657,-0.5724,-0.581,-0.5913,-0.6031,-0.6138,-0.6262,-0.6383,-0.6505,-0.6632,-0.6726,-0.6843,-0.6926,-0.6988,-0.7036,-0.7016,-0.6994,-0.6893,-0.6754,-0.6578,-0.6343,-0.6127,-0.5841,-0.551,-0.503,-0.4325,-0.3411,-0.225,-0.09621,0.05196,0.2307,0.4594,0.7611,1.13,1.545,1.954,2.308,2.581,2.772,2.909,3.019,3.119,3.21,3.285,3.337,3.358,3.342,3.282,3.175,3.032,2.868,2.702,2.541,2.384,2.224,2.05,1.865,1.672,1.484,1.307,1.144,0.9942,0.8464,0.7057,0.5669,0.4367,0.3193,0.2126,0.1255,0.05,-0.01034,-0.06042,-0.1047,-0.139,-0.1729,-0.2012,-0.229,-0.254,-0.2697,-0.2789,-0.2749,-0.2647,-0.2498,-0.2324,-0.2179,-0.2031,-0.1928,-0.1852,-0.1814,-0.1836,-0.1906,-0.2049,-0.2226,-0.2414,-0.2589,-0.2739,-0.2905,-0.3096,-0.3336,-0.3607,-0.3873,-0.4117,-0.4313,-0.4489,-0.4665,-0.4862,-0.5092,-0.533,-0.5578,-0.5817,-0.6045,-0.6271,-0.6462,-0.6647,-0.6806,-0.6955,-0.7108,-0.7234,-0.7361,-0.7449,-0.7505,-0.7529,-0.7506,-0.748,-0.7441,-0.7409,-0.7346,-0.7179,-0.685,-0.6274,-0.5439,-0.4338,-0.3023,-0.1596,-0.01549,0.1175,0.2333,0.3274,0.398,0.4458,0.4706,0.4763,0.467,0.448,0.4234,0.3935,0.3577,0.3141,0.2644,0.2124,0.1626,0.1184,0.0788,0.04131,0.001406,-0.04396,-0.09538,-0.1529,-0.2127,-0.2732,-0.33,-0.3812,-0.426,-0.4625,-0.4942,-0.5202,-0.5435,-0.5649,-0.5835,-0.6009,-0.6128,-0.6202,-0.6226,-0.6211,-0.6187,-0.6135,-0.6075,-0.5995,-0.5911,-0.5847,-0.5809,-0.5819,-0.5861,-0.5933,-0.6013,-0.608,-0.6136,-0.6174,-0.6211,-0.6247,-0.6287,-0.6346,-0.643,-0.6547,-0.6683,-0.6829,-0.6994,-0.7196,-0.7444,-0.7714,-0.7992,-0.8287,-0.8616,-0.896,-0.9237,-0.938,-0.9388
-0.9012,-0.9007,-0.9002,-0.8999,-0.8998,-0.9001,-0.9005,-0.9006,-0.9,-0.8985,-0.8962,-0.8933,-0.8899,-0.8866,-0.8838,-0.8816,-0.8799,-0.8784,-0.8774,-0.8765,-0.8757,-0.8751,-0.8749,-0.8755,-0.8765,-0.8779,-0.8795,-0.8817,-0.8839,-0.8858,-0.887,-0.8891,-0.8913,-0.8931,-0.8943,-0.8959,-0.8975,-0.8979,-0.8961,-0.8925,-0.8884,-0.8822,-0.8733,-0.8619,-0.8509,-0.8388,-0.8249,-0.809,-0.7941,-0.7796,-0.7648,-0.7492,-0.7349,-0.723,-0.7118,-0.7003,-0.6889,-0.6797,-0.6698,-0.6573,-0.6403,-0.6212,-0.5962,-0.5632,-0.5209,-0.4717,-0.4159,-0.3527,-0.2813,-0.2026,-0.1174,-0.02211,0.08566,0.2072,0.3399,0.4841,0.6377,0.7971,0.9555,1.109,1.254,1.387,1.505,1.606,1.693,1.766,1.828,1.881,1.928,1.975,2.022,2.069,2.117,2.165,2.212,2.256,2.295,2.33,2.362,2.39,2.415,2.438,2.458,2.475,2.488,2.495,2.495,2.487,2.468,2.437,2.393,2.334,2.261,2.175,2.077,1.97,1.855,1.735,1.613,1.489,1.366,1.243,1.124,1.011,0.9027,0.7986,0.6998,0.6057,0.5142,0.4228,0.3317,0.2425,0.1553,0.07016,-0.01295,-0.09009,-0.1611,-0.2264,-0.2883,-0.3436,-0.3925,-0.4358,-0.4763,-0.5127,-0.544,-0.5715,-0.5974,-0.6226,-0.6443,-0.6631,-0.6795,-0.697,-0.7113,-0.7227,-0.7323,-0.7434,-0.7537,-0.7624,-0.7701,-0.7784,-0.7872,-0.7939,-0.7988,-0.8027,-0.8075,-0.8105,-0.8117,-0.8115,-0.8118,-0.8102,-0.8058,-0.7981,-0.7881,-0.7748,-0.757,-0.7344,-0.7075,-0.6767,-0.6407,-0.5996,-0.5537,-0.5053,-0.4541,-0.401,-0.3473,-0.2948,-0.2436,-0.1937,-0.145,-0.09789,-0.05294,-0.009801,0.03102,0.06852,0.1006,0.1272,0.1479,0.1626,0.1706,0.1729,0.1712,0.1671,0.1616,0.1561,0.1524,0.1512,0.1526,0.1553,0.1587,0.1615,0.1622,0.159,0.1514,0.1393,0.123,0.1028,0.07998,0.0556,0.03082,0.006531,-0.01642,-0.03705,-0.05468,-0.06876,-0.07887,-0.08413,-0.08421,-0.07895,-0.06868,-0.05307,-0.03277,-0.008934,0.01666,0.0428,0.06786,0.08966,0.1059,0.115,0.1166,0.1098,0.09463,0.07124,0.04224,0.009156,-0.02665,-0.06445,-0.1024,-0.14,-0.1774,-0.2153,-0.2537,-0.2925,-0.3321,-0.3732,-0.4163,-0.4602,-0.5047,-0.5494,-0.5937,-0.6353,-0.6732,-0.7068,-0.737,-0.7641,-0.7886,-0.812,-0.8348,-0.8567,-0.8758,-0.8909
-0.7834,-0.6284,-0.431,-0.2437,-0.08064,0.06455,0.1995,0.3316,0.4612,0.581,0.6804,0.7598,0.8199,0.8534,0.856,0.8288,0.7822,0.7229,0.6531,0.5753,0.4918,0.4084,0.3224,0.2349,0.1555,0.08921,0.03827,-0.007847,-0.04545,-0.06408,-0.05832,-0.02905,0.007609,0.04846,0.09658,0.1626,0.2547,0.3665,0.4867,0.5917,0.6675,0.7146,0.7339,0.7142,0.6375,0.5145,0.377,0.251,0.1378,0.02183,-0.1014,-0.2266,-0.3417,-0.4379,-0.5114,-0.5598,-0.5887,-0.6009,-0.6039,-0.6038,-0.5997,-0.5928,-0.5827,-0.577,-0.5779,-0.5867,-0.6017,-0.6161,-0.6304,-0.6459,-0.6615,-0.6726,-0.6836,-0.7011,-0.7187,-0.7306,-0.7408,-0.7557,-0.7698,-0.7785,-0.7872,-0.796,-0.8045,-0.8105,-0.8195,-0.8326,-0.8432,-0.8441,-0.8272,-0.79,-0.7186,-0.5896,-0.3899,-0.1379,0.1182,0.3279,0.4591,0.5112,0.5071,0.4698,0.4079,0.3247,0.2291,0.1288,0.02498,-0.08175,-0.1888,-0.2911,-0.3805,-0.4522,-0.512,-0.5696,-0.6238,-0.6727,-0.7172,-0.7553,-0.7862,-0.8077,-0.8278,-0.8439,-0.8563,-0.8634,-0.8602,-0.8423,-0.8046,-0.7549,-0.6987,-0.6414,-0.5868,-0.5348,-0.4757,-0.389,-0.2698,-0.1354,-0.01315,0.0798,0.1393,0.1671,0.1687,0.1471,0.1051,0.04777,-0.01868,-0.0884,-0.1573,-0.2247,-0.2942,-0.3656,-0.4295,-0.4801,-0.522,-0.5604,-0.5948,-0.6215,-0.6441,-0.6622,-0.6762,-0.6858,-0.6895,-0.6923,-0.6985,-0.7137,-0.7308,-0.7474,-0.7654,-0.7852,-0.8044,-0.8155,-0.8231,-0.8285,-0.8353,-0.8439,-0.8497,-0.8417,-0.7903,-0.6784,-0.5112,-0.3226,-0.1463,0.008723,0.1441,0.2688,0.3874,0.5035,0.6146,0.7152,0.8102,0.8934,0.9485,0.956,0.9187,0.8618,0.7983,0.7349,0.6669,0.5978,0.5304,0.4661,0.4365,0.4463,0.4911,0.5432,0.5827,0.6082,0.624,0.6758,0.8087,1.065,1.462,1.976,2.558,3.118,3.579,3.902,4.086,4.153,4.133,4.052,3.882,3.579,3.163,2.72,2.328,1.983,1.64,1.28,0.9253,0.612,0.3438,0.1188,-0.06664,-0.215,-0.3263,-0.4171,-0.4803,-0.5243,-0.5532,-0.5736,-0.5933,-0.6078,-0.6226,-0.6269,-0.6257,-0.6308,-0.6473,-0.671,-0.6906,-0.7069,-0.7193,-0.7268,-0.7293,-0.73,-0.7334,-0.7395,-0.7466,-0.7537,-0.7598,-0.7645,-0.7669,-0.7675,-0.7648,-0.7563,-0.7458,-0.7432,-0.7521,-0.7667,-0.7911,-0.8314,-0.8702,-0.8834
-0.5537,-0.5102,-0.4642,-0.4078,-0.3366,-0.2505,-0.1562,-0.0644,0.01921,0.09291,0.1559,0.2095,0.2536,0.2861,0.3087,0.3244,0.3338,0.3393,0.3416,0.3385,0.3314,0.322,0.3096,0.2955,0.2799,0.2609,0.2394,0.2163,0.1912,0.1656,0.1412,0.1183,0.09921,0.08526,0.07565,0.07085,0.07091,0.0761,0.08988,0.1144,0.1497,0.1956,0.2479,0.3004,0.3499,0.3918,0.4217,0.4388,0.4411,0.4269,0.3992,0.3603,0.3128,0.263,0.2139,0.1671,0.1251,0.08622,0.04682,0.005491,-0.04052,-0.09278,-0.1483,-0.2046,-0.2599,-0.3101,-0.3542,-0.3945,-0.4287,-0.4566,-0.4827,-0.5032,-0.5173,-0.5322,-0.5436,-0.5503,-0.561,-0.569,-0.5718,-0.5782,-0.582,-0.5819,-0.5864,-0.5892,-0.5876,-0.5885,-0.5863,-0.579,-0.572,-0.5589,-0.535,-0.501,-0.4463,-0.3595,-0.2313,-0.04573,0.2067,0.5235,0.8966,1.309,1.739,2.166,2.574,2.943,3.26,3.512,3.69,3.793,3.828,3.805,3.736,3.633,3.505,3.358,3.199,3.029,2.85,2.662,2.463,2.253,2.033,1.807,1.579,1.355,1.14,0.9353,0.7443,0.5681,0.4113,0.2756,0.1591,0.06291,-0.01852,-0.09197,-0.1535,-0.2055,-0.2516,-0.2848,-0.3093,-0.3314,-0.3447,-0.3528,-0.361,-0.3629,-0.3629,-0.3666,-0.3685,-0.371,-0.3775,-0.3822,-0.3868,-0.3944,-0.4002,-0.4059,-0.4135,-0.4196,-0.425,-0.4313,-0.4359,-0.4394,-0.4435,-0.4476,-0.4532,-0.4621,-0.4732,-0.4862,-0.5007,-0.5147,-0.5279,-0.5406,-0.5528,-0.5652,-0.5778,-0.5896,-0.6001,-0.6089,-0.6156,-0.6211,-0.6267,-0.6323,-0.6383,-0.6443,-0.6488,-0.6517,-0.6533,-0.6538,-0.6541,-0.655,-0.6561,-0.657,-0.6577,-0.6577,-0.6574,-0.6574,-0.6574,-0.6574,-0.6579,-0.6585,-0.6594,-0.6607,-0.6619,-0.6627,-0.6634,-0.6639,-0.6646,-0.6654,-0.6656,-0.6646,-0.6625,-0.6598,-0.6574,-0.6564,-0.6564,-0.6565,-0.6564,-0.655,-0.6522,-0.6492,-0.646,-0.6426,-0.6403,-0.6384,-0.6364,-0.6351,-0.6338,-0.6316,-0.6293,-0.6264,-0.623,-0.6203,-0.6183,-0.6168,-0.6157,-0.6137,-0.6101,-0.6047,-0.5975,-0.5881,-0.5755,-0.5571,-0.5298,-0.491,-0.4401,-0.3786,-0.3104,-0.2408,-0.1763,-0.1236,-0.08798,-0.0716,-0.07271,-0.08668,-0.1089,-0.1372,-0.1718,-0.2132,-0.2596,-0.3066,-0.3499,-0.3883,-0.4235,-0.4576,-0.4894,-0.515,-0.5317,-0.5418,-0.553,-0.5733,-0.6041,-0.6383
-0.552,-0.4786,-0.3981,-0.2929,-0.1577,-0.005015,0.1399,0.2622,0.3593,0.4333,0.4865,0.5162,0.5254,0.5213,0.5101,0.4973,0.4818,0.4631,0.4409,0.4134,0.3815,0.3451,0.3068,0.2706,0.2384,0.2125,0.1929,0.1801,0.1746,0.1759,0.185,0.2003,0.2215,0.246,0.2696,0.2901,0.3017,0.3037,0.2948,0.2741,0.2449,0.2074,0.1652,0.1203,0.07221,0.02326,-0.02856,-0.08137,-0.1327,-0.182,-0.2246,-0.2619,-0.2939,-0.3195,-0.3442,-0.362,-0.3743,-0.3837,-0.3849,-0.3891,-0.3908,-0.3915,-0.3956,-0.3945,-0.3966,-0.3958,-0.3911,-0.3862,-0.3725,-0.3552,-0.3303,-0.2966,-0.2562,-0.1962,-0.1038,0.04782,0.2881,0.6358,1.097,1.647,2.238,2.806,3.291,3.654,3.882,3.994,4.019,3.986,3.914,3.809,3.67,3.496,3.291,3.065,2.826,2.58,2.329,2.075,1.826,1.585,1.359,1.149,0.9547,0.7811,0.629,0.5028,0.4041,0.3292,0.2843,0.2622,0.2634,0.2803,0.2937,0.3006,0.2873,0.2585,0.2229,0.1811,0.1444,0.1061,0.06555,0.02446,-0.02012,-0.05998,-0.09767,-0.1336,-0.1677,-0.2036,-0.2376,-0.2708,-0.3031,-0.3334,-0.3632,-0.3896,-0.4125,-0.4325,-0.45,-0.4678,-0.4844,-0.4996,-0.5137,-0.5265,-0.541,-0.5553,-0.5687,-0.5805,-0.59,-0.6002,-0.611,-0.6222,-0.6335,-0.6427,-0.6502,-0.655,-0.6571,-0.658,-0.6584,-0.6601,-0.6632,-0.6669,-0.6703,-0.6727,-0.675,-0.6776,-0.6806,-0.6835,-0.6849,-0.6846,-0.6832,-0.6817,-0.6806,-0.6794,-0.6776,-0.6756,-0.6746,-0.6761,-0.6801,-0.6855,-0.6908,-0.695,-0.6987,-0.7025,-0.7067,-0.7105,-0.7122,-0.712,-0.7105,-0.7087,-0.7077,-0.7063,-0.7045,-0.7025,-0.7003,-0.6993,-0.698,-0.6964,-0.6945,-0.6925,-0.6916,-0.6906,-0.6889,-0.6862,-0.6813,-0.6734,-0.6587,-0.6332,-0.5944,-0.5421,-0.4811,-0.4177,-0.359,-0.3107,-0.2745,-0.2501,-0.2341,-0.223,-0.214,-0.2056,-0.1987,-0.1952,-0.1969,-0.2051,-0.2185,-0.2354,-0.2526,-0.2678,-0.2804,-0.2905,-0.2998,-0.3097,-0.321,-0.3336,-0.3463,-0.3586,-0.3705,-0.3832,-0.3975,-0.4135,-0.4314,-0.4495,-0.4667,-0.4818,-0.4934,-0.5028,-0.5105,-0.5182,-0.5261,-0.5328,-0.5378,-0.5399,-0.54,-0.5395,-0.5387,-0.5383,-0.5363,-0.533,-0.5301,-0.529,-0.5302,-0.5309,-0.5302,-0.5316,-0.5394,-0.5541,-0.5689,-0.5784,-0.5862,-0.6034,-0.6372,-0.6795
-0.6147,-0.4863,-0.3196,-0.1285,0.06965,0.2577,0.4215,0.5545,0.6513,0.712,0.7359,0.7301,0.7049,0.6721,0.6427,0.6177,0.5959,0.5674,0.5284,0.4762,0.4155,0.3521,0.29,0.2335,0.1845,0.148,0.1266,0.1239,0.1385,0.1712,0.2193,0.2819,0.3556,0.4341,0.5103,0.5696,0.6033,0.602,0.5697,0.5141,0.447,0.3763,0.3038,0.2304,0.151,0.0661,-0.02606,-0.1208,-0.2136,-0.2992,-0.3738,-0.4374,-0.4891,-0.5321,-0.5659,-0.5928,-0.6116,-0.6237,-0.6321,-0.6369,-0.644,-0.6475,-0.6498,-0.6475,-0.6427,-0.6389,-0.6328,-0.6319,-0.6261,-0.6233,-0.6156,-0.6063,-0.5976,-0.5861,-0.575,-0.5512,-0.5144,-0.4482,-0.3478,-0.2039,-0.01563,0.2082,0.4613,0.7374,1.05,1.416,1.847,2.328,2.816,3.254,3.589,3.796,3.876,3.851,3.749,3.596,3.411,3.204,2.978,2.735,2.476,2.211,1.949,1.701,1.474,1.264,1.07,0.8857,0.71,0.545,0.3937,0.2649,0.153,0.06048,-0.02539,-0.1017,-0.1712,-0.2325,-0.2833,-0.3328,-0.3739,-0.4139,-0.4456,-0.4751,-0.5015,-0.527,-0.5527,-0.5742,-0.5955,-0.6133,-0.6322,-0.6492,-0.6649,-0.6785,-0.6905,-0.7017,-0.7094,-0.7146,-0.7166,-0.7186,-0.7202,-0.7203,-0.7181,-0.7145,-0.7127,-0.7135,-0.7168,-0.7199,-0.7221,-0.7236,-0.7254,-0.7284,-0.7317,-0.7349,-0.7374,-0.7402,-0.7437,-0.7472,-0.7487,-0.7471,-0.7438,-0.7408,-0.7391,-0.7366,-0.731,-0.7225,-0.7132,-0.7046,-0.6961,-0.6867,-0.677,-0.669,-0.6644,-0.6628,-0.6625,-0.662,-0.6614,-0.6615,-0.6635,-0.6669,-0.6703,-0.6718,-0.6712,-0.6703,-0.6706,-0.6721,-0.6717,-0.6698,-0.6664,-0.6651,-0.6666,-0.6689,-0.6733,-0.6761,-0.6805,-0.6814,-0.682,-0.6821,-0.6834,-0.6855,-0.6826,-0.6759,-0.6632,-0.649,-0.6277,-0.5907,-0.5232,-0.4102,-0.2443,-0.02648,0.2278,0.4971,0.7554,0.9826,1.164,1.29,1.36,1.376,1.35,1.297,1.235,1.171,1.101,1.018,0.9136,0.7883,0.6476,0.4995,0.3518,0.2122,0.0862,-0.02258,-0.1154,-0.1946,-0.2644,-0.3263,-0.379,-0.424,-0.4578,-0.4869,-0.5112,-0.5355,-0.5564,-0.5721,-0.583,-0.5897,-0.5977,-0.6032,-0.6078,-0.6079,-0.6056,-0.6003,-0.5919,-0.5822,-0.5721,-0.5644,-0.5576,-0.5518,-0.5473,-0.5469,-0.552,-0.5618,-0.5757,-0.5931,-0.6145,-0.6381,-0.663,-0.6885,-0.7137,-0.7349
-0.5253,-0.3894,-0.2664,-0.1276,0.02711,0.1648,0.2662,0.3449,0.4168,0.4772,0.5094,0.5115,0.4902,0.4571,0.4171,0.3797,0.3458,0.3112,0.2681,0.2155,0.1598,0.1055,0.05542,0.008954,-0.03112,-0.06377,-0.08441,-0.0915,-0.07702,-0.03865,0.02831,0.1168,0.2188,0.3176,0.3999,0.4538,0.4748,0.4641,0.426,0.3699,0.304,0.2417,0.1874,0.1445,0.104,0.05968,0.006257,-0.05173,-0.108,-0.1578,-0.2007,-0.2391,-0.2726,-0.3018,-0.3235,-0.3423,-0.3555,-0.3684,-0.3768,-0.3853,-0.3927,-0.4002,-0.4091,-0.4138,-0.4211,-0.4243,-0.4334,-0.4366,-0.4405,-0.4317,-0.4153,-0.3849,-0.3409,-0.2775,-0.1837,-0.04593,0.1603,0.4521,0.8435,1.319,1.851,2.388,2.884,3.29,3.577,3.729,3.761,3.706,3.604,3.485,3.358,3.22,3.065,2.893,2.707,2.508,2.288,2.043,1.778,1.517,1.276,1.066,0.8761,0.6984,0.5266,0.3653,0.221,0.09428,-0.007998,-0.09539,-0.1613,-0.219,-0.264,-0.3065,-0.3418,-0.3756,-0.4033,-0.4273,-0.4476,-0.4655,-0.4837,-0.4983,-0.5133,-0.5256,-0.541,-0.5569,-0.5756,-0.5933,-0.6108,-0.6259,-0.6395,-0.652,-0.6643,-0.6772,-0.6893,-0.701,-0.711,-0.7204,-0.7278,-0.7343,-0.7405,-0.7475,-0.7536,-0.7576,-0.7595,-0.7614,-0.7649,-0.769,-0.7722,-0.7735,-0.7744,-0.7755,-0.7771,-0.7774,-0.7767,-0.7763,-0.7777,-0.7801,-0.7818,-0.7827,-0.784,-0.786,-0.7873,-0.7874,-0.7876,-0.7902,-0.7949,-0.7998,-0.8033,-0.8056,-0.8076,-0.8089,-0.8089,-0.8073,-0.8058,-0.8053,-0.8069,-0.8088,-0.8097,-0.8078,-0.8037,-0.7993,-0.7956,-0.7921,-0.7868,-0.7784,-0.7661,-0.7495,-0.7273,-0.6999,-0.6688,-0.6377,-0.6099,-0.5881,-0.5725,-0.5623,-0.5557,-0.5511,-0.5503,-0.5524,-0.5596,-0.5664,-0.5753,-0.5826,-0.5927,-0.6018,-0.6111,-0.6195,-0.627,-0.6332,-0.6336,-0.6274,-0.6084,-0.5731,-0.5074,-0.4015,-0.2447,-0.04426,0.1853,0.4198,0.6412,0.8372,1.003,1.14,1.25,1.332,1.383,1.398,1.381,1.345,1.294,1.224,1.128,1.006,0.8675,0.7214,0.5742,0.4309,0.2949,0.1679,0.0483,-0.06458,-0.167,-0.2573,-0.3307,-0.3913,-0.4356,-0.4688,-0.4899,-0.5058,-0.5161,-0.5241,-0.5278,-0.5281,-0.5274,-0.5276,-0.5303,-0.5308,-0.5334,-0.5385,-0.5463,-0.5472,-0.545,-0.5518,-0.5734,-0.5928,-0.597,-0.6057,-0.6531,-0.7371
-0.8114,-0.7764,-0.7422,-0.7079,-0.6741,-0.6408,-0.611,-0.5886,-0.5704,-0.5553,-0.5433,-0.5299,-0.5184,-0.5105,-0.5004,-0.4917,-0.482,-0.466,-0.4508,-0.4328,-0.4098,-0.39,-0.37,-0.3493,-0.3332,-0.3163,-0.2977,-0.2798,-0.2565,-0.2231,-0.1697,-0.07715,0.07063,0.2885,0.5844,0.9489,1.365,1.805,2.235,2.629,2.966,3.232,3.426,3.551,3.611,3.617,3.578,3.502,3.402,3.284,3.15,3.002,2.836,2.651,2.449,2.23,2.008,1.791,1.586,1.401,1.238,1.096,0.9769,0.8792,0.8007,0.7402,0.6897,0.6477,0.6122,0.5779,0.5531,0.5393,0.5328,0.5417,0.5611,0.5855,0.6209,0.6632,0.7134,0.776,0.843,0.9097,0.9692,1.008,1.022,1.01,0.9678,0.9037,0.8223,0.7257,0.6241,0.5216,0.4187,0.3202,0.2243,0.1286,0.03508,-0.05793,-0.1504,-0.2392,-0.325,-0.4053,-0.4768,-0.5404,-0.5942,-0.6381,-0.6757,-0.7047,-0.7236,-0.7335,-0.7272,-0.7034,-0.6637,-0.6057,-0.5351,-0.4573,-0.3751,-0.2961,-0.2245,-0.1615,-0.111,-0.07176,-0.04145,-0.02138,-0.008777,-0.002295,-0.002845,-0.00646,-0.0115,-0.01843,-0.02551,-0.03299,-0.04047,-0.04442,-0.04208,-0.03168,-0.01291,0.01098,0.03562,0.05739,0.07351,0.08425,0.09166,0.0972,0.1025,0.1061,0.1035,0.09206,0.06892,0.03437,-0.006972,-0.05177,-0.09687,-0.1402,-0.1834,-0.2267,-0.2694,-0.3126,-0.3545,-0.3939,-0.432,-0.4663,-0.496,-0.5231,-0.5456,-0.5649,-0.5826,-0.5966,-0.6071,-0.6142,-0.6168,-0.6172,-0.6167,-0.6153,-0.615,-0.614,-0.6104,-0.604,-0.5918,-0.5726,-0.5477,-0.5156,-0.478,-0.438,-0.3972,-0.3591,-0.3262,-0.2992,-0.2789,-0.2652,-0.2572,-0.255,-0.2581,-0.2657,-0.2778,-0.2932,-0.3108,-0.331,-0.353,-0.3765,-0.4019,-0.4277,-0.4535,-0.4793,-0.5043,-0.5288,-0.5525,-0.5743,-0.594,-0.6114,-0.6263,-0.6395,-0.6504,-0.6588,-0.6655,-0.6701,-0.6736,-0.6771,-0.6791,-0.6797,-0.6792,-0.677,-0.6741,-0.6702,-0.664,-0.6563,-0.6479,-0.6405,-0.6367,-0.6362,-0.638,-0.6413,-0.6444,-0.6468,-0.6487,-0.6492,-0.6481,-0.6465,-0.6453,-0.6465,-0.6507,-0.6569,-0.6639,-0.6701,-0.6749,-0.6788,-0.6823,-0.6857,-0.6893,-0.6929,-0.6965,-0.7004,-0.704,-0.7075,-0.7107,-0.7136,-0.7167,-0.7212,-0.7274,-0.7356,-0.7449,-0.7553,-0.7685,-0.7868,-0.8115,-0.8406,-0.868,-0.8871,-0.8952,-0.8939
-0.6454,-0.6191,-0.5954,-0.5715,-0.5475,-0.5208,-0.4918,-0.4672,-0.4456,-0.4253,-0.4106,-0.3962,-0.3799,-0.3681,-0.3558,-0.3408,-0.3283,-0.3127,-0.292,-0.2716,-0.2459,-0.2129,-0.177,-0.1332,-0.08099,-0.02518,0.03844,0.1123,0.1961,0.2986,0.426,0.5803,0.7679,0.9901,1.245,1.533,1.849,2.184,2.524,2.846,3.125,3.341,3.481,3.549,3.557,3.524,3.467,3.398,3.319,3.232,3.137,3.035,2.928,2.818,2.702,2.576,2.437,2.282,2.114,1.938,1.756,1.575,1.394,1.21,1.027,0.8466,0.6709,0.5087,0.3634,0.2326,0.1198,0.02157,-0.06845,-0.1446,-0.2074,-0.2608,-0.299,-0.3258,-0.3503,-0.3704,-0.3906,-0.4161,-0.4392,-0.4603,-0.4828,-0.5017,-0.52,-0.5418,-0.5605,-0.5759,-0.5901,-0.5986,-0.6041,-0.6108,-0.6153,-0.6184,-0.6219,-0.6229,-0.6232,-0.6259,-0.6287,-0.6318,-0.6358,-0.6382,-0.6392,-0.6408,-0.6422,-0.6438,-0.6468,-0.6497,-0.6522,-0.655,-0.657,-0.6577,-0.657,-0.652,-0.6404,-0.6202,-0.5887,-0.5452,-0.4909,-0.4274,-0.3579,-0.2867,-0.2168,-0.1512,-0.09271,-0.04212,-0.0006595,0.03069,0.0528,0.06655,0.07338,0.07622,0.07635,0.07372,0.06846,0.05926,0.0451,0.02695,0.005429,-0.01868,-0.04404,-0.07072,-0.09882,-0.1275,-0.1561,-0.1835,-0.2078,-0.2287,-0.2454,-0.2575,-0.2647,-0.2655,-0.2587,-0.2448,-0.2238,-0.1979,-0.1705,-0.1433,-0.1183,-0.09835,-0.08375,-0.07576,-0.07601,-0.08295,-0.09564,-0.1138,-0.1349,-0.1584,-0.1851,-0.2135,-0.2434,-0.2756,-0.3082,-0.3405,-0.3733,-0.4044,-0.4329,-0.4595,-0.4822,-0.5003,-0.5156,-0.5271,-0.5355,-0.543,-0.5489,-0.5535,-0.5583,-0.5617,-0.5638,-0.565,-0.5634,-0.5583,-0.5496,-0.5354,-0.5155,-0.4907,-0.4599,-0.4241,-0.3842,-0.3398,-0.2925,-0.2441,-0.1959,-0.1506,-0.1109,-0.07792,-0.05322,-0.0373,-0.02936,-0.02876,-0.03451,-0.04511,-0.05977,-0.07784,-0.09866,-0.1222,-0.1484,-0.1768,-0.2073,-0.2391,-0.2711,-0.3022,-0.3313,-0.3576,-0.3814,-0.4032,-0.4237,-0.4436,-0.4623,-0.4786,-0.4926,-0.5041,-0.5139,-0.5235,-0.5328,-0.5417,-0.5507,-0.559,-0.5669,-0.5753,-0.5833,-0.5904,-0.5975,-0.6041,-0.6108,-0.6184,-0.6253,-0.6303,-0.6337,-0.6351,-0.6355,-0.636,-0.6352,-0.6324,-0.6279,-0.6223,-0.6175,-0.615,-0.6148,-0.6172,-0.6236,-0.6357,-0.6544,-0.6775,-0.6996,-0.715,-0.7212,-0.7197
-0.4405,-0.4194,-0.4012,-0.3855,-0.3706,-0.3552,-0.3386,-0.3209,-0.303,-0.2864,-0.2724,-0.2614,-0.2532,-0.2469,-0.2421,-0.2378,-0.2337,-0.2297,-0.2262,-0.2235,-0.222,-0.2223,-0.2254,-0.2324,-0.2435,-0.2583,-0.2755,-0.293,-0.3081,-0.3184,-0.3231,-0.3235,-0.3215,-0.3198,-0.3205,-0.3249,-0.332,-0.3388,-0.3425,-0.3414,-0.3357,-0.3257,-0.3138,-0.3029,-0.2979,-0.2977,-0.3002,-0.3026,-0.3059,-0.3064,-0.3018,-0.2914,-0.2788,-0.2668,-0.255,-0.2436,-0.2337,-0.2285,-0.225,-0.222,-0.2183,-0.2177,-0.2173,-0.2166,-0.2152,-0.2157,-0.2182,-0.2217,-0.2255,-0.2294,-0.2334,-0.2342,-0.2289,-0.2146,-0.1895,-0.1486,-0.08727,-0.0007097,0.1148,0.264,0.4499,0.6735,0.9324,1.221,1.533,1.855,2.178,2.486,2.768,3.015,3.219,3.374,3.479,3.537,3.55,3.523,3.463,3.377,3.273,3.155,3.031,2.905,2.779,2.656,2.536,2.418,2.299,2.179,2.054,1.925,1.79,1.651,1.508,1.362,1.216,1.071,0.929,0.7923,0.6631,0.5431,0.4332,0.3334,0.2441,0.1641,0.092,0.02598,-0.03379,-0.08763,-0.1361,-0.1803,-0.2195,-0.2527,-0.2811,-0.3066,-0.331,-0.3511,-0.3681,-0.3833,-0.3996,-0.413,-0.4237,-0.4331,-0.4434,-0.4528,-0.4598,-0.4653,-0.4706,-0.476,-0.4792,-0.481,-0.4824,-0.4854,-0.487,-0.4874,-0.4873,-0.488,-0.4878,-0.4866,-0.485,-0.4842,-0.484,-0.4836,-0.4834,-0.4838,-0.4848,-0.4854,-0.4856,-0.4854,-0.4854,-0.485,-0.4844,-0.4838,-0.4837,-0.4839,-0.4844,-0.4852,-0.4864,-0.488,-0.4898,-0.4917,-0.4938,-0.4961,-0.4984,-0.5007,-0.5028,-0.5049,-0.507,-0.5091,-0.5112,-0.5133,-0.5152,-0.5168,-0.5179,-0.5184,-0.5185,-0.5184,-0.5183,-0.5183,-0.5187,-0.5195,-0.5203,-0.5211,-0.5216,-0.5218,-0.5216,-0.5211,-0.5206,-0.5203,-0.5203,-0.5207,-0.5213,-0.5221,-0.5226,-0.5227,-0.5222,-0.5213,-0.5201,-0.5188,-0.5174,-0.5159,-0.5138,-0.511,-0.5072,-0.5027,-0.4978,-0.493,-0.4887,-0.4848,-0.4806,-0.4753,-0.4682,-0.4588,-0.448,-0.4373,-0.4287,-0.424,-0.4244,-0.4294,-0.4379,-0.4479,-0.4573,-0.4651,-0.4713,-0.4769,-0.4833,-0.4915,-0.5017,-0.5131,-0.5236,-0.5314,-0.5345,-0.5323,-0.5251,-0.5143,-0.5019,-0.4902,-0.4808,-0.4751,-0.4736,-0.476,-0.4818,-0.4899,-0.4991,-0.5082,-0.5162,-0.5224,-0.5265,-0.5286,-0.5293,-0.5291
-0.8666,-0.8426,-0.8068,-0.7755,-0.7538,-0.7384,-0.7285,-0.7249,-0.7258,-0.7286,-0.7318,-0.734,-0.7356,-0.7379,-0.7412,-0.7443,-0.7475,-0.7513,-0.7545,-0.756,-0.7556,-0.7535,-0.7486,-0.743,-0.7401,-0.7399,-0.7408,-0.7419,-0.7457,-0.7505,-0.7549,-0.7577,-0.7606,-0.7628,-0.7617,-0.7574,-0.752,-0.7467,-0.7352,-0.7143,-0.6833,-0.6466,-0.6069,-0.5674,-0.5322,-0.5013,-0.4767,-0.4552,-0.4384,-0.4232,-0.4109,-0.3985,-0.38,-0.3496,-0.307,-0.2581,-0.2022,-0.1349,-0.0458,0.06898,0.1981,0.3124,0.3826,0.4058,0.3885,0.3496,0.2921,0.2272,0.1505,0.06344,-0.02687,-0.1042,-0.1475,-0.1636,-0.1439,-0.08881,0.0354,0.2474,0.5517,0.9089,1.25,1.534,1.78,2.076,2.466,2.929,3.397,3.816,4.13,4.288,4.284,4.16,3.984,3.792,3.582,3.342,3.071,2.785,2.484,2.163,1.816,1.463,1.124,0.8109,0.5262,0.2636,0.03503,-0.1614,-0.312,-0.4304,-0.5096,-0.5647,-0.6031,-0.6306,-0.6519,-0.6649,-0.6821,-0.6969,-0.7119,-0.7137,-0.7041,-0.6739,-0.6081,-0.4918,-0.3277,-0.1466,0.01774,0.1391,0.2197,0.2639,0.2825,0.2773,0.2498,0.2002,0.1393,0.08991,0.06583,0.06467,0.07288,0.09125,0.1319,0.2064,0.3138,0.4365,0.5469,0.6112,0.6135,0.5607,0.4807,0.3973,0.3133,0.2209,0.1123,-0.003777,-0.1186,-0.2211,-0.3102,-0.3842,-0.4436,-0.489,-0.521,-0.5463,-0.5665,-0.5864,-0.5971,-0.5999,-0.5937,-0.5763,-0.5423,-0.4923,-0.4375,-0.3804,-0.3209,-0.2505,-0.1701,-0.08344,-0.00182,0.06743,0.125,0.1722,0.2057,0.219,0.216,0.2026,0.181,0.1467,0.09826,0.04089,-0.01863,-0.07467,-0.1304,-0.1863,-0.2419,-0.2906,-0.3305,-0.364,-0.3921,-0.4168,-0.4336,-0.4452,-0.4455,-0.439,-0.4265,-0.4103,-0.3873,-0.3542,-0.3138,-0.2665,-0.2154,-0.1512,-0.06414,0.05594,0.2008,0.3419,0.4443,0.4907,0.4925,0.4671,0.4258,0.3698,0.3047,0.2363,0.1666,0.09544,0.02113,-0.05568,-0.134,-0.2047,-0.2637,-0.31,-0.3443,-0.368,-0.3835,-0.3979,-0.4089,-0.4193,-0.4276,-0.4375,-0.4466,-0.4543,-0.4627,-0.4699,-0.4746,-0.4728,-0.4703,-0.4686,-0.4696,-0.47,-0.4681,-0.4645,-0.4604,-0.4569,-0.4526,-0.4478,-0.4429,-0.4383,-0.4326,-0.427,-0.4237,-0.4203,-0.4197,-0.4298,-0.4527,-0.4839,-0.5314,-0.5985,-0.6576,-0.6898,-0.7274,-0.7998
-0.7461,-0.7341,-0.7184,-0.7077,-0.6997,-0.6915,-0.6833,-0.6749,-0.666,-0.6571,-0.6517,-0.6449,-0.6352,-0.6217,-0.6039,-0.5762,-0.5331,-0.4743,-0.3996,-0.3145,-0.2241,-0.1326,-0.03904,0.05763,0.1511,0.2284,0.2738,0.2808,0.2539,0.2088,0.161,0.1163,0.07058,0.01481,-0.0502,-0.121,-0.1893,-0.2498,-0.2975,-0.3296,-0.3518,-0.3638,-0.3711,-0.3641,-0.3372,-0.2862,-0.2191,-0.1487,-0.06768,0.01084,0.09159,0.1648,0.2502,0.347,0.455,0.5789,0.7198,0.8866,1.095,1.391,1.802,2.325,2.927,3.552,4.118,4.536,4.763,4.811,4.708,4.468,4.107,3.675,3.228,2.801,2.405,2.045,1.702,1.349,1,0.6866,0.431,0.2222,0.05903,-0.06352,-0.1603,-0.2304,-0.2804,-0.3061,-0.3306,-0.3466,-0.3558,-0.3575,-0.3578,-0.3639,-0.374,-0.3942,-0.4158,-0.4402,-0.4614,-0.4839,-0.5049,-0.5203,-0.5288,-0.5299,-0.5196,-0.4794,-0.4004,-0.2847,-0.1429,0.01242,0.1629,0.2884,0.3861,0.4583,0.5083,0.5284,0.5171,0.4784,0.4214,0.3567,0.2905,0.2289,0.1699,0.1162,0.0762,0.06424,0.09114,0.1577,0.2569,0.363,0.4448,0.4822,0.4778,0.4468,0.3986,0.3419,0.2733,0.191,0.09553,-0.0008777,-0.08748,-0.1631,-0.2266,-0.2784,-0.3164,-0.346,-0.3704,-0.3904,-0.4054,-0.4143,-0.4234,-0.4338,-0.4475,-0.4575,-0.4664,-0.4763,-0.4861,-0.4925,-0.4952,-0.5002,-0.5047,-0.5069,-0.5047,-0.5024,-0.4982,-0.4857,-0.4586,-0.413,-0.35,-0.2711,-0.186,-0.1059,-0.03776,0.01648,0.05497,0.0779,0.09399,0.11,0.1222,0.1191,0.09112,0.03673,-0.03928,-0.1245,-0.2066,-0.2775,-0.3379,-0.3919,-0.4418,-0.4891,-0.533,-0.5737,-0.6054,-0.6265,-0.638,-0.6434,-0.6446,-0.6406,-0.6329,-0.6201,-0.6082,-0.5991,-0.5931,-0.5847,-0.5745,-0.5655,-0.5545,-0.5379,-0.5133,-0.4804,-0.4348,-0.3783,-0.3192,-0.2651,-0.2201,-0.1878,-0.1699,-0.1613,-0.1593,-0.1656,-0.1827,-0.2102,-0.2457,-0.2848,-0.3176,-0.3392,-0.3505,-0.3534,-0.3479,-0.3424,-0.3582,-0.4052,-0.4655,-0.5032,-0.5064,-0.4998,-0.5091,-0.5218,-0.5017,-0.4521,-0.4147,-0.4122,-0.4207,-0.4185,-0.4148,-0.4173,-0.4177,-0.412,-0.4126,-0.4245,-0.4395,-0.4502,-0.4594,-0.4745,-0.4989,-0.5323,-0.5707,-0.6099,-0.6437,-0.6662,-0.6779,-0.6838,-0.6892,-0.6934,-0.6945,-0.6893,-0.6775,-0.67,-0.6833,-0.7174
-0.8436,-0.8394,-0.8461,-0.8142,-0.766,-0.7724,-0.8131,-0.8317,-0.8417,-0.8567,-0.8614,-0.8629,-0.868,-0.87,-0.8716,-0.8747,-0.8746,-0.8732,-0.8741,-0.8746,-0.8727,-0.8714,-0.8703,-0.867,-0.8637,-0.8614,-0.8591,-0.8578,-0.8575,-0.8562,-0.8551,-0.8536,-0.8515,-0.8502,-0.8469,-0.8442,-0.8415,-0.8328,-0.8225,-0.8136,-0.797,-0.7574,-0.6571,-0.4176,0.01679,0.586,1.137,1.535,1.719,1.712,1.585,1.409,1.23,1.068,0.9033,0.7129,0.5092,0.3161,0.1478,0.01334,-0.0895,-0.1762,-0.2596,-0.3295,-0.3772,-0.4142,-0.4493,-0.4793,-0.5016,-0.5173,-0.5264,-0.5314,-0.5353,-0.5355,-0.5344,-0.5379,-0.5401,-0.5412,-0.5479,-0.549,-0.5361,-0.5198,-0.5053,-0.4746,-0.3862,-0.163,0.2743,0.8992,1.569,2.161,2.658,3.085,3.45,3.718,3.853,3.854,3.752,3.59,3.394,3.161,2.886,2.586,2.292,2.031,1.81,1.631,1.485,1.359,1.258,1.194,1.151,1.105,1.054,0.9986,0.9308,0.8529,0.7888,0.7632,0.7828,0.8206,0.8249,0.7626,0.6422,0.5029,0.377,0.2588,0.1286,-0.01011,-0.1365,-0.2364,-0.3023,-0.3175,-0.2596,-0.1207,0.08629,0.336,0.5936,0.8191,0.976,1.05,1.053,1.018,0.969,0.9126,0.8567,0.8153,0.7862,0.7485,0.6797,0.5663,0.42,0.2761,0.1512,0.03172,-0.0908,-0.2123,-0.3279,-0.4244,-0.4919,-0.5363,-0.562,-0.5731,-0.5786,-0.5782,-0.5708,-0.5655,-0.5642,-0.5611,-0.5562,-0.556,-0.5638,-0.5748,-0.5876,-0.607,-0.6307,-0.6493,-0.6598,-0.6643,-0.6643,-0.6649,-0.6681,-0.6704,-0.6686,-0.6595,-0.6296,-0.5614,-0.4425,-0.2729,-0.08325,0.07032,0.1558,0.184,0.1736,0.1365,0.07984,0.005414,-0.07908,-0.1585,-0.2256,-0.2826,-0.3344,-0.387,-0.4399,-0.485,-0.5204,-0.5501,-0.5736,-0.5904,-0.6062,-0.6229,-0.6311,-0.6268,-0.6189,-0.6068,-0.578,-0.5283,-0.4546,-0.3512,-0.2285,-0.1124,-0.02932,0.002252,-0.01262,-0.05403,-0.1113,-0.1727,-0.2239,-0.2668,-0.3113,-0.3644,-0.4277,-0.4855,-0.5232,-0.5453,-0.5578,-0.5601,-0.5526,-0.5312,-0.4941,-0.4531,-0.4219,-0.4039,-0.3959,-0.3928,-0.391,-0.3907,-0.3941,-0.3979,-0.3995,-0.4013,-0.4013,-0.3955,-0.3868,-0.3791,-0.374,-0.3767,-0.3899,-0.4052,-0.4151,-0.4242,-0.437,-0.4511,-0.4659,-0.4852,-0.5109,-0.5521,-0.62,-0.6986,-0.7684,-0.8323
-0.5946,-0.3991,-0.1352,0.2584,0.8014,1.441,2.089,2.669,3.133,3.466,3.677,3.802,3.876,3.918,3.927,3.889,3.785,3.597,3.323,2.989,2.638,2.305,1.998,1.7,1.393,1.073,0.7606,0.4754,0.2347,0.03641,-0.1227,-0.2483,-0.3459,-0.4154,-0.4696,-0.5016,-0.5226,-0.522,-0.5094,-0.4782,-0.4339,-0.3738,-0.3004,-0.2201,-0.1347,-0.05382,0.02555,0.09473,0.1548,0.1985,0.2277,0.2442,0.252,0.2525,0.2434,0.2234,0.1906,0.1491,0.1029,0.05828,0.01533,-0.02786,-0.07368,-0.1197,-0.1615,-0.1979,-0.2313,-0.2666,-0.3024,-0.3381,-0.3692,-0.3984,-0.4255,-0.4537,-0.4812,-0.5066,-0.5279,-0.5426,-0.5548,-0.5631,-0.5728,-0.5781,-0.5821,-0.5849,-0.5897,-0.5954,-0.5982,-0.5996,-0.5995,-0.6027,-0.6033,-0.6023,-0.5912,-0.5666,-0.515,-0.4244,-0.2907,-0.1201,0.06607,0.2466,0.3962,0.5046,0.5678,0.5996,0.6132,0.6213,0.628,0.6344,0.6422,0.6554,0.6814,0.726,0.7915,0.8691,0.9426,0.9912,1.001,0.9687,0.9023,0.8142,0.7167,0.6153,0.5114,0.4041,0.2894,0.1696,0.04414,-0.07816,-0.1939,-0.2965,-0.3878,-0.4677,-0.5385,-0.6006,-0.6527,-0.6966,-0.7307,-0.76,-0.782,-0.8007,-0.813,-0.8224,-0.8289,-0.8352,-0.8414,-0.8457,-0.8481,-0.846,-0.8422,-0.8345,-0.825,-0.812,-0.798,-0.7863,-0.7803,-0.7838,-0.794,-0.8112,-0.8296,-0.8494,-0.8665,-0.8801,-0.8891,-0.8931,-0.8949,-0.8947,-0.8944,-0.8887,-0.8709,-0.8269,-0.7449,-0.616,-0.4447,-0.2485,-0.05379,0.1133,0.2374,0.3172,0.363,0.3871,0.3984,0.3977,0.3823,0.3499,0.3027,0.2452,0.1815,0.1135,0.04182,-0.03336,-0.1122,-0.194,-0.2762,-0.3541,-0.4248,-0.4863,-0.5392,-0.5808,-0.6121,-0.6362,-0.658,-0.6812,-0.7012,-0.7203,-0.7358,-0.7539,-0.7705,-0.785,-0.7949,-0.8026,-0.8099,-0.8144,-0.816,-0.8112,-0.8028,-0.7843,-0.7501,-0.6882,-0.5946,-0.4732,-0.3372,-0.2034,-0.08347,0.0145,0.09112,0.1469,0.1864,0.2097,0.2183,0.2153,0.2071,0.1996,0.1929,0.1837,0.1679,0.1475,0.126,0.107,0.09073,0.07665,0.06204,0.04401,0.0193,-0.01251,-0.05113,-0.09591,-0.146,-0.2,-0.2528,-0.3038,-0.351,-0.3976,-0.4397,-0.4763,-0.5061,-0.532,-0.5538,-0.5705,-0.5852,-0.6007,-0.6176,-0.6286,-0.637,-0.6504,-0.672,-0.6884,-0.694,-0.7078,-0.7557,-0.832
-0.8844,-0.8671,-0.8476,-0.8397,-0.8404,-0.8415,-0.8414,-0.8399,-0.8368,-0.8343,-0.8343,-0.8342,-0.8317,-0.8284,-0.8264,-0.8246,-0.8222,-0.8197,-0.8146,-0.8033,-0.7913,-0.7886,-0.7939,-0.8013,-0.8074,-0.8139,-0.8174,-0.8139,-0.8045,-0.7861,-0.7725,-0.7715,-0.7772,-0.7744,-0.7447,-0.6925,-0.6118,-0.5055,-0.3827,-0.2441,-0.09787,0.07144,0.2725,0.5306,0.8746,1.297,1.751,2.162,2.484,2.721,2.915,3.119,3.353,3.599,3.825,3.977,3.992,3.816,3.457,2.989,2.509,2.089,1.737,1.418,1.098,0.7695,0.4689,0.2127,0.003904,-0.147,-0.2361,-0.2681,-0.2737,-0.2599,-0.2256,-0.185,-0.1366,-0.08966,-0.04315,-0.005338,0.01607,0.02241,0.008119,-0.02235,-0.06873,-0.1265,-0.1857,-0.2405,-0.2913,-0.3469,-0.408,-0.4601,-0.4926,-0.509,-0.523,-0.5399,-0.5579,-0.5776,-0.5955,-0.6125,-0.6281,-0.6423,-0.6566,-0.6709,-0.688,-0.6984,-0.7053,-0.7136,-0.7209,-0.7262,-0.7271,-0.7311,-0.7305,-0.7092,-0.6461,-0.5128,-0.2982,-0.01624,0.2869,0.5633,0.7937,0.978,1.119,1.204,1.22,1.178,1.105,1.031,0.9613,0.8874,0.8134,0.7524,0.7108,0.6779,0.6336,0.5622,0.4585,0.3337,0.1963,0.05166,-0.08244,-0.192,-0.2696,-0.3299,-0.3866,-0.4405,-0.4896,-0.5246,-0.5489,-0.5662,-0.5774,-0.5851,-0.5875,-0.5883,-0.5816,-0.5648,-0.5459,-0.5346,-0.5351,-0.5365,-0.5339,-0.5265,-0.5082,-0.4733,-0.4202,-0.3595,-0.2969,-0.2376,-0.1961,-0.1829,-0.1926,-0.2028,-0.2048,-0.2024,-0.1933,-0.1791,-0.1625,-0.1374,-0.09902,-0.0563,-0.01163,0.04841,0.1134,0.1524,0.1602,0.148,0.112,0.04122,-0.05486,-0.1565,-0.2556,-0.345,-0.4196,-0.4768,-0.5156,-0.54,-0.555,-0.5693,-0.585,-0.5963,-0.6024,-0.607,-0.6191,-0.6368,-0.6539,-0.669,-0.6769,-0.6782,-0.6661,-0.6424,-0.6109,-0.5769,-0.5512,-0.5314,-0.522,-0.5175,-0.5041,-0.4642,-0.3681,-0.1965,0.05024,0.3363,0.6231,0.9066,1.185,1.429,1.586,1.628,1.573,1.464,1.343,1.229,1.128,1.048,0.9873,0.9381,0.8981,0.8617,0.8105,0.7299,0.6295,0.5157,0.3806,0.234,0.08426,-0.064,-0.208,-0.3295,-0.4112,-0.4659,-0.5044,-0.5346,-0.5584,-0.5765,-0.5973,-0.6224,-0.6533,-0.6849,-0.7114,-0.7342,-0.7517,-0.7641,-0.7678,-0.7633,-0.759,-0.7623,-0.776,-0.7975,-0.8276,-0.862
-0.7142,-0.7087,-0.6996,-0.6877,-0.6734,-0.6534,-0.6234,-0.579,-0.517,-0.4371,-0.3427,-0.2404,-0.1404,-0.05287,0.01485,0.06077,0.08842,0.1033,0.1094,0.1075,0.09597,0.07349,0.04108,0.001509,-0.04136,-0.08439,-0.1261,-0.1664,-0.2064,-0.2476,-0.2909,-0.3357,-0.3802,-0.4216,-0.4583,-0.4896,-0.5161,-0.539,-0.5583,-0.5747,-0.5882,-0.5984,-0.6069,-0.6129,-0.6159,-0.6181,-0.618,-0.6164,-0.6156,-0.6138,-0.6118,-0.6102,-0.6074,-0.6054,-0.6041,-0.6026,-0.6022,-0.6006,-0.5968,-0.5923,-0.5858,-0.5774,-0.5663,-0.549,-0.5236,-0.4887,-0.4434,-0.3895,-0.3281,-0.2611,-0.1923,-0.1252,-0.06403,-0.01224,0.02899,0.05961,0.08098,0.09521,0.104,0.1095,0.1133,0.1155,0.1158,0.1118,0.1009,0.08138,0.05249,0.01566,-0.02628,-0.07081,-0.1155,-0.1595,-0.2029,-0.2455,-0.2874,-0.3282,-0.3666,-0.4022,-0.4338,-0.4605,-0.4836,-0.5026,-0.5189,-0.5343,-0.5475,-0.5591,-0.5689,-0.5757,-0.5813,-0.5853,-0.5876,-0.59,-0.5907,-0.5887,-0.5866,-0.5815,-0.5743,-0.568,-0.5595,-0.5513,-0.5451,-0.5374,-0.5325,-0.5292,-0.5234,-0.5219,-0.519,-0.5133,-0.5102,-0.5039,-0.4952,-0.4859,-0.4676,-0.4407,-0.3991,-0.3318,-0.2401,-0.1172,0.0353,0.2044,0.3875,0.582,0.7914,1.029,1.296,1.586,1.883,2.16,2.402,2.599,2.752,2.874,2.973,3.058,3.134,3.203,3.263,3.312,3.344,3.354,3.337,3.289,3.211,3.107,2.979,2.835,2.675,2.503,2.323,2.132,1.937,1.739,1.54,1.349,1.168,1.002,0.8523,0.7141,0.5885,0.4726,0.3599,0.2572,0.1628,0.07646,0.005537,-0.0538,-0.0991,-0.1283,-0.1481,-0.1557,-0.1545,-0.1534,-0.1486,-0.1451,-0.1455,-0.1445,-0.1461,-0.1496,-0.1541,-0.1643,-0.1769,-0.1908,-0.2078,-0.2241,-0.2416,-0.2621,-0.2832,-0.3061,-0.3301,-0.3537,-0.3782,-0.4021,-0.4243,-0.4456,-0.4645,-0.4817,-0.4983,-0.5132,-0.527,-0.5395,-0.5502,-0.5602,-0.569,-0.5758,-0.5818,-0.5859,-0.5886,-0.591,-0.592,-0.5925,-0.593,-0.5936,-0.5948,-0.596,-0.5958,-0.5945,-0.5916,-0.5877,-0.5829,-0.576,-0.5663,-0.5539,-0.5393,-0.524,-0.5081,-0.4912,-0.4731,-0.4537,-0.4343,-0.4164,-0.4008,-0.3883,-0.3795,-0.3751,-0.3762,-0.3834,-0.3966,-0.4164,-0.4423,-0.4738,-0.5092,-0.5458,-0.5814,-0.6145,-0.6445,-0.6708,-0.692,-0.7063,-0.7136,-0.7152
-0.7568,-0.7433,-0.7399,-0.723,-0.7091,-0.6993,-0.6905,-0.6904,-0.6863,-0.6599,-0.5819,-0.402,-0.1204,0.2117,0.5581,0.9002,1.224,1.536,1.853,2.176,2.498,2.873,3.367,3.925,4.354,4.499,4.374,4.118,3.85,3.582,3.284,2.956,2.592,2.152,1.644,1.14,0.69,0.3,-0.002935,-0.2108,-0.36,-0.4696,-0.5366,-0.5754,-0.5867,-0.5565,-0.4957,-0.4171,-0.3124,-0.1805,-0.0248,0.1593,0.3478,0.4959,0.5992,0.6831,0.7471,0.7678,0.7366,0.6656,0.562,0.4145,0.2175,-0.000533,-0.1937,-0.341,-0.4492,-0.5264,-0.5819,-0.6294,-0.6708,-0.7025,-0.7313,-0.7601,-0.7796,-0.7873,-0.7917,-0.793,-0.7895,-0.7916,-0.7974,-0.792,-0.776,-0.7549,-0.7186,-0.6681,-0.6241,-0.5944,-0.5728,-0.5589,-0.5523,-0.5511,-0.5583,-0.5726,-0.5873,-0.5972,-0.6022,-0.6045,-0.5974,-0.5692,-0.5093,-0.4069,-0.2644,-0.1068,0.04772,0.2111,0.3966,0.5876,0.7503,0.8522,0.8699,0.812,0.7228,0.6436,0.5794,0.5188,0.4633,0.4176,0.3831,0.3736,0.4102,0.4975,0.6162,0.7475,0.8743,0.9446,0.9007,0.7585,0.5932,0.4436,0.2807,0.08014,-0.1246,-0.286,-0.3994,-0.4834,-0.5457,-0.5905,-0.6207,-0.628,-0.6155,-0.6,-0.5837,-0.5683,-0.5653,-0.5744,-0.5893,-0.6093,-0.6323,-0.6574,-0.6843,-0.7067,-0.7243,-0.7415,-0.7541,-0.7625,-0.7733,-0.7863,-0.7976,-0.806,-0.8122,-0.814,-0.8061,-0.7708,-0.6553,-0.4007,-0.0202,0.3807,0.6736,0.8042,0.8307,0.8288,0.7965,0.7078,0.5813,0.4483,0.3195,0.1894,0.04946,-0.09333,-0.2195,-0.3213,-0.4036,-0.4719,-0.5275,-0.5748,-0.6194,-0.6574,-0.6872,-0.7102,-0.7206,-0.7247,-0.7346,-0.7426,-0.7462,-0.7536,-0.7606,-0.7616,-0.7566,-0.742,-0.719,-0.6851,-0.6166,-0.4827,-0.2723,-0.01739,0.2132,0.3641,0.4345,0.4591,0.4608,0.4363,0.3803,0.3013,0.2137,0.1193,0.003398,-0.1394,-0.2841,-0.3987,-0.475,-0.5235,-0.5602,-0.5906,-0.6026,-0.5897,-0.5587,-0.5133,-0.4607,-0.4101,-0.3598,-0.3106,-0.2709,-0.2418,-0.2245,-0.2224,-0.2326,-0.253,-0.2823,-0.3099,-0.3293,-0.3451,-0.3563,-0.353,-0.3362,-0.318,-0.2998,-0.272,-0.2353,-0.2038,-0.1876,-0.1822,-0.1737,-0.1571,-0.148,-0.1608,-0.1848,-0.2015,-0.2143,-0.233,-0.2526,-0.2724,-0.3017,-0.3431,-0.4019,-0.4857,-0.586,-0.6898,-0.7751,-0.8132
