-0.023055,-0.20854,-0.38969,-0.43043,-0.58499,-0.82848,-0.90674,-0.84052,-0.54762,-0.4913,-0.6049,-0.72803,-0.61838,-0.54864,-0.51284,-0.57796,-0.69863,-0.67893,-0.61286,-0.58027,-0.76202,-0.91544,-0.84616,-0.74108,-0.57986,-0.52406,-0.57228,-0.63307,-0.66678,-0.70031,-0.62071,-0.56636,-0.57049,-0.5738,-0.58745,-0.61381,-0.63036,-0.671,-0.64004,-0.6256,-0.60781,-0.62704,-0.6496,-0.60618,-0.57766,-0.58397,-0.56139,-0.55715,-0.58024,-0.50634,-0.43993,-0.41868,-0.47125,-0.45545,-0.44455,-0.39536,-0.37632,-0.3793,-0.40994,-0.37772,-0.34616,-0.25713,-0.20103,-0.17757,0.00030152,-0.10275,-0.15665,-0.14402,-0.20103,-0.36487,-0.58587,-0.72925,-0.719,-0.72458,-0.78584,-0.75899,-0.64057,-0.44645,-0.2041,0.031393,0.265,0.47386,0.64407,0.74101,0.83031,0.91447,0.93761,0.90197,0.90076,0.91342,0.86421,0.79477,0.72458,0.64408,0.66726,0.71816,0.67357,0.67539,0.4563,0.38566,0.34501,0.35515,0.44376,0.37925,0.30499,0.37148,0.43344,0.47043,0.49118,0.62791,0.77043,0.83203,1.1016,1.5188,1.899,2.2334,2.5309,2.7345,2.9235,3.0847,3.2211,3.291,3.2739,3.1818,3.0052,2.813,2.6657,2.441,2.0075,1.7727,1.5462,1.267,1.0742,0.79242,0.46154,0.21191,0.1039,-0.080045,-0.32533,-0.48123,-0.608,-0.61388,-0.63671,-0.6754,-0.58438,-0.55179,-0.64201,-0.59941,-0.56349,-0.58387,-0.55718,-0.61545,-0.54708,-0.53068,-0.64709,-0.60829,-0.56995,-0.53556,-0.57925,-0.67267,-0.68444,-0.6634,-0.68771,-0.64484,-0.64418,-0.6596,-0.54723,-0.5576,-0.61951,-0.63018,-0.60034,-0.55973,-0.58981,-0.64158,-0.62975,-0.53652,-0.56162,-0.61121,-0.62277,-0.63104,-0.66277,-0.61412,-0.5603,-0.54419,-0.55083,-0.53821,-0.52296,-0.31822,-0.41339,-0.44308,-0.45723,-0.4762,-0.36232,-0.25896,-0.26964,-0.22971,-0.19804,-0.1198,-0.092987,-0.079031,-0.072208,-0.085966,-0.1559,-0.29205,-0.50929,-0.62364,-0.71007,-0.80194,-0.89668,-0.98757,-0.85172,-0.67259,-0.50552,-0.27536,-0.028972,0.19392,0.56529,0.73495,0.86539,0.93742,0.96979,1.0366,1.0973,0.92304,0.88506,1.042,0.76409,0.63836,0.59807,0.55518,0.47413,0.44671,0.46536,0.44785,0.4598,0.4802,0.5082,0.61429,0.39816,-0.09357,-0.71489,0.34239,0.34979,0.39649,0.4317,0.4418,0.50311,0.59081,0.72346,0.89893,1.0519,1.2891,1.626,1.9129,2.2282,2.5838,2.8928,3.0829,3.1837,3.2605,3.1484,2.9336,2.5978,2.1855,1.7502,1.5113,0.97056,0.59901,0.62098,0.3096,-0.0058055,-0.079883,-0.19225,-0.25246,-0.47366,-0.67675,-0.77872,-0.82216,-0.81201,-0.78209,-0.8023,-0.81834,-0.80489,-0.80216,-0.83425,-0.81193,-0.79797,-0.85061,-0.87944,-0.85305,-0.81686,-0.84644,-0.8629,-0.83628,-0.83352,-0.88075,-0.8695,-0.8365,-0.859,-0.86063,-0.82333,-0.84635,-0.84924,-0.72878,-0.74001,-0.77824,-0.76251,-0.74839,-0.7752,-0.74214,-0.72136,-0.72883,-1.0051,-1.0878,-1.0917,-0.94069,-0.96022,-0.95597,-0.95819,-0.87102,-0.80935,-0.70078,-0.62118,-0.55487,-0.46999,-0.25991,-0.17175,-0.23365,-0.34903,-0.3279,-0.22992,-0.13412,-0.16399,-0.23683,-0.29206,-0.2917,-0.23102,-0.37259,-0.53953,-0.58464,-0.64911,-0.73123,-0.80817
-0.64691,-0.58459,-0.4934,-0.53298,-0.64625,-0.83653,-1.0558,-1.194,-1.3052,-1.3437,-1.2573,-1.2886,-1.0527,-0.91044,-0.77096,-0.49178,-0.30148,-0.21947,-0.27923,0.0017491,0.24211,0.19569,0.15013,0.15556,0.20923,0.19527,0.09752,-0.037305,-0.15282,-0.20146,-0.23487,-0.16755,0.061558,0.27478,0.36211,0.32124,0.25546,0.21999,0.26443,0.38551,0.49892,0.62811,0.79669,0.99711,1.2548,1.5505,1.8653,2.1597,2.3885,2.607,2.835,2.9533,2.8886,2.6811,2.4667,2.2896,2.0401,1.7137,1.4782,1.3387,1.1701,1.0047,0.87769,0.70607,0.57917,0.47209,0.30869,0.17665,0.12719,0.10496,0.036001,-0.058023,-0.15334,-0.26466,-0.38762,-0.48649,-0.55946,-0.57128,-0.57842,-0.58746,-0.58044,-0.56604,-0.56989,-0.59826,-0.61821,-0.62602,-0.635,-0.59793,-0.61304,-0.62858,-0.62475,-0.61373,-0.61178,-0.55318,-0.64562,-0.63812,-0.62408,-0.63623,-0.64771,-0.62228,-0.61828,-0.59495,-0.51748,-0.43359,-0.38868,-0.36476,-0.32993,-0.24629,-0.17626,-0.19306,-0.20922,-0.12399,-0.10731,-0.12956,-0.13746,-0.14176,-0.12757,-0.20938,-0.3748,-0.7258,-1.03,-1.1756,-1.2216,-1.1576,-1.018,-0.83037,-0.66836,-0.55627,-0.42966,-0.26435,-0.027937,0.1707,0.24131,0.28028,0.32588,0.38227,0.44963,0.45566,0.43484,0.44635,0.47669,0.44804,0.40199,0.39575,0.35707,0.28721,0.26618,0.2929,0.29556,0.3104,0.35633,0.37441,0.27707,0.26771,0.47642,0.67837,0.86982,1.0831,1.285,1.5222,1.7524,1.9753,2.2613,2.5272,2.709,2.8309,2.8214,2.5171,2.2543,2.0047,1.7139,1.4571,1.217,1.0185,0.8543,0.70187,0.5638,0.31138,-0.040506,-0.17439,-0.18985,-0.2734,-0.42113,-0.53989,-0.56476,-0.6209,-0.71174,-0.77378,-0.81182,-0.83871,-0.85653,-0.82158,-0.81237,-0.83685,-0.84121,-0.86226,-0.84683,-0.82251,-0.8375,-0.86244,-0.86126,-0.88867,-0.90047,-0.88949,-0.89496,-0.91673,-0.89582,-0.89641,-0.91289,-0.92054,-0.91394,-0.91399,-0.90534,-0.89654,-0.90769,-0.89413,-0.8664,-0.85914,-0.84406,-0.83356,-0.84138,-0.77819,-0.66836,-0.65256,-0.65244,-0.58197,-0.56394,-0.51166,-0.48103,-0.452,-0.37055,-0.31798,-0.4008,-0.49284,-0.65583,-0.7582,-0.84747,-0.96572,-1.0902,-1.2073,-1.2773,-1.2379,-1.0958,-0.953,-0.84494,-0.73332,-0.64213,-0.5449,-0.43252,-0.38027,-0.35342,-0.29336,-0.24593,-0.20134,-0.14566,-0.20701,-0.33718,-0.34062,-0.26025,-0.17978,-0.17412,-0.22874,-0.26352,-0.23824,-0.15221,-0.09506,-0.012239,0.087752,0.10867,0.12988,0.21519,0.3546,0.52522,0.72553,1.0392,1.3661,1.7,2.0796,2.4479,2.7512,2.8715,2.9225,2.8582,2.6395,2.3446,2.0528,1.7731,1.5083,1.2439,0.97272,0.70192,0.4016,0.14425,-0.059879,-0.19642,-0.3043,-0.45385,-0.64556,-0.80809,-0.90014,-0.94783,-0.98874,-1.0166,-1.0478,-1.0376,-0.94408,-0.8973,-0.64691,-0.58459,-0.4934,-0.53298,-0.64625,-0.83653,-1.0558,-1.194,-1.3052,-1.3437,-1.2573,-1.2886,-1.0527,-0.91044,-0.77096,-0.49178,-0.30148,-0.21947,-0.27923,0.0017491,0.24211,0.19569,0.15013,0.15556,0.20923,0.19527,0.09752,-0.037305,-0.15282,-0.20146,-0.23487,-0.16755,0.061558,0.27478,0.36211,0.32124
-0.44913,-0.4572,-0.45224,-0.45918,-0.45857,-0.45048,-0.45316,-0.46246,-0.46802,-0.45959,-0.44811,-0.45034,-0.46435,-0.4737,-0.4527,-0.44809,-0.4685,-0.48612,-0.49426,-0.498,-0.4823,-0.48087,-0.48426,-0.48066,-0.47563,-0.4894,-0.49503,-0.50068,-0.50532,-0.51834,-0.5152,-0.5089,-0.51704,-0.52182,-0.51757,-0.50537,-0.50064,-0.51141,-0.53472,-0.53168,-0.53144,-0.52578,-0.52784,-0.51764,-0.52711,-0.53982,-0.53823,-0.53745,-0.54216,-0.53878,-0.5396,-0.54468,-0.55767,-0.56376,-0.56509,-0.55775,-0.54654,-0.55197,-0.56473,-0.55784,-0.55349,-0.55823,-0.56197,-0.55883,-0.56688,-0.56664,-0.56412,-0.54999,-0.53252,-0.52289,-0.52438,-0.55352,-0.57652,-0.58514,-0.55946,-0.56352,-0.58403,-0.60505,-0.60619,-0.60331,-0.61493,-0.62793,-0.64767,-0.65339,-0.62525,-0.60778,-0.61614,-0.63979,-0.6739,-0.67571,-0.67344,-0.68917,-0.67047,-0.65315,-0.66006,-0.66245,-0.65796,-0.66936,-0.70234,-0.68659,-0.66103,-0.67987,-0.67168,-0.6497,-0.62868,-0.61631,-0.59058,-0.62525,-0.63614,-0.61085,-0.56618,-0.58961,-0.68371,-0.70676,-0.65552,-0.61283,-0.63689,-0.67596,-0.69707,-0.72517,-0.72623,-0.72186,-0.7227,-0.71074,-0.67721,-0.65407,-0.6466,-0.62414,-0.62155,-0.60918,-0.6066,-0.59949,-0.59517,-0.60988,-0.62148,-0.62701,-0.64254,-0.60507,-0.57009,-0.55987,-0.56231,-0.54352,-0.5404,-0.55487,-0.54504,-0.50822,-0.49544,-0.53095,-0.53745,-0.53134,-0.52917,-0.50622,-0.48355,-0.46916,-0.4765,-0.47138,-0.44756,-0.45051,-0.44695,-0.41335,-0.39781,-0.36225,-0.34597,-0.36133,-0.33164,-0.30473,-0.26651,-0.21464,-0.15862,-0.082857,-0.0047026,0.055888,0.10551,0.13201,0.12549,0.13414,0.18272,0.1294,0.069224,0.047142,0.040112,0.016219,0.0091646,0.026366,0.030159,0.021147,0.047094,0.1195,0.15726,0.17045,0.17535,0.1677,0.19316,0.21287,0.22814,0.26547,0.36437,0.60251,0.89531,1.0583,1.1407,1.1813,1.1758,1.218,1.2632,1.2741,1.2781,1.305,1.3615,1.3982,1.3737,1.2801,1.1903,1.1825,1.2137,1.1562,1.1381,1.1137,1.0788,1.0893,1.1441,1.1569,1.0907,1.0915,1.1995,1.2249,1.2104,1.2337,1.2051,1.2759,1.4269,1.5512,1.683,1.7808,1.9421,2.1171,2.2267,2.3821,2.6419,2.8949,3.0571,3.2078,3.358,3.4834,3.5534,3.5979,3.6217,3.5685,3.4596,3.3429,3.178,2.9773,2.767,2.5536,2.3357,2.118,1.8811,1.6316,1.4573,1.3149,1.1683,1.05,0.96624,0.86562,0.7558,0.64892,0.58562,0.52919,0.419,0.33418,0.29091,0.23672,0.19444,0.14873,0.10259,0.078815,0.054583,-0.0030839,-0.082325,-0.13799,-0.15734,-0.16251,-0.17973,-0.2438,-0.29255,-0.28137,-0.2619,-0.26837,-0.27444,-0.31761,-0.33297,-0.33638,-0.373,-0.37556,-0.39687,-0.41354,-0.39185,-0.37317,-0.43016,-0.49525,-0.50228,-0.64805,-0.96472,-0.66013,-0.4902,-0.55347,-0.63967,-0.69577,-0.74633,-0.74056,-0.66523,-0.61493,-0.69289,-0.78477,-0.74565,-0.64414,-0.59606,-0.62066,-0.60937,-0.60029,-0.64356,-0.74329,-0.76331,-0.64397,-0.59232,-0.64977,-0.68944,-0.71874,-0.77293,-0.75769,-0.72739,-0.69035,-0.64648,-0.61044,-0.59278,-0.55557,-0.54417,-0.57084,-0.57376,-0.5864,-0.57645,-0.50039,-0.46374
-0.82056,-0.81623,-0.89071,-0.87242,-0.8974,-0.94854,-0.97423,-0.93058,-0.87547,-0.86495,-0.8495,-0.83537,-0.838,-0.80709,-0.85702,-0.87926,-0.83598,-0.7553,-0.71762,-0.69526,-0.64843,-0.60503,-0.58013,-0.63675,-0.59118,-0.41185,-0.29252,-0.4017,-0.68457,-0.77592,-0.97251,-1.1167,-0.90904,2.7269,3.1122,3.6259,-1.3894,-1.6688,-1.4296,-0.62255,-1.2869,-1.0929,-0.89855,-0.70341,-0.46162,-0.18847,0.14352,0.37683,1.1418,1.3531,1.5386,0.9836,0.69328,1.116,1.4283,-0.035473,0.76084,0.72519,0.6006,0.64776,0.50298,0.48801,0.46084,0.18284,-0.47122,-0.021483,0.17127,0.19886,0.052998,-0.076624,-0.026659,0.081841,0.26591,0.36132,0.015386,0.43987,0.43765,0.51691,0.58844,0.54845,1.0168,1.3537,1.8579,2.4901,2.9592,3.1694,3.0148,2.509,1.8918,1.3662,1.024,0.82432,0.60439,0.4306,0.22815,-0.086513,-0.24849,-0.18898,-0.28129,-0.47732,-0.52935,-0.52436,-0.49328,-0.55767,-0.59532,-0.53821,-0.54765,-0.56339,-0.54976,-0.40916,-0.36344,-0.44525,-0.55028,-0.53169,-0.48204,-0.46454,-0.48098,-0.52458,-0.5134,-0.52644,-0.53148,-0.57619,-0.61372,-0.64773,-0.7088,-0.67939,-0.58455,-0.50117,-0.52432,-0.60166,-0.64096,-0.63435,-0.52374,-0.57207,-0.58329,-0.54699,-0.57437,-0.66834,-0.68319,-0.64271,-0.81709,-0.82894,-0.71427,-0.66744,-0.59645,-0.47405,-0.47778,-0.45227,-0.37675,-0.33306,-0.39061,-0.48665,-0.44232,-0.35453,-0.35244,-0.14767,-0.14309,-0.28842,-0.32021,-0.2043,-0.2017,-0.18059,-0.21939,-0.11867,-0.22754,-0.7294,-0.93476,-0.96022,-1.1879,-1.1697,-1.4664,-1.1998,-1.1307,-1.1057,-1.0411,-0.69521,-0.5126,-0.27257,0.17713,0.48539,0.40875,0.26407,0.6353,2.0271,1.2756,1.0151,0.8,0.78962,0.95904,1.2956,0.92588,0.74711,0.75113,0.75113,0.70101,0.67287,0.6576,0.55523,0.3956,0.32334,0.47095,0.66878,0.49278,0.050243,-0.1244,0.10503,0.39923,0.6634,0.92243,1.2255,1.5728,1.8612,2.21,2.5451,2.8001,3.0371,3.1832,3.21,3.0943,2.8547,2.5194,2.12,1.7223,1.4325,1.0609,0.57549,0.60217,0.3795,-0.28925,-0.06466,-0.14747,-0.10114,-0.29151,-0.58817,-0.62103,-0.5736,-0.55839,-0.48212,-0.41451,-0.46661,-0.59864,-0.66711,-0.58124,-0.63579,-0.65491,-0.68751,-0.73902,-0.51973,-0.68162,-0.70035,-0.66032,-0.62853,-0.67321,-0.73541,-0.73755,-0.78397,-0.89078,-0.90078,-0.88547,-0.87558,-0.84075,-0.81573,-0.77336,-0.83636,-0.85249,-0.84393,-0.88609,-0.95643,-0.98155,-0.94325,-0.84631,-0.81272,-0.77073,-0.72,-0.66239,-0.52946,-0.51912,-0.49876,-0.30214,-0.16991,-0.27175,-0.58395,-0.64372,-0.50553,-0.38311,-0.29114,-0.21917,-0.35366,-0.41471,-0.21637,-0.17436,-0.41945,-0.37383,-0.35671,-0.62043,-0.97084,-1.1835,-1.427,-1.5396,-1.5291,-1.4544,-1.3825,-1.2825,-1.0474,-0.80927,-0.57725,-0.35471,-0.18433,0.061801,0.35403,0.57275,0.75998,0.87277,0.94019,1.0273,0.99183,0.92514,0.79933,0.68569,0.55976,0.56825,0.64861,0.65857,0.60097,0.61952,0.55124,0.57097,0.68111,0.46694,0.3739,0.27846,0.31088,0.29931,0.2836,0.25714,0.27829,0.4411,0.90694,1.1577,1.441,1.6435,1.7775,2.0012
-0.78766,-0.91107,-0.97722,-1.3648,-1.3357,-1.6533,-1.5494,-1.5664,-1.5818,-1.4638,-1.2899,-1.0414,-0.61333,-0.50848,-0.37779,-0.14495,0.14753,0.3176,0.11044,0.49734,0.45594,0.43819,0.51808,0.49534,0.97255,0.89049,0.48382,0.067948,-0.17287,-0.13132,0.019013,0.021779,-0.034959,-0.04242,-0.039599,-0.046428,-0.037502,-0.0067665,-0.19487,-0.33955,-0.1537,-0.16633,-0.18063,-0.13778,-0.10798,0.0061142,0.22204,0.62516,1.1026,1.4438,1.7908,1.9208,2.1874,2.3416,2.3322,2.2333,1.7989,1.5663,1.4024,1.1314,0.74177,0.45524,0.38232,0.37287,0.27943,-0.043091,-0.28331,-0.31177,-0.43527,-0.54455,-0.72027,-1.0075,-0.67297,-0.54329,-0.5206,-0.59251,-0.7824,-0.81264,-0.71711,-0.70396,-1.0137,-0.94842,-1.188,-0.85161,-0.86421,-0.81719,-0.72864,-0.62872,-0.56337,-0.54631,-0.60861,-0.43375,-0.46835,-0.5951,-0.78861,-0.84807,-0.89464,-0.80595,-0.83548,-0.86632,-0.92254,-0.91832,-0.92287,-0.81625,-0.83177,-0.76294,-0.77487,-0.89274,-0.94204,-0.87135,-0.88857,-0.9902,-0.90479,-0.73301,-0.62192,-0.59597,-0.60342,-0.64628,-0.84526,-0.90016,-0.81374,-0.68692,-0.65569,-0.67092,-0.57709,-0.44586,-0.45006,-0.53042,-0.50328,-0.52059,-0.45531,-0.60073,-0.72575,-0.68069,-0.57485,0.67481,1.6082,2.1272,2.4604,2.517,1.2871,-0.92526,-0.98552,-0.79728,-0.64396,-0.24197,-0.29193,-0.21046,0.086667,0.26658,0.39454,0.57694,0.684,0.73607,0.71405,0.69339,0.64468,0.53961,0.59793,0.64402,0.723,0.73136,0.53748,0.66462,0.84283,0.61498,0.45703,0.31372,0.20156,0.22278,0.32286,0.37825,0.29753,-0.3569,0.21933,0.11311,0.39749,0.69902,1.0065,1.2232,1.4439,1.7053,1.9015,2.133,2.3395,2.5176,2.7155,2.8373,2.7936,2.537,2.2335,1.9211,1.6307,1.3724,1.159,0.90842,0.51752,0.38696,0.47581,0.37093,0.0077241,-0.2866,-0.41569,-0.43185,-0.50656,-0.64497,-0.71399,-0.66496,-0.57255,-0.62461,-0.67825,-0.69249,-0.73533,-0.84561,-0.7462,-0.74112,-0.76719,-0.78446,-0.80986,-0.83112,-0.83062,-0.8189,-0.84101,-0.95201,-0.98878,-0.87142,-0.83813,-0.90176,-0.93122,-0.90144,-0.94582,-0.94862,-0.94845,-0.92649,-0.89408,-0.89094,-0.90619,-0.91945,-0.94303,-0.93177,-0.90243,-0.84255,-0.81361,-0.8268,-0.85456,-0.8194,-0.64719,-0.50997,-0.5204,-0.53151,-0.49495,-0.42846,-0.44927,-0.51557,-0.67052,-0.73587,-0.76787,-0.54857,-0.43944,-0.32646,-0.62445,-0.50051,-0.48335,-0.42659,-0.39072,-0.45845,-0.61067,-0.73203,-0.76789,-0.88867,-1.0089,-1.1057,-1.0844,-1.011,-1.0387,-0.97634,-0.76871,-0.51905,-0.25425,-0.060902,0.10118,0.23991,0.41792,0.56085,0.61193,0.56792,0.58018,0.68905,0.73916,0.6698,0.56093,0.5052,0.48832,0.47076,0.39175,0.31667,0.44362,0.85792,0.17802,0.12171,-0.096991,-0.12783,-0.15709,-0.22237,-0.2394,-0.22216,-0.12208,-0.071775,-0.284,-0.3325,0.015732,0.24604,0.47387,0.76513,1.0914,1.3565,1.6214,1.9316,2.2005,2.4105,2.6506,2.8532,2.8845,2.7347,2.5135,2.3291,2.0553,1.844,1.5507,1.2039,0.86446,0.55767,0.42622,0.24193,-0.058477,-0.36161,-0.56516,-0.62306,-0.52322,-0.686,-0.93359,-1.014,-0.93793
-1.3388,-1.2963,-1.2747,-1.2735,-1.2773,-1.2722,-1.2602,-1.2491,-1.2474,-1.2726,-1.3102,-1.3212,-1.3103,-1.3084,-1.3443,-1.3672,-1.3722,-1.3924,-1.3466,-1.3191,-1.3301,-1.3215,-1.3057,-1.2589,-1.2369,-1.2218,-1.1619,-1.0712,-1.1283,-1.0636,-1.0426,-1.0456,-1.1009,-1.1553,-1.1484,-1.1788,-1.2727,-1.377,-1.4357,-1.4834,-1.5542,-1.5915,-1.5976,-1.5645,-1.5358,-1.5073,-1.4296,-1.3091,-1.1842,-1.0491,-0.8842,-0.71709,-0.57566,-0.45007,-0.34869,-0.27878,-0.21796,-0.16571,-0.1353,-0.13635,-0.16719,-0.19715,-0.19376,-0.16547,-0.17285,-0.21464,-0.25614,-0.30195,-0.30577,-0.30746,-0.33558,-0.38004,-0.40884,-0.43536,-0.52348,-0.56033,-0.50713,-0.45399,-0.34563,-0.22416,-0.1382,-0.04004,0.040323,0.10329,0.19734,0.32593,0.50322,0.72373,0.96828,1.1817,1.3919,1.6248,1.792,1.9342,2.1082,2.2541,2.3368,2.3486,2.2939,2.1673,2.0037,1.8986,1.775,1.5523,1.2964,1.0053,0.74951,0.58726,0.41667,0.2346,0.051396,-0.12827,-0.25754,-0.37094,-0.49114,-0.55229,-0.58326,-0.6039,-0.58632,-0.57376,-0.59396,-0.59866,-0.58354,-0.57199,-0.55887,-0.56853,-0.5642,-0.53096,-0.53911,-0.54905,-0.52502,-0.5254,-0.53623,-0.53328,-0.53728,-0.54011,-0.53272,-0.5086,-0.4965,-0.5068,-0.50782,-0.51349,-0.54323,-0.55257,-0.53198,-0.53575,-0.57975,-0.57794,-0.52173,-0.49011,-0.48362,-0.49126,-0.48089,-0.49115,-0.55618,-0.5686,-0.54667,-0.54362,-0.55975,-0.50587,-0.44696,-0.50797,-0.53203,-0.49051,-0.51388,-0.54104,-0.56739,-0.60396,-0.60236,-0.6041,-0.6145,-0.58133,-0.58272,-0.59634,-0.58799,-0.56476,-0.51546,-0.51698,-0.58554,-0.62893,-0.59833,-0.58632,-0.68071,-0.77028,-0.73143,-0.74031,-0.86899,-0.93844,-0.91496,-0.90883,-0.92733,-0.89679,-0.76687,-0.58759,-0.42451,-0.27104,-0.10303,0.078107,0.24666,0.37901,0.47662,0.56426,0.61552,0.64918,0.70982,0.75625,0.75572,0.72751,0.73,0.74707,0.64579,0.65503,0.65425,0.57206,0.53688,0.48777,0.43837,0.44626,0.46048,0.45483,0.42822,0.44841,0.48196,0.48602,0.48495,0.52211,0.58849,0.67378,0.74446,0.80104,0.87391,0.98374,1.1003,1.1759,1.2468,1.3684,1.5012,1.6285,1.7638,1.9349,2.1292,2.2907,2.4344,2.6286,2.8359,2.9765,3.0113,3.0549,3.0957,3.0652,2.964,2.8079,2.635,2.4982,2.357,2.1761,1.9637,1.6919,1.4212,1.1749,0.92937,0.7124,0.53485,0.42709,0.35436,0.30808,0.27732,0.20818,0.12582,0.035507,-0.034755,-0.032192,0.009104,0.036754,0.053009,0.092681,0.13196,0.12572,0.11143,0.10533,0.073611,0.018897,0.016403,0.078313,0.10876,0.11222,0.11322,0.10683,0.07781,0.029684,0.066599,0.14911,0.1696,0.15071,0.10051,0.055057,0.073405,0.10206,0.11345,0.11809,0.12902,0.15668,0.16472,0.14234,0.11286,0.10801,0.13165,0.12818,0.099224,0.087773,0.064654,0.042942,0.049886,0.050023,0.031903,0.025257,0.032052,0.038206,0.040014,0.017112,0.0017255,0.014264,0.025726,0.0026293,-0.043015,-0.016257,0.0034186,0.066679,0.06494,0.064105,0.11016,0.13281,0.11644,0.079434,0.035541,0.012033,-0.030499,-0.11068,-0.24769,-0.35307,-0.39825,-0.38043,-0.35941
0.33528,0.53228,0.72831,0.92343,1.1107,1.216,1.3141,1.4047,1.4308,1.4042,1.3615,1.296,1.1623,0.98719,0.73461,0.43155,0.24345,0.15702,0.037399,-0.13173,-0.34338,-0.57723,-0.69353,-0.6902,-0.69509,-0.6996,-0.79614,-0.92316,-0.93626,-0.94877,-0.9286,-0.89144,-0.93817,-0.99522,-1.0225,-1.013,-0.94148,-0.89379,-0.87864,-0.85045,-0.83808,-0.84379,-0.83424,-0.78381,-0.76937,-0.87375,-1.034,-1.0672,-1.0302,-1.0345,-0.97721,-0.90991,-0.90238,-0.96504,-1.0892,-1.1431,-1.1748,-1.2049,-1.1478,-1.1065,-1.0974,-1.1686,-1.3287,-1.4208,-1.4249,-1.3924,-1.364,-1.3741,-1.408,-1.4021,-1.398,-1.4601,-1.4942,-1.4831,-1.4517,-1.4586,-1.6309,-1.6913,-1.6005,-1.6565,-1.709,-1.733,-1.7951,-1.7519,-1.6378,-1.5186,-1.3696,-1.1986,-1.0367,-0.89285,-0.76107,-0.65557,-0.55991,-0.47567,-0.40289,-0.34312,-0.32111,-0.29308,-0.22458,-0.061575,-0.18595,-0.22397,-0.18967,-0.13682,-0.12011,-0.13456,-0.17406,-0.18763,-0.093986,-0.034725,-0.12574,-0.22823,-0.22964,-0.073363,0.15036,0.23578,0.21811,0.31286,0.46308,0.57877,0.71756,0.85827,1.0706,1.3283,1.5316,1.703,1.8664,2.0049,2.1101,2.2236,2.2613,2.2126,2.1066,2.0754,1.9092,1.7153,1.4516,1.1703,0.9943,0.80868,0.59062,0.38003,0.17969,0.075028,0.02632,-0.045933,-0.15491,-0.21286,-0.21513,-0.30509,-0.31413,-0.27703,-0.35734,-0.46389,-0.45849,-0.47655,-0.47086,-0.36852,-0.28192,-0.2934,-0.3365,-0.34535,-0.28931,-0.24463,-0.26697,-0.30315,-0.33552,-0.32413,-0.37511,-0.41174,-0.37966,-0.35984,-0.36748,-0.43531,-0.49343,-0.48106,-0.44027,-0.49367,-0.58876,-0.58886,-0.58684,-0.59965,-0.62499,-0.64393,-0.64169,-0.60225,-0.6138,-0.65198,-0.67718,-0.66077,-0.60532,-0.63605,-0.6595,-0.63366,-0.57828,-0.44911,-0.4586,-0.62766,-0.77696,-0.70976,-0.64138,-0.82327,-1.0358,-1.1537,-1.1361,-1.1299,-1.1064,-1.0063,-0.89693,-0.7937,-0.62578,-0.5229,-0.34223,-0.2057,-0.09113,0.0091639,0.10105,0.17235,0.24188,0.28321,0.2982,0.32036,0.36126,0.39137,0.39153,0.43196,0.44449,0.36563,0.35677,0.38348,0.41475,0.47925,0.48036,0.35102,0.30899,0.38857,0.44511,0.48995,0.61009,0.76054,0.93331,1.0014,1.0874,1.1802,1.3573,1.6057,1.8646,2.0878,2.2665,2.4622,2.6641,2.7578,2.8268,2.8826,2.8478,2.7272,2.624,2.4939,2.3254,2.07,1.7598,1.5221,1.3713,1.1725,0.96058,0.78891,0.62509,0.50124,0.38006,0.24953,0.18341,0.13854,0.07258,0.048446,0.079366,0.048392,0.077347,0.12545,0.14786,0.15789,0.21831,0.17789,0.17515,0.17267,0.16448,0.17391,0.16675,0.12641,0.12395,0.17356,0.18959,0.18765,0.17371,0.15036,0.12392,0.096554,0.10709,0.15132,0.10236,0.029691,0.040244,0.031891,0.0055029,0.022691,0.024451,-0.0069399,-0.017204,0.0061364,-0.0024309,0.33528,0.53228,0.72831,0.92343,1.1107,1.216,1.3141,1.4047,1.4308,1.4042,1.3615,1.296,1.1623,0.98719,0.73461,0.43155,0.24345,0.15702,0.037399,-0.13173,-0.34338,-0.57723,-0.69353,-0.6902,-0.69509,-0.6996,-0.79614,-0.92316,-0.93626,-0.94877,-0.9286,-0.89144,-0.93817,-0.99522
0.67467,0.60442,0.49904,0.46392,0.39366,0.35854,0.39366,0.39366,0.35854,0.28828,0.25316,0.21803,0.1829,0.14778,0.11265,0.11265,0.11265,0.042399,-0.027854,-0.098107,-0.098107,-0.098107,-0.13323,-0.23861,-0.27374,-0.27374,-0.30887,-0.41425,-0.4845,-0.4845,-0.44937,-0.4845,-0.55475,-0.55475,-0.58988,-0.69526,-0.73039,-0.69526,-0.69526,-0.76551,-0.76551,-0.76551,-0.80064,-0.80064,-0.80064,-0.80064,-0.80064,-0.80064,-0.80064,-0.83577,-0.80064,-0.80064,-0.76551,-0.80064,-0.83577,-0.83577,-0.87089,-0.87089,-0.90602,-0.97627,-0.94114,-0.90602,-0.90602,-0.87089,-0.87089,-0.94114,-0.90602,-0.87089,-0.87089,-0.87089,-0.90602,-0.94114,-0.97627,-1.0465,-1.0114,-0.97627,-0.97627,-0.94114,-0.90602,-0.83577,-0.80064,-0.73039,-0.73039,-0.73039,-0.73039,-0.73039,-0.73039,-0.62501,-0.51963,-0.4845,-0.4845,-0.4845,-0.51963,-0.55475,-0.55475,-0.55475,-0.4845,-0.44937,-0.44937,-0.44937,-0.41425,-0.37912,-0.30887,-0.27374,-0.27374,-0.23861,-0.16836,-0.13323,-0.098107,-0.098107,-0.098107,-0.062981,-0.027854,0.0072719,0.042399,0.11265,0.14778,0.21803,0.25316,0.32341,0.32341,0.32341,0.25316,0.25316,0.25316,0.25316,0.32341,0.35854,0.32341,0.25316,0.21803,0.21803,0.32341,0.35854,0.32341,0.28828,0.32341,0.39366,0.42879,0.42879,0.42879,0.42879,0.46392,0.46392,0.46392,0.46392,0.49904,0.5693,0.5693,0.5693,0.53417,0.5693,0.63955,0.67467,0.7098,0.74493,0.74493,0.81518,0.88543,0.95569,0.99081,1.0259,1.0259,1.0259,0.99081,0.95569,0.95569,0.95569,0.92056,0.92056,0.92056,0.88543,0.92056,0.92056,0.88543,0.92056,1.0259,1.0259,0.95569,0.92056,0.95569,0.99081,0.95569,0.95569,0.88543,0.81518,0.7098,0.67467,0.74493,0.74493,0.74493,0.81518,0.95569,1.0611,1.2016,1.4475,1.588,1.6933,1.869,2.0095,2.0446,2.0797,2.1149,2.1149,2.15,2.0446,1.9744,2.0797,2.0446,2.1149,2.2554,2.4661,2.6769,2.8174,2.9579,3.0282,3.0984,3.1335,3.1687,3.1335,2.9579,2.7471,2.6066,2.2905,1.6582,1.5177,1.1313,0.60442,0.39366,0.35854,0.32341,0.28828,0.21803,0.077525,0.0072719,-0.027854,-0.062981,-0.062981,-0.20349,-0.098107,-0.062981,-0.062981,-0.13323,-0.27374,-0.20349,-0.13323,-0.16836,-0.16836,-0.20349,-0.23861,-0.20349,-0.27374,-0.27374,-0.27374,-0.30887,-0.34399,-0.34399,-0.30887,-0.34399,-0.41425,-0.58988,-0.58988,-0.62501,-0.69526,-0.87089,-0.87089,-0.83577,-0.83577,-0.73039,-0.58988,-0.69526,-0.66013,-0.69526,-0.66013,-0.69526,-0.83577,-0.94114,-0.94114,-0.97627,-1.0817,-1.187,-1.0465,-0.80064,-0.73039,-0.80064,-0.83577,-0.87089,-0.90602,-1.0114,-1.0817,-1.0817,-1.0817,-1.1168,-1.187,-1.2222,-1.2924,-1.3627,-1.3978,-1.468,-1.4329,-1.2924,-1.2222,-1.2573,-1.2573,-1.2573,-1.2222,-1.3275,-1.3978,-1.3627,-1.3978,-1.3627,-1.3978,-1.2573,-1.3275,-1.2573,-1.3275,-1.187,-1.1519,-0.94114,-0.83577,-0.83577,-0.83577,-0.83577,-0.87089,-0.69526,-0.80064,-0.80064,-0.80064,-0.62501,-0.4845,-0.4845,-0.4845,-0.41425,-0.30887,-0.13323,-0.027854,-0.062981,0.1829,0.32341,0.35854,0.42879,0.60442,0.81518
-0.52473,-0.56032,-0.6137,-0.63149,-0.70267,-0.82722,-1.2009,-1.1653,-0.98736,-1.1297,-1.45,-1.3254,-1.1831,-0.98736,-0.84502,-0.72046,-0.50694,-0.36459,-0.22224,-0.062096,0.15143,0.38274,0.54289,0.64965,0.70303,0.73862,0.68524,0.84538,0.93435,0.56068,0.57847,0.56068,0.47171,0.38274,0.29378,0.25819,0.47171,0.11584,0.098046,0.098046,0.062459,0.0090784,-0.026509,0.0090784,0.044666,0.098046,0.25819,0.29378,0.52509,0.61406,0.66744,0.84538,1.0589,1.2724,1.6817,1.7706,2.1087,2.3934,2.5536,2.7315,2.5714,2.4824,2.34,2.1977,2.0731,1.8952,1.6105,1.308,1.0233,0.5073,0.38274,0.48951,0.32936,0.062459,-0.07989,-0.07989,-0.026509,-0.026509,-0.13327,-0.29341,-0.40017,-0.41797,-0.47135,-0.6137,-0.5959,-0.63149,-0.5959,-0.5959,-0.70267,-0.63149,-0.54252,-0.52473,-0.57811,-0.63149,-0.64929,-0.64929,-0.63149,-0.68487,-0.72046,-0.73825,-0.68487,-0.64929,-0.63149,-0.5959,-0.63149,-0.64929,-0.72046,-0.66708,-0.75605,-0.80943,-0.73825,-0.6137,-0.5959,-0.66708,-0.70267,-0.64929,-0.5959,-0.54252,-0.56032,-0.56032,-0.57811,-0.57811,-0.57811,-0.64929,-0.72046,-0.64929,-0.56032,-0.50694,-0.41797,-0.41797,-0.43576,-0.43576,-0.50694,-0.54252,-0.48914,-0.41797,-0.40017,-0.40017,-0.47135,-0.48914,-0.38238,-0.80943,-1.0941,-1.1297,-1.2721,-1.2187,-1.2187,-1.3254,-1.2365,-1.2009,-1.1119,-0.70267,-0.56032,-0.5959,-0.6137,-0.38238,-0.27562,-0.11548,0.080253,0.11584,0.2226,0.2226,0.52509,1.1835,1.913,1.0233,0.70303,0.40054,0.31157,0.41833,0.27598,0.25819,0.25819,0.25819,0.20481,0.11584,0.080253,0.080253,0.13363,0.18701,0.16922,0.16922,0.2226,0.38274,0.54289,0.72082,0.86317,1.0055,1.2013,1.4682,1.7173,1.9664,2.1977,2.4112,2.5536,2.6959,2.7493,2.6603,2.518,2.3756,2.1621,1.913,1.6995,1.5215,1.4326,1.2902,0.95214,0.66744,0.56068,0.38274,-0.18665,-0.18665,-0.11548,-0.22224,-0.75605,-0.84502,-0.66708,-0.52473,-0.66708,-0.75605,-0.86281,-0.93398,-0.79163,-0.84502,-1.3432,-1.4144,-1.2899,-1.2187,-1.0407,-1.0052,-1.2187,-1.45,-1.5746,-1.45,-1.1653,-1.023,-1.0052,-0.98736,-0.98736,-0.93398,-0.8806,-0.93398,-0.95178,-0.8984,-0.84502,-0.82722,-0.82722,-0.86281,-0.8806,-0.8984,-0.8806,-0.91619,-0.93398,-0.91619,-0.8984,-0.93398,-0.95178,-0.86281,-0.68487,-0.5959,-0.5959,-0.57811,-0.5959,-0.68487,-0.73825,-0.66708,-0.68487,-0.79163,-0.70267,-0.68487,-0.73825,-0.38238,-0.48914,-0.48914,-0.57811,-0.63149,-0.52473,-0.50694,-0.13327,-0.43576,-0.82722,-1.3254,-1.3966,-1.2187,-1.1297,-1.0763,-1.0052,-0.8984,-0.79163,-0.64929,-0.50694,-0.34679,-0.22224,-0.13327,-0.026509,0.15143,0.27598,0.32936,0.38274,0.5073,0.59627,0.47171,0.29378,0.25819,0.27598,0.29378,0.2404,0.13363,0.16922,0.32936,0.18701,0.044666,0.062459,0.044666,-0.044302,-0.044302,-0.026509,-0.097683,-0.07989,0.026872,0.080253,0.11584,0.36495,0.59627,0.75641,0.93435,1.0945,1.3614,1.6639,1.9308,2.1443,2.3756,2.518,2.5002,2.3934,2.1087,1.8774,1.7173,1.4682,1.1123,0.75641,0.41833,0.2226
-1.1523,-1.1806,-1.1806,-1.124,-1.0956,-1.0956,-1.124,-1.0956,-1.0956,-1.0956,-1.0107,-0.89735,-0.84069,-0.81237,-0.78404,-0.69906,-0.64241,-0.64241,-0.61409,-0.61409,-0.58576,-0.52911,-0.52911,-0.52911,-0.50078,-0.44413,-0.35915,-0.3025,-0.21752,-0.16087,-0.075892,-0.01924,0.037412,0.094064,0.12239,0.17904,0.29234,0.40565,0.43397,0.43397,0.4623,0.49063,0.4623,0.37732,0.37732,0.49063,0.63226,0.68891,0.77388,0.85886,0.91551,0.88719,0.83054,0.91551,0.80221,0.85886,0.94384,1.0005,1.0571,1.1421,1.2271,1.2838,1.2554,1.2554,1.2554,1.1988,1.3404,1.8503,1.7086,1.8503,1.9069,1.9919,2.0486,2.1619,2.0202,1.8786,1.6803,1.3971,1.0571,0.85886,0.80221,0.80221,0.77388,0.74556,0.68891,0.60393,0.49063,0.40565,0.349,0.32067,0.26402,0.15071,0.065738,0.037412,-0.01924,-0.01924,-0.047566,-0.075892,-0.075892,-0.075892,-0.13255,-0.16087,-0.1892,-0.1892,-0.1892,-0.1892,-0.24585,-0.3025,-0.3025,-0.27418,-0.24585,-0.21752,-0.24585,-0.24585,-0.24585,-0.27418,-0.24585,-0.21752,-0.21752,-0.21752,-0.21752,-0.24585,-0.21752,-0.16087,-0.21752,-0.24585,-0.21752,-0.1892,-0.1892,-0.21752,-0.27418,-0.27418,-0.3025,-0.3025,-0.35915,-0.38748,-0.38748,-0.38748,-0.44413,-0.44413,-0.47246,-0.50078,-0.52911,-0.55743,-0.61409,-0.61409,-0.58576,-0.55743,-0.58576,-0.64241,-0.69906,-0.72739,-0.78404,-0.84069,-0.86902,-0.86902,-0.89735,-0.98232,-0.98232,-0.954,-0.954,-0.92567,-0.954,-1.0107,-1.0956,-1.124,-1.124,-1.0956,-1.0673,-1.0673,-1.039,-1.039,-1.0107,-0.98232,-0.954,-0.954,-0.98232,-1.0107,-1.0107,-1.039,-1.0107,-0.98232,-0.98232,-1.0107,-0.98232,-0.98232,-0.98232,-0.98232,-0.954,-0.92567,-0.92567,-0.98232,-0.98232,-0.954,-0.954,-0.954,-1.0107,-1.0107,-1.039,-1.039,-1.039,-1.0673,-1.0956,-1.0673,-1.039,-1.0673,-1.0956,-1.124,-1.124,-1.124,-1.0956,-1.0673,-1.0956,-1.1523,-1.2089,-1.1806,-1.1523,-1.1806,-1.1523,-1.0673,-1.039,-1.039,-1.0956,-1.039,-1.0673,-1.0673,-1.0107,-0.98232,-0.98232,-0.98232,-1.0107,-0.954,-0.89735,-0.81237,-0.81237,-0.81237,-0.81237,-0.78404,-0.72739,-0.69906,-0.67074,-0.64241,-0.55743,-0.55743,-0.47246,-0.41581,-0.41581,-0.52911,-0.50078,-0.44413,-0.47246,-0.38748,-0.33083,-0.3025,-0.27418,-0.21752,-0.1892,-0.075892,-0.047566,0.0090859,-0.01924,0.0090859,0.0090859,0.0090859,0.0090859,-0.075892,0.037412,0.094064,0.40565,0.51895,0.66058,0.77388,0.94384,1.1421,1.3404,1.5104,1.652,1.6803,1.5104,1.652,1.5953,1.567,1.5104,1.482,1.5104,1.5104,1.5387,1.6803,1.8219,1.9069,2.0202,2.1619,2.2185,2.3318,2.5018,2.6717,2.8417,2.9267,2.9267,2.87,2.7567,2.5867,2.4451,2.2185,1.9636,1.737,1.4537,1.2554,1.1138,1.0005,0.94384,0.77388,0.60393,0.54728,0.60393,0.60393,0.54728,0.51895,0.54728,0.49063,0.40565,0.32067,0.29234,0.32067,0.29234,0.23569,0.23569,0.20737,0.15071,0.065738,-0.047566,-0.10422,-0.16087,-0.16087,-0.16087,-0.13255,-0.13255,-0.075892,-0.01924,-0.01924,-0.01924,-0.047566,-0.047566
-0.4971,-0.56758,-0.45257,-0.3598,-0.41639,-0.47697,-0.45108,-0.41172,-0.36487,-0.33433,-0.29703,-0.25815,-0.26144,-0.26342,-0.21137,-0.11047,-0.051763,-0.15084,-0.33538,-0.45883,-0.45401,-0.41843,-0.41627,-0.46866,-0.52868,-0.54286,-0.49919,-0.41554,-0.37875,-0.35153,-0.34879,-0.46639,-0.51936,-0.399,-0.36659,-0.43176,-0.43762,-0.40475,-0.37734,-0.39,-0.41372,-0.40054,-0.36076,-0.35246,-0.32422,-0.34638,-0.46041,-0.4999,-0.42056,-0.35613,-0.45148,-0.586,-0.6459,-0.66394,-0.69506,-0.74497,-0.76051,-0.79247,-0.82024,-0.87673,-0.90226,-0.87783,-0.83168,-0.81881,-0.87072,-0.85468,-0.83009,-0.87421,-0.87554,-0.87413,-0.83113,-0.77669,-0.86046,-0.95179,-0.96069,-0.94348,-0.88177,-0.83102,-0.84178,-0.89278,-0.88028,-0.83623,-0.83217,-0.78172,-0.65527,-0.56621,-0.70865,-0.7363,-0.45777,-0.33404,-0.51798,-0.67798,-0.64086,-0.58949,-0.62331,-0.62668,-0.72118,-0.95256,-1.0852,-1.0747,-1.0569,-1.0152,-0.96521,-0.90139,-0.80967,-0.69912,-0.60694,-0.53048,-0.41612,-0.25894,-0.10153,0.024291,0.12401,0.16911,0.17528,0.17795,0.20129,0.22642,0.26625,0.32405,0.3682,0.40113,0.38441,0.27251,0.17198,0.12289,0.1068,0.13209,0.085146,-0.020148,-0.018092,0.0051978,-0.042538,-0.0014427,0.21004,0.42254,0.47638,0.53413,0.58894,0.58602,0.64039,0.74442,0.84017,0.93557,1.0485,1.2292,1.4741,1.6921,1.9185,2.1768,2.4051,2.5872,2.7447,2.8754,2.9947,3.0724,3.0719,2.9549,2.7306,2.4792,2.1639,1.7666,1.4199,1.1927,1.0032,0.79788,0.59811,0.41118,0.25935,0.11453,0.0021185,-0.090636,-0.1717,-0.23235,-0.2942,-0.35222,-0.40271,-0.46462,-0.52307,-0.57463,-0.62544,-0.63364,-0.62327,-0.59435,-0.54959,-0.56152,-0.62694,-0.64299,-0.68175,-0.68613,-0.63908,-0.63665,-0.62707,-0.60658,-0.64093,-0.75006,-0.8472,-0.82576,-0.73867,-0.61628,-0.4918,-0.43171,-0.44303,-0.4926,-0.47942,-0.50578,-0.59723,-0.64803,-0.65019,-0.63763,-0.63032,-0.60413,-0.57429,-0.52319,-0.44574,-0.49652,-0.60597,-0.63445,-0.57707,-0.55032,-0.55896,-0.53224,-0.53411,-0.5919,-0.63939,-0.6875,-0.73838,-0.78969,-0.84102,-0.82271,-0.8298,-0.84621,-0.79976,-0.86487,-0.94646,-0.98934,-1.0561,-1.1094,-1.1446,-1.1433,-1.0802,-0.96454,-0.83684,-0.71616,-0.58991,-0.45688,-0.3248,-0.16,0.01413,0.16984,0.32708,0.47799,0.59301,0.63476,0.57575,0.48482,0.4506,0.45954,0.43841,0.39893,0.39348,0.38781,0.34531,0.20538,0.053128,0.047354,0.14495,0.16315,0.15663,0.23111,0.28202,0.30796,0.45711,0.64313,0.73891,0.87194,1.0767,1.2214,1.2851,1.3128,1.4481,1.7138,1.9692,2.2105,2.4507,2.6799,2.8432,2.9411,3.0525,3.168,3.2191,3.2079,3.1101,2.9414,2.7566,2.5543,2.3313,2.0668,1.7393,1.436,1.2078,0.96693,0.68986,0.40985,0.22953,0.19455,0.12772,0.013151,-0.038571,-0.067176,-0.12695,-0.21379,-0.29692,-0.35043,-0.37864,-0.36807,-0.34642,-0.35761,-0.35909,-0.39166,-0.42967,-0.44288,-0.41337,-0.3919,-0.40182,-0.4022,-0.36008,-0.34304,-0.38506,-0.38327,-0.30906,-0.2899,-0.30538,-0.32367,-0.35309,-0.34831,-0.33097,-0.28922,-0.27235,-0.31519,-0.36308,-0.40581,-0.45983
1.5335,1.8981,2.3233,2.6212,2.7322,2.8794,2.9751,2.9868,3.0373,3.2266,3.4166,3.3634,3.1433,2.9589,2.8008,2.5905,2.3062,2.0738,1.7407,1.3066,0.87247,0.59066,0.35944,0.1263,-0.13984,-0.42808,-0.6945,-0.8854,-0.93954,-0.95922,-1.0199,-1.0062,-0.95115,-0.92768,-0.9027,-0.89345,-0.90326,-0.8987,-0.89869,-0.91451,-0.92468,-0.93,-0.90517,-0.88365,-0.93913,-0.97784,-0.95588,-0.92886,-0.90352,-0.90245,-0.91563,-0.89515,-0.84424,-0.79182,-0.73821,-0.73542,-0.76661,-0.72735,-0.70299,-0.66551,-0.61002,-0.6256,-0.62476,-0.57941,-0.60411,-0.65712,-0.67884,-0.69962,-0.65114,-0.59919,-0.65339,-0.66452,-0.6004,-0.62792,-0.67895,-0.67538,-0.64275,-0.56683,-0.51418,-0.54515,-0.53043,-0.4785,-0.50885,-0.58146,-0.57465,-0.47821,-0.41819,-0.42637,-0.42791,-0.37717,-0.30587,-0.26038,-0.27875,-0.29114,-0.23287,-0.21684,-0.24819,-0.23527,-0.18326,-0.17009,-0.28259,-0.53131,-0.8211,-1.0779,-1.4541,-1.8386,-2.1464,-2.2308,-1.9941,-1.7847,-1.5548,-1.2706,-0.95036,-0.62941,-0.47723,-0.23406,0.19845,0.41557,0.3009,0.1133,0.16498,0.34869,0.44975,0.52739,0.54824,0.53775,0.54446,0.45485,0.42505,0.54866,0.53186,0.37915,0.2945,0.26878,0.26554,0.30818,0.35871,0.31108,0.17881,0.093852,0.055912,-0.017999,-0.077333,-0.07844,-0.074134,-0.047597,-0.0093729,-0.029251,-0.094929,-0.12275,-0.14823,-0.16449,-0.16659,-0.20805,-0.23516,-0.22503,-0.28254,-0.24968,0.058387,0.41225,0.63442,0.74635,0.8009,0.82531,0.84746,0.82526,0.75911,0.78719,0.78961,0.65097,0.4723,0.36276,0.20322,-0.045009,-0.15712,-0.2482,-0.43586,-0.51241,-0.50276,-0.61221,-0.73469,-0.73239,-0.72509,-0.75895,-0.80315,-0.85114,-0.88229,-0.87845,-0.86598,-0.92373,-1.0581,-1.0436,-0.94653,-0.94707,-0.9401,-0.91594,-0.91305,-0.87486,-0.88485,-0.89147,-0.82792,-0.83158,-0.9129,-0.94007,-0.85997,-0.84121,-0.89166,-0.92212,-0.97474,-1.0196,-1.0258,-0.93063,-0.81093,-0.75647,-0.67087,-0.62045,-0.63367,-0.58943,-0.54537,-0.58054,-0.5758,-0.47832,-0.44019,-0.39029,-0.23713,-0.24204,-0.18754,-0.1499,-0.19712,-0.17363,-0.12622,-0.086295,-0.053952,-0.023601,0.011497,0.065607,0.10079,0.097364,0.11854,0.18531,0.22195,0.24344,0.29543,0.34423,0.36417,0.38994,0.38223,0.38737,0.51654,0.69005,0.76071,0.6563,0.65355,0.68734,0.65753,0.65922,0.6403,0.60081,0.56021,0.55489,0.53552,0.43621,0.21443,-0.034003,-0.15109,-0.23445,-0.48113,-0.79505,-0.88883,-0.84193,-0.8799,-0.95856,-1.039,-1.0655,-0.9493,-0.80544,-0.67769,-0.55871,-0.45558,-0.24086,0.025274,0.2688,0.3899,0.40778,0.42589,0.50681,0.56274,0.47326,0.3827,0.41743,0.45491,0.4695,0.41601,0.26025,0.215,-0.0083332,-0.96622,-0.43676,-0.22186,-0.14094,-0.13684,-0.17039,-0.19155,-0.17053,-0.14502,-0.1616,-0.17242,-0.22136,-0.26848,-0.25536,-0.2071,-0.10892,0.046074,0.22331,0.42051,0.65273,0.88502,1.1193,1.337,1.5462,1.7669,2.0377,2.1477,2.2584,2.3423,2.4188,2.4785,2.4143,2.2096,2.0509,1.9647,1.7998,1.5586,1.3054,1.0691,0.83735,0.5457,0.26897,0.11221,-0.0067265,-0.16424,-0.27983,-0.43312
-0.53377,-0.38737,-0.24098,-0.12386,-0.065303,-0.0067447,0.051814,0.13965,0.28605,0.37388,0.43244,0.46172,0.37388,0.43244,0.43244,0.40316,0.40316,0.40316,0.31533,0.37388,0.43244,0.31533,0.081093,-0.094582,-0.38737,-0.56305,-0.38737,-0.15314,-0.094582,0.022535,0.11037,0.081093,0.051814,0.051814,0.081093,0.19821,0.31533,0.40316,0.57884,0.69595,0.87163,1.1059,1.1644,1.0766,1.1059,1.1644,1.223,1.2523,1.2815,1.2815,1.3401,1.4572,1.545,1.5158,1.4865,1.4865,1.6329,1.8671,1.9257,1.75,1.4572,1.3694,1.5158,1.5158,1.3108,1.0766,0.87163,0.66668,0.57884,0.52028,0.491,0.491,0.43244,0.40316,0.34461,0.34461,0.28605,0.22749,0.16893,0.11037,0.16893,0.19821,0.13965,0.022535,-0.036024,-0.0067447,0.051814,-0.065303,-0.27026,-0.32881,-0.29953,-0.41665,-0.59233,-0.59233,-0.56305,-0.65088,-0.68016,-0.68016,-0.768,-0.82656,-0.73872,-0.768,-0.97295,-1.0608,-1.0901,-1.0608,-1.0608,-1.1779,-1.3243,-1.4414,-1.4707,-1.5,-1.5585,-1.6171,-1.6464,-1.6757,-1.7049,-1.7342,-1.7342,-1.6757,-1.5878,-1.5585,-1.5878,-1.5878,-1.5585,-1.5585,-1.5585,-1.5878,-1.6464,-1.6171,-1.6171,-1.5878,-1.5,-1.3829,-1.295,-1.295,-1.295,-1.2365,-1.2072,-1.2365,-1.2365,-1.2657,-1.295,-1.3243,-1.295,-1.2657,-1.2072,-1.0901,-0.94367,-0.73872,-0.53377,-0.32881,-0.18242,-0.094582,0.022535,0.19821,0.31533,0.34461,0.46172,0.60812,0.60812,0.57884,0.72523,0.84235,0.84235,0.84235,0.90091,0.93019,0.90091,0.90091,0.87163,0.84235,0.72523,0.6374,0.6374,0.66668,0.6374,0.6374,0.66668,0.6374,0.57884,0.60812,0.66668,0.75451,0.84235,0.90091,0.98875,0.98875,0.98875,0.98875,0.98875,1.0473,1.1351,1.2815,1.3987,1.5158,1.5743,1.6329,1.7207,1.75,1.75,1.8671,2.0135,2.0428,2.0135,2.0721,1.9842,1.9257,1.955,1.9257,1.9257,1.8671,1.75,1.6622,1.5158,1.2815,1.0766,0.84235,0.72523,0.69595,0.57884,0.28605,0.19821,0.19821,0.16893,0.081093,-0.0067447,-0.094582,-0.2117,-0.27026,-0.24098,-0.27026,-0.32881,-0.41665,-0.44593,-0.47521,-0.47521,-0.50449,-0.50449,-0.50449,-0.47521,-0.50449,-0.6216,-0.70944,-0.79728,-0.88512,-0.97295,-1.0022,-0.97295,-0.94367,-1.0901,-1.2072,-1.2072,-1.2365,-1.2365,-1.295,-1.3536,-1.4414,-1.4707,-1.4707,-1.4414,-1.4414,-1.3829,-1.3243,-1.2657,-1.2072,-1.1779,-1.1779,-1.1779,-1.1193,-1.0901,-1.1193,-1.1193,-1.0315,-0.97295,-0.9144,-0.88512,-0.85584,-0.88512,-0.88512,-0.88512,-0.85584,-0.79728,-0.79728,-0.768,-0.73872,-0.768,-0.768,-0.73872,-0.65088,-0.68016,-0.73872,-0.73872,-0.79728,-0.82656,-0.73872,-0.82656,-0.88512,-0.9144,-0.94367,-0.94367,-0.9144,-0.768,-0.6216,-0.50449,-0.35809,-0.12386,0.081093,0.22749,0.34461,0.52028,0.57884,0.52028,0.54956,0.6374,0.75451,0.84235,0.93019,0.98875,1.018,0.98875,0.84235,0.78379,0.72523,0.69595,0.75451,0.87163,0.87163,0.75451,0.69595,0.69595,0.66668,0.57884,0.54956,0.6374,0.75451,0.75451,0.66668,0.46172,0.31533,0.25677,0.28605,0.40316
0.25578,0.23318,0.21802,0.17599,0.11151,0.051565,-0.026019,-0.057416,-0.0098384,0.016519,0.025991,-0.00054095,0.18046,0.044274,0.02406,0.059897,0.13498,0.15295,0.24476,0.31981,0.41191,0.69214,1.0466,1.3873,1.7187,1.8217,2.1473,2.5099,2.8454,2.9869,2.8562,2.5956,2.3933,2.2205,1.9628,1.6985,1.504,1.2337,1.0149,0.86526,0.77295,0.67745,0.47679,0.31686,0.19244,0.10165,-0.0075677,-0.13765,-0.23225,-0.30482,-0.36926,-0.39757,-0.48175,-0.56686,-0.61644,-0.55501,-0.55157,-0.56727,-0.56907,-0.58999,-0.61801,-0.65001,-0.7025,-0.72689,-0.69158,-0.71474,-0.7781,-0.76879,-0.74068,-0.73322,-0.68287,-0.7798,-0.76401,-0.73765,-0.68544,-0.55644,-0.63032,-0.74186,-0.71109,-0.69632,-0.70089,-0.69704,-0.72336,-0.75211,-0.75079,-0.73211,-0.73939,-0.76338,-0.71441,-0.66056,-0.68325,-0.70853,-0.64731,-0.6013,-0.56651,-0.5708,-0.58511,-0.60485,-0.59287,-0.59002,-0.61528,-0.62056,-0.66725,-0.67026,-0.60806,-0.5306,-0.52957,-0.50967,-0.48528,-0.48252,-0.4812,-0.47261,-0.55721,-0.64042,-0.73033,-0.8337,-0.92547,-1.0654,-1.0898,-1.209,-1.3007,-1.1909,-1.0355,-0.91241,-0.78205,-0.59734,-0.38692,-0.18551,-0.037186,0.068021,0.20551,0.34582,0.43331,0.46633,0.51726,0.51917,0.60405,0.61003,0.60436,0.57376,0.51126,0.51397,0.53935,0.52538,0.47245,0.4157,0.41299,0.4294,0.43424,0.43233,0.39589,0.34118,0.30961,0.25636,0.11196,0.45204,0.56316,0.42456,0.56688,0.84411,1.1344,1.3781,1.6649,1.969,2.2438,2.5205,2.8254,3.0126,3.1192,3.1005,2.8895,2.6401,2.3569,2.0841,1.8776,1.6868,1.4417,1.2061,1.0523,0.89941,0.67325,0.29684,0.011341,-0.16416,-0.26148,-0.33176,-0.49781,-0.63365,-0.66963,-0.65911,-0.67346,-0.73465,-0.77632,-0.82944,-0.85769,-0.86338,-0.85095,-0.84,-0.8485,-0.8532,-0.86426,-0.81961,-0.80516,-0.81037,-0.79865,-0.76383,-0.75655,-0.79466,-0.81152,-0.77741,-0.74502,-0.72692,-0.73946,-0.78796,-0.80217,-0.79521,-0.78401,-0.77544,-0.78462,-0.826,-0.84217,-0.8046,-0.79047,-0.80365,-0.82305,-0.85287,-0.8705,-0.8757,-0.85419,-0.82291,-0.81082,-0.80427,-0.7977,-0.81044,-0.86206,-0.89819,-0.90592,-0.83076,-0.72489,-0.68457,-0.67298,-0.66155,-0.64253,-0.57538,-0.52069,-0.52838,-0.56691,-0.57726,-0.60087,-0.66205,-0.79911,-0.85081,-0.7545,-0.7526,-0.8306,-0.98028,-1.0808,-0.98687,-0.83744,-0.67213,-0.48497,-0.28546,-0.12454,-0.0017826,0.13,0.23201,0.28641,0.34064,0.40522,0.40151,0.34937,0.31804,0.29101,0.26558,0.23404,0.21471,0.18606,0.13899,0.087062,0.040746,0.059993,0.21059,0.29829,0.16697,0.055204,0.04336,0.013946,0.010646,0.030721,0.032138,0.030464,0.042417,0.08787,0.1733,0.33363,0.54452,0.96472,1.3305,1.6027,1.8192,1.9804,2.1513,2.328,2.393,2.2121,1.9553,1.7612,1.5978,1.4345,1.2719,1.1457,1.0799,1.0095,0.89316,0.81173,0.75081,0.5976,0.41077,0.25156,0.056518,-0.13129,-0.22121,-0.2873,-0.39372,-0.56086,-0.73801,-0.91027,-1.067,-1.1459,-1.1722,-1.1622,-1.167,-1.1736,-1.1507,-1.1658,-1.1786,-1.1849,-1.1902,-1.1776,-1.1632,-1.1646,-1.1637,-1.1578
-0.1629,-0.030462,0.17183,0.39134,0.60902,0.79651,0.97641,1.1388,1.2259,1.2493,1.2653,1.3,1.2876,1.1817,0.99133,0.68454,0.2986,-0.041575,-0.29066,-0.48531,-0.65733,-0.72128,-0.86259,-0.9811,-1.0627,-1.0918,-1.0854,-1.1132,-1.1449,-1.1427,-1.1088,-1.1155,-1.1798,-1.2002,-1.1818,-1.1963,-1.2156,-1.2087,-1.201,-1.1835,-1.1573,-1.1981,-1.2261,-1.1729,-1.146,-1.1799,-1.1998,-1.2065,-1.215,-1.2236,-1.2292,-1.1817,-1.1402,-1.2329,-1.2633,-1.2042,-1.151,-1.1172,-1.1265,-1.1413,-1.1343,-1.1397,-1.1641,-1.1696,-1.154,-1.1411,-1.1272,-1.1213,-1.1003,-1.0502,-1.016,-1.0111,-1.0133,-1.0359,-1.0363,-1.0214,-1.0017,-1.0069,-1.0847,-1.0955,-1.0224,-0.9756,-0.97866,-1.0428,-1.122,-1.1937,-1.1908,-1.1485,-1.1352,-1.0985,-0.91148,-0.66911,-0.55149,-0.19571,-0.038173,-0.11817,0.035599,0.27434,0.32654,0.54365,0.58963,0.51532,0.37261,0.26469,0.30847,0.40761,0.35153,0.24138,0.16867,0.053516,0.015086,0.021298,-0.10973,-0.1487,-0.17081,-0.052058,0.11498,0.1837,0.28865,0.3624,0.41403,0.50793,0.6467,0.78186,0.97345,1.1985,1.405,1.6099,1.7546,1.8756,1.991,2.0728,2.1516,2.1781,2.186,2.1689,2.1028,2.0086,1.8488,1.649,1.3525,0.97381,0.60934,0.38654,0.21308,0.012692,-0.20816,-0.4262,-0.55703,-0.55674,-0.54446,-0.57943,-0.58913,-0.55652,-0.57777,-0.57309,-0.4685,-0.4616,-0.45438,-0.41385,-0.41775,-0.42732,-0.43436,-0.4606,-0.48681,-0.42636,-0.41632,-0.42643,-0.46302,-0.51953,-0.51414,-0.44245,-0.41966,-0.46879,-0.47614,-0.47117,-0.46967,-0.4585,-0.5074,-0.5664,-0.60409,-0.62398,-0.56955,-0.50672,-0.55669,-0.57893,-0.51649,-0.4222,-0.4656,-0.53001,-0.56216,-0.53518,-0.49962,-0.45242,-0.37417,-0.35215,-0.34857,-0.31849,-0.29225,-0.32862,-0.3918,-0.40538,-0.35356,-0.27467,-0.20357,-0.18693,-0.23564,-0.30548,-0.37882,-0.53469,-0.64052,-0.60298,-0.61882,-0.58132,-0.39127,-0.12093,0.081122,0.14784,0.41934,0.57491,0.69034,0.77899,0.83687,0.88592,0.94449,1.0106,1.0481,1.0168,0.99058,0.94226,0.86551,0.81352,0.7888,0.76748,0.55453,0.59729,0.63171,0.61305,0.57293,0.51938,0.51248,0.56868,0.6711,0.7538,0.83286,0.95872,1.1062,1.2642,1.4121,1.5665,1.7416,1.9505,2.2019,2.4293,2.5718,2.6845,2.8045,2.8252,2.7681,2.7357,2.7002,2.5926,2.3969,2.0737,1.6749,1.3482,1.1123,0.83891,0.56595,0.4318,0.3658,0.26193,0.18399,0.12617,0.083163,0.073612,0.043776,0.0011636,0.011961,0.03992,0.01462,-0.033121,0.05761,0.1111,0.0035703,-0.049387,-0.029177,-0.032075,0.034767,0.13844,0.0737,-0.03457,0.12484,0.29126,0.40214,0.5332,0.50793,0.49338,0.20655,0.010172,-0.052474,-0.1629,-0.030462,0.17183,0.39134,0.60902,0.79651,0.97641,1.1388,1.2259,1.2493,1.2653,1.3,1.2876,1.1817,0.99133,0.68454,0.2986,-0.041575,-0.29066,-0.48531,-0.65733,-0.72128,-0.86259,-0.9811,-1.0627,-1.0918,-1.0854,-1.1132,-1.1449,-1.1427,-1.1088,-1.1155,-1.1798,-1.2002,-1.1818,-1.1963,-1.2156,-1.2087,-1.201,-1.1835,-1.1573,-1.1981
