-0.097006,-0.099937,-0.10567,-0.10281,-0.10426,-0.10566,-0.10727,-0.10928,-0.1115,-0.11305,-0.11368,-0.1142,-0.11464,-0.1152,-0.11684,-0.11938,-0.12218,-0.12439,-0.12548,-0.12632,-0.12646,-0.12531,-0.12395,-0.12345,-0.1225,-0.12204,-0.1213,-0.12086,-0.12068,-0.1197,-0.11861,-0.11798,-0.11752,-0.11754,-0.11809,-0.11896,-0.12017,-0.11987,-0.11992,-0.12022,-0.12083,-0.12244,-0.12407,-0.12652,-0.12957,-0.1313,-0.1331,-0.13541,-0.13765,-0.1405,-0.14542,-0.15148,-0.15874,-0.16695,-0.17594,-0.18494,-0.19319,-0.19994,-0.20503,-0.20817,-0.21014,-0.21004,-0.20923,-0.20914,-0.20993,-0.21246,-0.21442,-0.21596,-0.2176,-0.21745,-0.21646,-0.21504,-0.21235,-0.21054,-0.20729,-0.2012,-0.19464,-0.1873,-0.17465,-0.15577,-0.12545,-0.088534,-0.041296,0.018276,0.090237,0.17107,0.25836,0.34355,0.42552,0.48567,0.53192,0.56389,0.5846,0.5912,0.5799,0.54414,0.48468,0.3898,0.27086,0.14651,0.024009,-0.081881,-0.16506,-0.22725,-0.26955,-0.29924,-0.32268,-0.33335,-0.34125,-0.34321,-0.34089,-0.33681,-0.33084,-0.32627,-0.32287,-0.32,-0.32028,-0.30859,-0.28595,-0.26072,-0.2369,-0.22121,-0.21589,-0.21697,-0.22718,-0.23352,-0.23396,-0.23671,-0.24184,-0.24842,-0.25755,-0.26936,-0.28542,-0.30393,-0.32384,-0.34333,-0.36079,-0.37764,-0.39185,-0.40387,-0.4147,-0.42376,-0.43189,-0.44134,-0.45132,-0.46612,-0.48383,-0.50103,-0.51891,-0.53384,-0.53543,-0.52637,-0.51044,-0.49168,-0.47808,-0.47134,-0.47328,-0.4836,-0.49339,-0.5002,-0.5058,-0.50925,-0.51146,-0.51379,-0.5185,-0.52192,-0.52956,-0.53818,-0.54625,-0.55264,-0.55581,-0.55734,-0.56178,-0.56275,-0.55996,-0.55187,-0.53552,-0.51039,-0.48433,-0.45153,-0.42923,-0.40756,-0.40058,-0.40567,-0.43184,-0.47518,-0.53731,-0.59642,-0.6471,-0.67616,-0.67968,-0.66698,-0.65136,-0.62857,-0.61539,-0.60727,-0.60616,-0.62042,-0.63344,-0.65095,-0.65841,-0.6491,-0.63394,-0.61187,-0.59649,-0.58946,-0.58996,-0.59907,-0.60366,-0.61389,-0.62593,-0.64011,-0.65843,-0.67998,-0.70421,-0.72682,-0.74859,-0.76862,-0.78804,-0.80411,-0.82021,-0.83816,-0.8588,-0.87825,-0.90063,-0.92277,-0.93025,-0.93462,-0.93151,-0.9281,-0.92715,-0.93117,-0.93848,-0.94893,-0.94748,-0.94627,-0.93939,-0.9342,-0.92766,-0.92481,-0.92737,-0.93025,-0.93338,-0.93802,-0.93813,-0.93538,-0.92954,-0.9213,-0.91072,-0.89857,-0.88585,-0.87347,-0.86202,-0.85058,-0.83694,-0.81829,-0.79623,-0.77011,-0.74371,-0.72051,-0.70138,-0.68253,-0.66571,-0.64835,-0.63232,-0.6196,-0.60374,-0.58926,-0.57443,-0.55529,-0.52575,-0.4952,-0.45031,-0.40981,-0.36787,-0.3323,-0.30817,-0.29411,-0.27729,-0.26763,-0.25248,-0.24052,-0.23231,-0.22426,-0.21668,-0.22278,-0.23239,-0.23767,-0.2061,-0.1307,-0.0079301,0.14702,0.31925,0.47654,0.61423,0.72734,0.83853,0.9477,1.0607,1.1864,1.3213,1.4646,1.6091,1.7432,1.8608,1.9558,2.0266,2.0833,2.1284,2.1735,2.2251,2.2871,2.3643,2.4525,2.5492,2.6518,2.7502,2.8404,2.9183,2.9809,3.0298,3.0692,3.1002,3.1263,3.1442,3.1483,3.138,3.1105,3.0657,3.0077,2.9413,2.8692,2.7922,2.7051,2.6056,2.4876,2.3435,2.167,1.9556,1.7086,1.4315,1.1263,0.79801
-0.78331,-0.68079,-0.64646,-0.65594,-0.53708,-0.18831,-0.24066,-0.20059,-0.11885,0.063496,0.32083,0.51388,0.71367,0.96545,1.1759,1.3713,1.4566,1.5841,1.6774,1.6984,1.68,1.6263,1.4911,1.3906,1.2823,1.0555,0.75538,0.47217,0.21992,0.02506,-0.10854,-0.24831,-0.38408,-0.50208,-0.63447,-0.7691,-0.85329,-0.90456,-0.90092,-0.85759,-0.88644,-0.88269,-0.89249,-0.98641,-0.99791,-0.94084,-0.90483,-0.92094,-0.92963,-0.87166,-0.81401,-0.83981,-0.89839,-0.85958,-0.76559,-0.7254,-0.75567,-0.80772,-0.83137,-0.84141,-0.88303,-0.924,-0.89351,-0.89248,-0.96066,-0.96713,-0.88884,-0.88527,-0.98901,-1.0586,-1.0691,-1.1072,-1.146,-1.1313,-1.2233,-1.3183,-1.2202,-1.262,-1.443,-1.4774,-1.4741,-1.5018,-1.4786,-1.4774,-1.4992,-1.4742,-1.4314,-1.3215,-1.3033,-1.4206,-1.4441,-1.3862,-1.4219,-1.5017,-1.5543,-1.5509,-1.5029,-1.4342,-1.3173,-1.1647,-0.98383,-0.81052,-0.68037,-0.57663,-0.46431,-0.35871,-0.25537,-0.19448,-0.18943,-0.17366,-0.15622,-0.1528,-0.12114,-0.084281,-0.010025,-0.10279,-0.08923,-0.11571,-0.17746,-0.19581,-0.15645,-0.11435,-0.15289,-0.21246,-0.17891,-0.091886,0.011346,0.16991,0.32772,0.43136,0.55688,0.68432,0.79192,0.94852,1.154,1.4035,1.6707,1.8857,2.0317,2.1465,2.2634,2.3973,2.477,2.4798,2.401,2.2903,2.1656,1.9848,1.7526,1.5892,1.3238,1.1558,0.96697,0.67888,0.36698,0.19649,0.063784,-0.10875,-0.25431,-0.30218,-0.23309,-0.19063,-0.24763,-0.27945,-0.25842,-0.24714,-0.27018,-0.31944,-0.28728,-0.19768,-0.23482,-0.30297,-0.28261,-0.30336,-0.348,-0.32647,-0.29676,-0.28182,-0.34849,-0.43125,-0.34744,-0.25754,-0.26395,-0.33165,-0.4049,-0.42513,-0.417,-0.39826,-0.36746,-0.35007,-0.3346,-0.39348,-0.46608,-0.51984,-0.56593,-0.6409,-0.67758,-0.63452,-0.60903,-0.68565,-0.67955,-0.66471,-0.62552,-0.63745,-0.69129,-0.65794,-0.55142,-0.51494,-0.56396,-0.60431,-0.58849,-0.59792,-0.6097,-0.64117,-0.76625,-0.94853,-1.0365,-1.0879,-1.1039,-1.0271,-0.94899,-0.85194,-0.68682,-0.49702,-0.33662,-0.20223,-0.085962,0.01848,0.1165,0.19996,0.27792,0.33376,0.40116,0.50511,0.55011,0.52309,0.50011,0.50173,0.5006,0.51968,0.5569,0.52614,0.4765,0.44267,0.39293,0.39668,0.43638,0.47225,0.53576,0.63879,0.7648,0.84226,0.88905,1.0408,1.2263,1.3324,1.4296,1.6212,1.8876,2.1671,2.4281,2.62,2.7443,2.8599,2.9178,2.9206,2.8568,2.8105,2.7401,2.5633,2.3016,2.0517,1.8237,1.6409,1.4761,1.2362,0.93895,0.69158,0.56469,0.52013,0.42392,0.26971,0.20654,0.12792,0.1031,0.10982,0.10377,0.12308,0.14584,0.13173,0.15156,0.15749,0.15095,0.18094,0.19155,0.14769,0.13457,0.17913,0.21214,0.22365,0.24209,0.2246,0.18959,0.20373,0.18741,0.11093,0.080827,0.08268,0.064927,0.010192,-0.034547,-0.07595,-0.053642,-0.034613,-0.061708,-0.15256,-0.24205,-0.27878,-0.28515,-0.29341,-0.30489,-0.33784,-0.39008,-0.39851,-0.3154,-0.24642,-0.27409,-0.36471,-0.47644,-0.42999,-0.2838,-0.29176,-0.3723,-0.4094,-0.45014,-0.52214,-0.58999,-0.71076,-0.83064,-0.83067,-0.76068,-0.72096,-0.66636
-0.023055,-0.20854,-0.38969,-0.43043,-0.58499,-0.82848,-0.90674,-0.84052,-0.54762,-0.4913,-0.6049,-0.72803,-0.61838,-0.54864,-0.51284,-0.57796,-0.69863,-0.67893,-0.61286,-0.58027,-0.76202,-0.91544,-0.84616,-0.74108,-0.57986,-0.52406,-0.57228,-0.63307,-0.66678,-0.70031,-0.62071,-0.56636,-0.57049,-0.5738,-0.58745,-0.61381,-0.63036,-0.671,-0.64004,-0.6256,-0.60781,-0.62704,-0.6496,-0.60618,-0.57766,-0.58397,-0.56139,-0.55715,-0.58024,-0.50634,-0.43993,-0.41868,-0.47125,-0.45545,-0.44455,-0.39536,-0.37632,-0.3793,-0.40994,-0.37772,-0.34616,-0.25713,-0.20103,-0.17757,0.00030152,-0.10275,-0.15665,-0.14402,-0.20103,-0.36487,-0.58587,-0.72925,-0.719,-0.72458,-0.78584,-0.75899,-0.64057,-0.44645,-0.2041,0.031393,0.265,0.47386,0.64407,0.74101,0.83031,0.91447,0.93761,0.90197,0.90076,0.91342,0.86421,0.79477,0.72458,0.64408,0.66726,0.71816,0.67357,0.67539,0.4563,0.38566,0.34501,0.35515,0.44376,0.37925,0.30499,0.37148,0.43344,0.47043,0.49118,0.62791,0.77043,0.83203,1.1016,1.5188,1.899,2.2334,2.5309,2.7345,2.9235,3.0847,3.2211,3.291,3.2739,3.1818,3.0052,2.813,2.6657,2.441,2.0075,1.7727,1.5462,1.267,1.0742,0.79242,0.46154,0.21191,0.1039,-0.080045,-0.32533,-0.48123,-0.608,-0.61388,-0.63671,-0.6754,-0.58438,-0.55179,-0.64201,-0.59941,-0.56349,-0.58387,-0.55718,-0.61545,-0.54708,-0.53068,-0.64709,-0.60829,-0.56995,-0.53556,-0.57925,-0.67267,-0.68444,-0.6634,-0.68771,-0.64484,-0.64418,-0.6596,-0.54723,-0.5576,-0.61951,-0.63018,-0.60034,-0.55973,-0.58981,-0.64158,-0.62975,-0.53652,-0.56162,-0.61121,-0.62277,-0.63104,-0.66277,-0.61412,-0.5603,-0.54419,-0.55083,-0.53821,-0.52296,-0.31822,-0.41339,-0.44308,-0.45723,-0.4762,-0.36232,-0.25896,-0.26964,-0.22971,-0.19804,-0.1198,-0.092987,-0.079031,-0.072208,-0.085966,-0.1559,-0.29205,-0.50929,-0.62364,-0.71007,-0.80194,-0.89668,-0.98757,-0.85172,-0.67259,-0.50552,-0.27536,-0.028972,0.19392,0.56529,0.73495,0.86539,0.93742,0.96979,1.0366,1.0973,0.92304,0.88506,1.042,0.76409,0.63836,0.59807,0.55518,0.47413,0.44671,0.46536,0.44785,0.4598,0.4802,0.5082,0.61429,0.39816,-0.09357,-0.71489,0.34239,0.34979,0.39649,0.4317,0.4418,0.50311,0.59081,0.72346,0.89893,1.0519,1.2891,1.626,1.9129,2.2282,2.5838,2.8928,3.0829,3.1837,3.2605,3.1484,2.9336,2.5978,2.1855,1.7502,1.5113,0.97056,0.59901,0.62098,0.3096,-0.0058055,-0.079883,-0.19225,-0.25246,-0.47366,-0.67675,-0.77872,-0.82216,-0.81201,-0.78209,-0.8023,-0.81834,-0.80489,-0.80216,-0.83425,-0.81193,-0.79797,-0.85061,-0.87944,-0.85305,-0.81686,-0.84644,-0.8629,-0.83628,-0.83352,-0.88075,-0.8695,-0.8365,-0.859,-0.86063,-0.82333,-0.84635,-0.84924,-0.72878,-0.74001,-0.77824,-0.76251,-0.74839,-0.7752,-0.74214,-0.72136,-0.72883,-1.0051,-1.0878,-1.0917,-0.94069,-0.96022,-0.95597,-0.95819,-0.87102,-0.80935,-0.70078,-0.62118,-0.55487,-0.46999,-0.25991,-0.17175,-0.23365,-0.34903,-0.3279,-0.22992,-0.13412,-0.16399,-0.23683,-0.29206,-0.2917,-0.23102,-0.37259,-0.53953,-0.58464,-0.64911,-0.73123,-0.80817
-0.82056,-0.81623,-0.89071,-0.87242,-0.8974,-0.94854,-0.97423,-0.93058,-0.87547,-0.86495,-0.8495,-0.83537,-0.838,-0.80709,-0.85702,-0.87926,-0.83598,-0.7553,-0.71762,-0.69526,-0.64843,-0.60503,-0.58013,-0.63675,-0.59118,-0.41185,-0.29252,-0.4017,-0.68457,-0.77592,-0.97251,-1.1167,-0.90904,2.7269,3.1122,3.6259,-1.3894,-1.6688,-1.4296,-0.62255,-1.2869,-1.0929,-0.89855,-0.70341,-0.46162,-0.18847,0.14352,0.37683,1.1418,1.3531,1.5386,0.9836,0.69328,1.116,1.4283,-0.035473,0.76084,0.72519,0.6006,0.64776,0.50298,0.48801,0.46084,0.18284,-0.47122,-0.021483,0.17127,0.19886,0.052998,-0.076624,-0.026659,0.081841,0.26591,0.36132,0.015386,0.43987,0.43765,0.51691,0.58844,0.54845,1.0168,1.3537,1.8579,2.4901,2.9592,3.1694,3.0148,2.509,1.8918,1.3662,1.024,0.82432,0.60439,0.4306,0.22815,-0.086513,-0.24849,-0.18898,-0.28129,-0.47732,-0.52935,-0.52436,-0.49328,-0.55767,-0.59532,-0.53821,-0.54765,-0.56339,-0.54976,-0.40916,-0.36344,-0.44525,-0.55028,-0.53169,-0.48204,-0.46454,-0.48098,-0.52458,-0.5134,-0.52644,-0.53148,-0.57619,-0.61372,-0.64773,-0.7088,-0.67939,-0.58455,-0.50117,-0.52432,-0.60166,-0.64096,-0.63435,-0.52374,-0.57207,-0.58329,-0.54699,-0.57437,-0.66834,-0.68319,-0.64271,-0.81709,-0.82894,-0.71427,-0.66744,-0.59645,-0.47405,-0.47778,-0.45227,-0.37675,-0.33306,-0.39061,-0.48665,-0.44232,-0.35453,-0.35244,-0.14767,-0.14309,-0.28842,-0.32021,-0.2043,-0.2017,-0.18059,-0.21939,-0.11867,-0.22754,-0.7294,-0.93476,-0.96022,-1.1879,-1.1697,-1.4664,-1.1998,-1.1307,-1.1057,-1.0411,-0.69521,-0.5126,-0.27257,0.17713,0.48539,0.40875,0.26407,0.6353,2.0271,1.2756,1.0151,0.8,0.78962,0.95904,1.2956,0.92588,0.74711,0.75113,0.75113,0.70101,0.67287,0.6576,0.55523,0.3956,0.32334,0.47095,0.66878,0.49278,0.050243,-0.1244,0.10503,0.39923,0.6634,0.92243,1.2255,1.5728,1.8612,2.21,2.5451,2.8001,3.0371,3.1832,3.21,3.0943,2.8547,2.5194,2.12,1.7223,1.4325,1.0609,0.57549,0.60217,0.3795,-0.28925,-0.06466,-0.14747,-0.10114,-0.29151,-0.58817,-0.62103,-0.5736,-0.55839,-0.48212,-0.41451,-0.46661,-0.59864,-0.66711,-0.58124,-0.63579,-0.65491,-0.68751,-0.73902,-0.51973,-0.68162,-0.70035,-0.66032,-0.62853,-0.67321,-0.73541,-0.73755,-0.78397,-0.89078,-0.90078,-0.88547,-0.87558,-0.84075,-0.81573,-0.77336,-0.83636,-0.85249,-0.84393,-0.88609,-0.95643,-0.98155,-0.94325,-0.84631,-0.81272,-0.77073,-0.72,-0.66239,-0.52946,-0.51912,-0.49876,-0.30214,-0.16991,-0.27175,-0.58395,-0.64372,-0.50553,-0.38311,-0.29114,-0.21917,-0.35366,-0.41471,-0.21637,-0.17436,-0.41945,-0.37383,-0.35671,-0.62043,-0.97084,-1.1835,-1.427,-1.5396,-1.5291,-1.4544,-1.3825,-1.2825,-1.0474,-0.80927,-0.57725,-0.35471,-0.18433,0.061801,0.35403,0.57275,0.75998,0.87277,0.94019,1.0273,0.99183,0.92514,0.79933,0.68569,0.55976,0.56825,0.64861,0.65857,0.60097,0.61952,0.55124,0.57097,0.68111,0.46694,0.3739,0.27846,0.31088,0.29931,0.2836,0.25714,0.27829,0.4411,0.90694,1.1577,1.441,1.6435,1.7775,2.0012
-0.78766,-0.91107,-0.97722,-1.3648,-1.3357,-1.6533,-1.5494,-1.5664,-1.5818,-1.4638,-1.2899,-1.0414,-0.61333,-0.50848,-0.37779,-0.14495,0.14753,0.3176,0.11044,0.49734,0.45594,0.43819,0.51808,0.49534,0.97255,0.89049,0.48382,0.067948,-0.17287,-0.13132,0.019013,0.021779,-0.034959,-0.04242,-0.039599,-0.046428,-0.037502,-0.0067665,-0.19487,-0.33955,-0.1537,-0.16633,-0.18063,-0.13778,-0.10798,0.0061142,0.22204,0.62516,1.1026,1.4438,1.7908,1.9208,2.1874,2.3416,2.3322,2.2333,1.7989,1.5663,1.4024,1.1314,0.74177,0.45524,0.38232,0.37287,0.27943,-0.043091,-0.28331,-0.31177,-0.43527,-0.54455,-0.72027,-1.0075,-0.67297,-0.54329,-0.5206,-0.59251,-0.7824,-0.81264,-0.71711,-0.70396,-1.0137,-0.94842,-1.188,-0.85161,-0.86421,-0.81719,-0.72864,-0.62872,-0.56337,-0.54631,-0.60861,-0.43375,-0.46835,-0.5951,-0.78861,-0.84807,-0.89464,-0.80595,-0.83548,-0.86632,-0.92254,-0.91832,-0.92287,-0.81625,-0.83177,-0.76294,-0.77487,-0.89274,-0.94204,-0.87135,-0.88857,-0.9902,-0.90479,-0.73301,-0.62192,-0.59597,-0.60342,-0.64628,-0.84526,-0.90016,-0.81374,-0.68692,-0.65569,-0.67092,-0.57709,-0.44586,-0.45006,-0.53042,-0.50328,-0.52059,-0.45531,-0.60073,-0.72575,-0.68069,-0.57485,0.67481,1.6082,2.1272,2.4604,2.517,1.2871,-0.92526,-0.98552,-0.79728,-0.64396,-0.24197,-0.29193,-0.21046,0.086667,0.26658,0.39454,0.57694,0.684,0.73607,0.71405,0.69339,0.64468,0.53961,0.59793,0.64402,0.723,0.73136,0.53748,0.66462,0.84283,0.61498,0.45703,0.31372,0.20156,0.22278,0.32286,0.37825,0.29753,-0.3569,0.21933,0.11311,0.39749,0.69902,1.0065,1.2232,1.4439,1.7053,1.9015,2.133,2.3395,2.5176,2.7155,2.8373,2.7936,2.537,2.2335,1.9211,1.6307,1.3724,1.159,0.90842,0.51752,0.38696,0.47581,0.37093,0.0077241,-0.2866,-0.41569,-0.43185,-0.50656,-0.64497,-0.71399,-0.66496,-0.57255,-0.62461,-0.67825,-0.69249,-0.73533,-0.84561,-0.7462,-0.74112,-0.76719,-0.78446,-0.80986,-0.83112,-0.83062,-0.8189,-0.84101,-0.95201,-0.98878,-0.87142,-0.83813,-0.90176,-0.93122,-0.90144,-0.94582,-0.94862,-0.94845,-0.92649,-0.89408,-0.89094,-0.90619,-0.91945,-0.94303,-0.93177,-0.90243,-0.84255,-0.81361,-0.8268,-0.85456,-0.8194,-0.64719,-0.50997,-0.5204,-0.53151,-0.49495,-0.42846,-0.44927,-0.51557,-0.67052,-0.73587,-0.76787,-0.54857,-0.43944,-0.32646,-0.62445,-0.50051,-0.48335,-0.42659,-0.39072,-0.45845,-0.61067,-0.73203,-0.76789,-0.88867,-1.0089,-1.1057,-1.0844,-1.011,-1.0387,-0.97634,-0.76871,-0.51905,-0.25425,-0.060902,0.10118,0.23991,0.41792,0.56085,0.61193,0.56792,0.58018,0.68905,0.73916,0.6698,0.56093,0.5052,0.48832,0.47076,0.39175,0.31667,0.44362,0.85792,0.17802,0.12171,-0.096991,-0.12783,-0.15709,-0.22237,-0.2394,-0.22216,-0.12208,-0.071775,-0.284,-0.3325,0.015732,0.24604,0.47387,0.76513,1.0914,1.3565,1.6214,1.9316,2.2005,2.4105,2.6506,2.8532,2.8845,2.7347,2.5135,2.3291,2.0553,1.844,1.5507,1.2039,0.86446,0.55767,0.42622,0.24193,-0.058477,-0.36161,-0.56516,-0.62306,-0.52322,-0.686,-0.93359,-1.014,-0.93793
-1.3388,-1.2963,-1.2747,-1.2735,-1.2773,-1.2722,-1.2602,-1.2491,-1.2474,-1.2726,-1.3102,-1.3212,-1.3103,-1.3084,-1.3443,-1.3672,-1.3722,-1.3924,-1.3466,-1.3191,-1.3301,-1.3215,-1.3057,-1.2589,-1.2369,-1.2218,-1.1619,-1.0712,-1.1283,-1.0636,-1.0426,-1.0456,-1.1009,-1.1553,-1.1484,-1.1788,-1.2727,-1.377,-1.4357,-1.4834,-1.5542,-1.5915,-1.5976,-1.5645,-1.5358,-1.5073,-1.4296,-1.3091,-1.1842,-1.0491,-0.8842,-0.71709,-0.57566,-0.45007,-0.34869,-0.27878,-0.21796,-0.16571,-0.1353,-0.13635,-0.16719,-0.19715,-0.19376,-0.16547,-0.17285,-0.21464,-0.25614,-0.30195,-0.30577,-0.30746,-0.33558,-0.38004,-0.40884,-0.43536,-0.52348,-0.56033,-0.50713,-0.45399,-0.34563,-0.22416,-0.1382,-0.04004,0.040323,0.10329,0.19734,0.32593,0.50322,0.72373,0.96828,1.1817,1.3919,1.6248,1.792,1.9342,2.1082,2.2541,2.3368,2.3486,2.2939,2.1673,2.0037,1.8986,1.775,1.5523,1.2964,1.0053,0.74951,0.58726,0.41667,0.2346,0.051396,-0.12827,-0.25754,-0.37094,-0.49114,-0.55229,-0.58326,-0.6039,-0.58632,-0.57376,-0.59396,-0.59866,-0.58354,-0.57199,-0.55887,-0.56853,-0.5642,-0.53096,-0.53911,-0.54905,-0.52502,-0.5254,-0.53623,-0.53328,-0.53728,-0.54011,-0.53272,-0.5086,-0.4965,-0.5068,-0.50782,-0.51349,-0.54323,-0.55257,-0.53198,-0.53575,-0.57975,-0.57794,-0.52173,-0.49011,-0.48362,-0.49126,-0.48089,-0.49115,-0.55618,-0.5686,-0.54667,-0.54362,-0.55975,-0.50587,-0.44696,-0.50797,-0.53203,-0.49051,-0.51388,-0.54104,-0.56739,-0.60396,-0.60236,-0.6041,-0.6145,-0.58133,-0.58272,-0.59634,-0.58799,-0.56476,-0.51546,-0.51698,-0.58554,-0.62893,-0.59833,-0.58632,-0.68071,-0.77028,-0.73143,-0.74031,-0.86899,-0.93844,-0.91496,-0.90883,-0.92733,-0.89679,-0.76687,-0.58759,-0.42451,-0.27104,-0.10303,0.078107,0.24666,0.37901,0.47662,0.56426,0.61552,0.64918,0.70982,0.75625,0.75572,0.72751,0.73,0.74707,0.64579,0.65503,0.65425,0.57206,0.53688,0.48777,0.43837,0.44626,0.46048,0.45483,0.42822,0.44841,0.48196,0.48602,0.48495,0.52211,0.58849,0.67378,0.74446,0.80104,0.87391,0.98374,1.1003,1.1759,1.2468,1.3684,1.5012,1.6285,1.7638,1.9349,2.1292,2.2907,2.4344,2.6286,2.8359,2.9765,3.0113,3.0549,3.0957,3.0652,2.964,2.8079,2.635,2.4982,2.357,2.1761,1.9637,1.6919,1.4212,1.1749,0.92937,0.7124,0.53485,0.42709,0.35436,0.30808,0.27732,0.20818,0.12582,0.035507,-0.034755,-0.032192,0.009104,0.036754,0.053009,0.092681,0.13196,0.12572,0.11143,0.10533,0.073611,0.018897,0.016403,0.078313,0.10876,0.11222,0.11322,0.10683,0.07781,0.029684,0.066599,0.14911,0.1696,0.15071,0.10051,0.055057,0.073405,0.10206,0.11345,0.11809,0.12902,0.15668,0.16472,0.14234,0.11286,0.10801,0.13165,0.12818,0.099224,0.087773,0.064654,0.042942,0.049886,0.050023,0.031903,0.025257,0.032052,0.038206,0.040014,0.017112,0.0017255,0.014264,0.025726,0.0026293,-0.043015,-0.016257,0.0034186,0.066679,0.06494,0.064105,0.11016,0.13281,0.11644,0.079434,0.035541,0.012033,-0.030499,-0.11068,-0.24769,-0.35307,-0.39825,-0.38043,-0.35941
-0.1629,-0.030462,0.17183,0.39134,0.60902,0.79651,0.97641,1.1388,1.2259,1.2493,1.2653,1.3,1.2876,1.1817,0.99133,0.68454,0.2986,-0.041575,-0.29066,-0.48531,-0.65733,-0.72128,-0.86259,-0.9811,-1.0627,-1.0918,-1.0854,-1.1132,-1.1449,-1.1427,-1.1088,-1.1155,-1.1798,-1.2002,-1.1818,-1.1963,-1.2156,-1.2087,-1.201,-1.1835,-1.1573,-1.1981,-1.2261,-1.1729,-1.146,-1.1799,-1.1998,-1.2065,-1.215,-1.2236,-1.2292,-1.1817,-1.1402,-1.2329,-1.2633,-1.2042,-1.151,-1.1172,-1.1265,-1.1413,-1.1343,-1.1397,-1.1641,-1.1696,-1.154,-1.1411,-1.1272,-1.1213,-1.1003,-1.0502,-1.016,-1.0111,-1.0133,-1.0359,-1.0363,-1.0214,-1.0017,-1.0069,-1.0847,-1.0955,-1.0224,-0.9756,-0.97866,-1.0428,-1.122,-1.1937,-1.1908,-1.1485,-1.1352,-1.0985,-0.91148,-0.66911,-0.55149,-0.19571,-0.038173,-0.11817,0.035599,0.27434,0.32654,0.54365,0.58963,0.51532,0.37261,0.26469,0.30847,0.40761,0.35153,0.24138,0.16867,0.053516,0.015086,0.021298,-0.10973,-0.1487,-0.17081,-0.052058,0.11498,0.1837,0.28865,0.3624,0.41403,0.50793,0.6467,0.78186,0.97345,1.1985,1.405,1.6099,1.7546,1.8756,1.991,2.0728,2.1516,2.1781,2.186,2.1689,2.1028,2.0086,1.8488,1.649,1.3525,0.97381,0.60934,0.38654,0.21308,0.012692,-0.20816,-0.4262,-0.55703,-0.55674,-0.54446,-0.57943,-0.58913,-0.55652,-0.57777,-0.57309,-0.4685,-0.4616,-0.45438,-0.41385,-0.41775,-0.42732,-0.43436,-0.4606,-0.48681,-0.42636,-0.41632,-0.42643,-0.46302,-0.51953,-0.51414,-0.44245,-0.41966,-0.46879,-0.47614,-0.47117,-0.46967,-0.4585,-0.5074,-0.5664,-0.60409,-0.62398,-0.56955,-0.50672,-0.55669,-0.57893,-0.51649,-0.4222,-0.4656,-0.53001,-0.56216,-0.53518,-0.49962,-0.45242,-0.37417,-0.35215,-0.34857,-0.31849,-0.29225,-0.32862,-0.3918,-0.40538,-0.35356,-0.27467,-0.20357,-0.18693,-0.23564,-0.30548,-0.37882,-0.53469,-0.64052,-0.60298,-0.61882,-0.58132,-0.39127,-0.12093,0.081122,0.14784,0.41934,0.57491,0.69034,0.77899,0.83687,0.88592,0.94449,1.0106,1.0481,1.0168,0.99058,0.94226,0.86551,0.81352,0.7888,0.76748,0.55453,0.59729,0.63171,0.61305,0.57293,0.51938,0.51248,0.56868,0.6711,0.7538,0.83286,0.95872,1.1062,1.2642,1.4121,1.5665,1.7416,1.9505,2.2019,2.4293,2.5718,2.6845,2.8045,2.8252,2.7681,2.7357,2.7002,2.5926,2.3969,2.0737,1.6749,1.3482,1.1123,0.83891,0.56595,0.4318,0.3658,0.26193,0.18399,0.12617,0.083163,0.073612,0.043776,0.0011636,0.011961,0.03992,0.01462,-0.033121,0.05761,0.1111,0.0035703,-0.049387,-0.029177,-0.032075,0.034767,0.13844,0.0737,-0.03457,0.12484,0.29126,0.40214,0.5332,0.50793,0.49338,0.20655,0.010172,-0.052474,-0.1629,-0.030462,0.17183,0.39134,0.60902,0.79651,0.97641,1.1388,1.2259,1.2493,1.2653,1.3,1.2876,1.1817,0.99133,0.68454,0.2986,-0.041575,-0.29066,-0.48531,-0.65733,-0.72128,-0.86259,-0.9811,-1.0627,-1.0918,-1.0854,-1.1132,-1.1449,-1.1427,-1.1088,-1.1155,-1.1798,-1.2002,-1.1818,-1.1963,-1.2156,-1.2087,-1.201,-1.1835,-1.1573,-1.1981
0.03317,0.03317,-0.048684,-0.13054,-0.13054,-0.13054,-0.08961,-0.048684,-0.08961,-0.17146,-0.13054,-0.08961,-0.048684,-0.048684,-0.048684,-0.08961,-0.13054,-0.17146,-0.17146,-0.21239,-0.29424,-0.29424,-0.21239,-0.29424,-0.3761,-0.29424,-0.25332,-0.25332,-0.33517,-0.3761,-0.45795,-0.5398,-0.5398,-0.49888,-0.33517,-0.29424,-0.3761,-0.41702,-0.33517,-0.25332,-0.25332,-0.17146,-0.08961,-0.17146,-0.17146,-0.08961,-0.0077567,-0.13054,-0.048684,0.15595,0.23781,0.23781,0.27873,0.19688,0.19688,0.23781,0.19688,0.19688,0.15595,0.15595,0.19688,0.15595,0.03317,0.074097,0.19688,0.23781,0.36059,0.52429,0.60615,0.56522,0.52429,0.52429,0.44244,0.27873,0.19688,0.15595,0.19688,0.19688,0.11502,0.15595,0.23781,0.27873,0.15595,0.15595,-0.0077567,-0.21239,-0.49888,-0.74444,-0.82629,-0.66258,-0.45795,-0.41702,-0.58073,-0.86722,-0.99,-0.99,-0.86722,-0.78537,-0.74444,-0.66258,-0.70351,-0.78537,-0.82629,-0.78537,-0.74444,-0.74444,-0.74444,-0.78537,-0.86722,-0.94907,-0.99,-1.0309,-1.1128,-1.1537,-1.1946,-1.1946,-1.1946,-1.1946,-1.1946,-1.2356,-1.2765,-1.2765,-1.2765,-1.3174,-1.3583,-1.3993,-1.3583,-1.3993,-1.4402,-1.3993,-1.3583,-1.3583,-1.3583,-1.3583,-1.3993,-1.3583,-1.3174,-1.3174,-1.3993,-1.4402,-1.4811,-1.4402,-1.3993,-1.4402,-1.4402,-1.4402,-1.4811,-1.4811,-1.4402,-1.3993,-1.3583,-1.3174,-1.3993,-1.3993,-1.3583,-1.3174,-1.3174,-1.3174,-1.3583,-1.3583,-1.3583,-1.3993,-1.3993,-1.3993,-1.3583,-1.2356,-1.1946,-1.1946,-1.1537,-1.1128,-1.1128,-1.0719,-0.94907,-0.86722,-0.86722,-0.90815,-0.86722,-0.86722,-0.82629,-0.74444,-0.70351,-0.66258,-0.66258,-0.66258,-0.66258,-0.62166,-0.5398,-0.5398,-0.5398,-0.5398,-0.49888,-0.41702,-0.3761,-0.29424,-0.25332,-0.21239,-0.13054,-0.13054,-0.13054,-0.048684,0.03317,0.15595,0.27873,0.31966,0.27873,0.23781,0.27873,0.31966,0.36059,0.40151,0.48337,0.56522,0.688,0.76985,0.85171,0.89263,0.97449,1.0154,1.0154,1.0154,1.0563,1.0563,1.0563,1.0563,1.0973,1.0563,1.0563,1.0973,1.1382,1.3019,1.3838,1.4247,1.5475,1.6293,1.6702,1.6702,1.7112,1.7112,1.7112,1.7521,1.793,1.834,1.261,1.261,1.4656,1.4656,1.4656,1.6293,1.6702,1.7112,1.834,1.8749,1.9158,1.9567,1.8749,1.793,1.7112,1.6293,1.5884,1.5065,1.4247,1.3838,1.4247,1.5065,1.5065,1.4656,1.4656,1.4247,1.4247,1.4656,1.4247,1.261,1.0973,0.93356,0.64707,0.56522,0.52429,0.48337,0.72893,0.93356,1.0973,1.0563,1.0154,1.0154,0.97449,0.76985,0.76985,0.93356,0.89263,0.85171,0.97449,1.1382,1.1382,1.1382,1.0563,1.0973,1.261,1.22,1.3428,1.3428,1.3838,1.5065,1.6702,1.834,2.0795,2.2432,2.3251,2.1614,1.834,1.4656,0.72893,-0.17146,-0.25332,0.23781,0.11502,-0.3761,-0.45795,-0.66258,-0.78537,-0.82629,-0.74444,-0.70351,-0.82629,-0.90815,-0.94907,-0.90815,-0.82629,-0.78537,-0.74444,-0.66258,-0.66258,-0.66258,-0.62166,-0.5398,-0.45795,-0.41702,-0.45795,-0.49888,-0.49888,-0.5398,-0.5398,-0.49888,-0.49888
-0.72825,-0.7797,-0.80529,-0.81415,-0.86455,-0.87088,-0.89739,-0.92315,-0.86145,-0.83781,-0.9582,-1.1032,-1.0701,-0.94803,-0.83649,-0.76102,-0.79133,-0.89125,-0.90438,-0.83198,-0.80838,-0.84161,-0.86632,-0.89813,-0.92852,-0.91932,-0.7957,-0.83093,-0.86655,-0.92153,-0.96241,-0.90196,-0.82697,-0.82065,-0.80542,-0.80513,-0.79139,-0.70497,-0.72849,-0.71174,-0.65167,-0.64519,-0.68429,-0.67591,-0.63974,-0.55337,-0.5113,-0.46046,-0.43364,-0.39196,-0.31153,-0.20857,-0.16122,-0.14119,-0.14137,-0.15947,-0.15069,-0.12047,-0.21183,-0.43691,-0.5163,-0.61461,-0.60677,-0.51257,-0.53487,-0.35069,-0.22066,-0.1691,-0.1074,0.089686,0.25033,0.54186,0.68471,0.66167,0.74244,0.92611,1.2621,1.5764,1.3904,0.95346,0.83312,0.72386,0.73841,0.81803,0.79112,0.61616,0.42391,0.41926,0.37629,0.31564,0.22596,0.13992,0.034652,-0.13075,-0.19228,0.21783,0.10174,0.11496,0.17526,0.31275,0.43618,0.55423,0.88581,1.3825,1.6171,1.8262,2.1903,2.4999,2.7449,3.0281,3.544,3.7635,3.7587,3.6009,3.3854,3.0735,2.7525,2.2616,1.8882,1.5741,1.3949,1.3067,1.12,0.92733,0.68924,0.44505,0.41664,0.46499,0.30917,0.13297,0.067409,0.077982,0.050288,0.032562,-0.068103,-0.21326,-0.36046,-0.41677,-0.43867,-0.44423,-0.45991,-0.50566,-0.47682,-0.44166,-0.42577,-0.54585,-0.65796,-0.62463,-0.66798,-0.59931,-0.43017,-0.44785,-0.50876,-0.54365,-0.57047,-0.56235,-0.51441,-0.49689,-0.50905,-0.48124,-0.42706,-0.48345,-0.48575,-0.42405,-0.43067,-0.3973,-0.3758,-0.48577,-0.50355,-0.40196,-0.30106,-0.35951,-0.44016,-0.43928,-0.40421,-0.32518,-0.28153,-0.25894,-0.25689,-0.14464,-0.012551,0.0030642,-0.049962,-0.072514,-0.052022,0.0082488,0.097508,0.19411,0.24785,0.35867,0.24412,0.040773,-0.098983,-0.25528,-0.40216,-0.64198,-0.75956,-0.49971,-0.60738,-0.75025,-0.61102,-0.32311,-0.14458,-0.12015,-0.046598,0.19651,0.48195,0.62001,0.70805,0.8745,1.0142,1.0385,1.0347,0.98894,0.90155,0.87762,0.86277,0.78739,0.75664,0.7031,0.54766,0.57332,0.55336,0.52455,0.48645,0.4138,0.2581,0.052951,-0.072026,-0.046753,0.067299,0.11736,-0.020994,-0.11794,-0.059597,0.14915,0.39423,0.56851,0.78448,1.1201,1.4811,1.7385,2.0532,2.3797,2.693,2.9564,3.0904,3.0569,2.9084,2.6854,2.488,2.2604,1.9908,1.5572,1.0288,0.64546,0.4454,0.22273,0.001917,-0.05807,-0.046612,-0.26108,-0.53075,-0.64732,-0.63084,-0.64898,-0.67564,-0.60406,-0.55321,-0.59713,-0.53948,-0.48854,-0.59541,-0.76899,-0.86752,-0.90096,-0.91875,-0.89986,-0.87573,-0.87394,-0.84954,-0.78407,-0.7788,-0.80973,-0.8138,-0.81981,-0.81371,-0.82988,-0.84705,-0.86613,-0.85728,-0.88262,-0.90384,-0.85444,-0.82949,-0.86975,-0.88309,-0.89737,-0.88289,-0.86601,-0.95265,-0.95027,-0.85716,-0.81521,-0.84456,-0.80797,-0.79954,-0.80218,-0.80147,-0.79769,-0.76175,-0.78745,-0.74473,-0.61196,-0.4825,-0.46449,-0.52468,-0.65103,-0.35544,-0.099195,-0.11951,-0.18905,-0.24855,-0.11296,0.017865,-0.084443,-0.19163,-0.3078,-0.53108,-0.75222,-0.79441,-0.82117,-1.1045,-1.384,-1.1781,-1.0214,-0.84742,-0.60336,-0.4199,-0.29745,-0.047281,0.20006,0.34086
-1.1675,-1.1607,-1.1081,-1.1624,-1.1475,-1.1496,-1.2026,-1.1424,-1.104,-1.0916,-1.1097,-1.1474,-1.1905,-1.2082,-1.193,-1.1793,-1.1664,-1.1754,-1.1771,-1.2087,-1.1893,-1.1282,-1.0595,-0.99605,-0.95457,-0.89939,-0.87443,-0.86141,-0.84475,-0.81095,-0.79782,-0.7887,-0.77266,-0.73565,-0.68272,-0.69416,-0.75897,-0.93136,-1.0373,-1.0998,-1.2999,-1.497,-1.677,-1.7416,-1.7835,-1.6866,-1.596,-1.5217,-1.3646,-1.1981,-1.0545,-0.87494,-0.66509,-0.44186,-0.26849,-0.086103,-0.12162,0.1242,0.33769,0.41135,0.48758,0.46086,0.39951,0.42919,0.46518,0.49856,0.50317,0.49807,0.47688,0.41944,0.43322,0.51756,0.46985,0.34141,0.32158,0.32937,0.36959,0.43885,0.52369,0.42798,0.37483,0.54395,0.70168,0.7825,0.9104,1.0715,1.27,1.465,1.6773,1.8662,2.0553,2.2891,2.4959,2.6346,2.7252,2.6909,2.5585,2.3533,2.0519,1.8287,1.6815,1.5433,1.3145,1.1005,1.0209,0.9468,0.78741,0.54224,0.27553,0.22085,0.22779,0.096417,-0.012095,-0.080362,-0.21236,-0.28731,-0.32277,-0.36772,-0.42871,-0.45294,-0.47986,-0.49976,-0.48874,-0.54318,-0.55513,-0.55621,-0.52678,-0.53173,-0.55785,-0.56864,-0.55318,-0.55235,-0.57417,-0.64313,-0.60978,-0.62396,-0.64334,-0.66295,-0.6297,-0.6038,-0.55686,-0.50984,-0.50142,-0.5377,-0.54993,-0.55356,-0.52655,-0.53906,-0.49117,-0.4148,-0.37253,-0.35459,-0.32871,-0.28707,-0.2719,-0.28362,-0.33464,-0.34564,-0.3674,-0.2361,-0.3676,-0.26203,-0.28094,-0.35908,-0.41841,-0.36517,-0.3007,-0.32152,-0.27137,-0.18952,-0.095799,-0.050932,-0.092838,-0.10434,-0.12647,-0.17625,-0.23325,-0.30752,-0.32442,-0.36547,-0.48426,-0.62044,-0.74902,-0.87681,-0.9529,-1.0147,-0.97964,-0.95161,-0.87107,-0.78289,-0.64819,-0.48638,-0.30959,-0.1325,0.040554,0.15488,0.25796,0.40097,0.53176,0.56062,0.5584,0.57974,0.60061,0.59767,0.64066,0.72938,0.76858,0.70443,0.66256,0.69464,0.70459,0.71465,0.70955,0.60133,0.49659,0.47395,0.51221,0.5403,0.56681,0.69061,0.76117,0.7325,0.72564,0.80086,0.92846,1.0978,1.3095,1.515,1.7044,1.9135,2.1107,2.3874,2.6695,2.8024,2.928,3.0925,3.174,3.1637,3.0914,2.9925,2.8764,2.7361,2.5264,2.2183,2.0791,1.8493,1.6414,1.4508,1.2061,0.94427,0.6907,0.47188,0.30743,0.19402,0.095785,-0.11264,-0.20397,-0.22951,-0.33626,-0.44055,-0.4737,-0.51285,-0.52974,-0.48274,-0.4985,-0.50129,-0.45744,-0.47216,-0.47245,-0.47973,-0.50271,-0.5264,-0.49742,-0.46352,-0.49728,-0.4925,-0.48381,-0.48813,-0.47027,-0.44423,-0.48552,-0.47978,-0.51446,-0.531,-0.49259,-0.49461,-0.50685,-0.51537,-0.51553,-0.52644,-0.53146,-0.53389,-0.53522,-0.53127,-0.50824,-0.51176,-0.48983,-0.45782,-0.43494,-0.45153,-0.45424,-0.47806,-0.50215,-0.52129,-0.61422,-0.61832,-0.55964,-0.50702,-0.47711,-0.47142,-0.42247,-0.39461,-0.30809,-0.23193,-0.19763,-0.14236,-0.065719,-0.043313,0.024015,0.062545,0.059006,0.10331,0.10859,0.13513,0.1378,0.098222,0.13737,0.076953,-0.024607,-0.17954,-0.36584,-0.52662,-0.63063,-0.74661,-0.71559,-0.69712,-0.66475,-0.59506,-0.48275,-0.21106,-0.037734,0.074859,0.30941
-0.45421,-0.45421,-0.38649,-0.35263,-0.38649,-0.45421,-0.38649,-0.42035,-0.38649,-0.35263,-0.35263,-0.38649,-0.31877,-0.42035,-0.42035,-0.42035,-0.45421,-0.45421,-0.42035,-0.38649,-0.42035,-0.45421,-0.42035,-0.35263,-0.38649,-0.35263,-0.31877,-0.38649,-0.42035,-0.42035,-0.42035,-0.38649,-0.45421,-0.48807,-0.42035,-0.45421,-0.52193,-0.48807,-0.48807,-0.42035,-0.45421,-0.45421,-0.45421,-0.48807,-0.52193,-0.58965,-0.58965,-0.55579,-0.55579,-0.55579,-0.52193,-0.45421,-0.45421,-0.45421,-0.48807,-0.52193,-0.45421,-0.45421,-0.48807,-0.48807,-0.52193,-0.52193,-0.48807,-0.45421,-0.48807,-0.52193,-0.52193,-0.55579,-0.62351,-0.62351,-0.58965,-0.58965,-0.62351,-0.65737,-0.62351,-0.62351,-0.65737,-0.65737,-0.58965,-0.65737,-0.65737,-0.58965,-0.62351,-0.69123,-0.62351,-0.69123,-0.69123,-0.69123,-0.72509,-0.72509,-0.75896,-0.79282,-0.75896,-0.72509,-0.79282,-0.82668,-0.79282,-0.82668,-0.8944,-0.8944,-0.8944,-0.82668,-0.79282,-0.82668,-0.8944,-0.96212,-1.0637,-0.99598,-0.92826,-0.86054,-0.82668,-0.82668,-0.82668,-0.8944,-0.92826,-0.96212,-1.0298,-1.0637,-0.99598,-0.8944,-0.99598,-1.0976,-1.0976,-1.0637,-1.0976,-1.0976,-1.0637,-1.0976,-1.1314,-1.1314,-1.0976,-1.0976,-1.0976,-1.0637,-1.0637,-1.0637,-1.0976,-1.0976,-1.0637,-1.0298,-1.0298,-1.0637,-1.0976,-1.0976,-1.0637,-1.0298,-1.0298,-1.0298,-1.0637,-1.0976,-1.0637,-1.0637,-1.0637,-1.0637,-1.0298,-0.99598,-1.0298,-1.0298,-0.99598,-0.96212,-0.96212,-0.92826,-0.8944,-0.82668,-0.8944,-0.99598,-0.99598,-0.99598,-0.99598,-0.8944,-0.86054,-0.82668,-0.65737,-0.62351,-0.58965,-0.62351,-0.55579,-0.52193,-0.45421,-0.38649,-0.31877,-0.2849,-0.31877,-0.38649,-0.35263,-0.35263,-0.35263,-0.25104,-0.18332,-0.25104,-0.25104,-0.2849,-0.31877,-0.25104,-0.2849,-0.38649,-0.35263,-0.31877,-0.48807,-0.48807,-0.21718,-0.08174,-0.14946,-0.2849,-0.18332,-0.21718,-0.25104,0.087563,0.39231,0.56162,0.52775,0.62934,0.8325,0.96794,1.1711,1.4759,1.7467,1.916,1.9499,1.8822,1.8822,1.7806,1.5436,1.7129,1.6452,1.6452,1.6452,1.6452,1.5774,1.4759,1.4759,1.4759,1.3743,1.3066,1.4081,1.5436,1.6452,1.7467,1.8822,2.0176,2.1531,2.2885,2.3562,2.5933,2.7287,2.8641,2.9319,2.898,2.9319,2.9996,2.9657,2.898,2.8303,2.7964,2.6948,2.5255,2.3562,2.1531,1.9499,1.8145,1.6452,1.3743,1.205,1.0357,0.76478,0.69706,0.86636,0.8325,0.76478,0.6632,0.59548,0.52775,0.49389,0.42617,0.39231,0.42617,0.46003,0.46003,0.46003,0.49389,0.46003,0.42617,0.52775,0.56162,0.59548,0.62934,0.6632,0.6632,0.62934,0.59548,0.59548,0.56162,0.52775,0.52775,0.49389,0.46003,0.46003,0.42617,0.42617,0.46003,0.49389,0.52775,0.52775,0.56162,0.56162,0.52775,0.56162,0.56162,0.52775,0.56162,0.49389,0.46003,0.46003,0.46003,0.42617,0.42617,0.42617,0.42617,0.35845,0.25687,0.29073,0.32459,0.42617,0.42617,0.39231,0.35845,0.32459,0.29073,0.22301,0.18915,0.12143,0.053702,0.087563,0.18915,0.18915,0.15529,0.12143,0.019842,0.019842,0.019842,-0.04788,-0.1156,-0.14946
-0.4664,-0.50431,-0.51162,-0.52136,-0.51836,-0.51593,-0.54024,-0.54511,-0.58171,-0.6294,-0.62198,-0.61025,-0.61179,-0.58834,-0.60145,-0.64221,-0.64479,-0.63446,-0.66083,-0.70556,-0.74635,-0.75182,-0.74261,-0.72455,-0.7056,-0.6993,-0.72331,-0.81427,-0.86889,-0.89186,-0.91572,-0.90261,-0.87226,-0.89695,-0.92958,-0.89744,-0.85398,-0.79764,-0.78044,-0.79824,-0.85428,-0.89882,-0.90722,-0.88032,-0.84121,-0.77306,-0.68042,-0.53316,-0.44711,-0.48704,-0.48019,-0.38676,-0.27452,-0.25916,-0.32921,-0.3911,-0.38526,-0.34559,-0.30764,-0.24103,-0.13696,-0.017043,0.11947,0.22537,0.27463,0.38327,0.56253,0.75598,0.96877,1.1045,1.0702,0.92962,0.8841,0.94472,0.96982,0.97229,0.97667,0.99083,1.0025,1.0031,1.0126,1.029,1.0333,0.99885,0.94783,0.81843,0.77947,0.66911,0.47918,0.28778,0.19353,0.14153,-0.032965,-0.10212,-0.12913,-0.15895,-0.20428,-0.22721,-0.24137,-0.2444,-0.24785,-0.29955,-0.31348,-0.24942,-0.19222,-0.10332,-0.07451,-0.077769,-0.10497,-0.10058,-0.077282,-0.10991,-0.15689,-0.10208,-0.00056052,0.10336,0.16041,0.18799,0.26179,0.38769,0.56283,0.70672,0.75115,0.85994,0.99304,1.1887,1.4104,1.7818,2.1406,2.4061,2.4599,2.4432,2.406,2.2805,2.1963,2.2192,2.2617,2.2238,2.1018,1.9219,1.7835,1.7222,1.6634,1.5452,1.4589,1.4376,1.3799,1.3387,1.0275,0.3629,-0.69316,-0.8901,-0.80835,-0.63292,-0.60093,-0.62086,-0.64633,-0.64472,-0.71253,-0.79382,-0.80225,-0.76966,-0.69945,-0.63224,-0.60966,-0.60568,-0.65832,-0.71474,-0.70099,-0.69368,-0.66637,-0.59864,-0.50293,-0.47929,-0.46786,-0.41159,-0.38466,-0.39507,-0.40204,-0.4086,-0.41114,-0.40122,-0.40541,-0.43703,-0.46689,-0.46292,-0.37548,-0.22855,-0.08309,0.055221,0.2002,0.43733,0.6642,0.89523,1.1864,1.4324,1.5525,1.6723,1.8605,2.0579,2.1899,2.2715,2.4144,2.5421,2.5236,2.4548,2.4419,2.4291,2.5096,2.4619,2.3224,2.1729,2.0376,1.9145,1.8239,1.7152,1.6087,1.4989,1.3986,1.1684,0.88343,0.51986,0.42194,-0.054131,-0.32513,-0.30812,-0.45168,-0.61381,-0.71807,-0.9013,-0.99585,-1.026,-0.96199,-1.0272,-1.0865,-1.3008,-1.4407,-1.3842,-1.2795,-1.2343,-1.2273,-1.226,-1.3487,-1.5606,-1.5797,-1.4073,-1.3205,-1.3801,-1.2017,-1.0719,-0.91321,-0.80577,-0.76924,-0.72908,-0.74171,-0.79925,-0.78569,-0.71579,-0.018092,-0.79311,-0.82109,-0.52226,-0.32888,-0.12527,-0.1131,-0.4664,-0.50431,-0.51162,-0.52136,-0.51836,-0.51593,-0.54024,-0.54511,-0.58171,-0.6294,-0.62198,-0.61025,-0.61179,-0.58834,-0.60145,-0.64221,-0.64479,-0.63446,-0.66083,-0.70556,-0.74635,-0.75182,-0.74261,-0.72455,-0.7056,-0.6993,-0.72331,-0.81427,-0.86889,-0.89186,-0.91572,-0.90261,-0.87226,-0.89695,-0.92958,-0.89744,-0.85398,-0.79764,-0.78044,-0.79824,-0.85428,-0.89882,-0.90722,-0.88032,-0.84121,-0.77306,-0.68042,-0.53316,-0.44711,-0.48704,-0.48019,-0.38676,-0.27452,-0.25916,-0.32921,-0.3911,-0.38526,-0.34559,-0.30764,-0.24103,-0.13696,-0.017043,0.11947,0.22537,0.27463,0.38327,0.56253,0.75598,0.96877,1.1045,1.0702,0.92962,0.8841,0.94472,0.96982,0.97229,0.97667,0.99083
0.67467,0.60442,0.49904,0.46392,0.39366,0.35854,0.39366,0.39366,0.35854,0.28828,0.25316,0.21803,0.1829,0.14778,0.11265,0.11265,0.11265,0.042399,-0.027854,-0.098107,-0.098107,-0.098107,-0.13323,-0.23861,-0.27374,-0.27374,-0.30887,-0.41425,-0.4845,-0.4845,-0.44937,-0.4845,-0.55475,-0.55475,-0.58988,-0.69526,-0.73039,-0.69526,-0.69526,-0.76551,-0.76551,-0.76551,-0.80064,-0.80064,-0.80064,-0.80064,-0.80064,-0.80064,-0.80064,-0.83577,-0.80064,-0.80064,-0.76551,-0.80064,-0.83577,-0.83577,-0.87089,-0.87089,-0.90602,-0.97627,-0.94114,-0.90602,-0.90602,-0.87089,-0.87089,-0.94114,-0.90602,-0.87089,-0.87089,-0.87089,-0.90602,-0.94114,-0.97627,-1.0465,-1.0114,-0.97627,-0.97627,-0.94114,-0.90602,-0.83577,-0.80064,-0.73039,-0.73039,-0.73039,-0.73039,-0.73039,-0.73039,-0.62501,-0.51963,-0.4845,-0.4845,-0.4845,-0.51963,-0.55475,-0.55475,-0.55475,-0.4845,-0.44937,-0.44937,-0.44937,-0.41425,-0.37912,-0.30887,-0.27374,-0.27374,-0.23861,-0.16836,-0.13323,-0.098107,-0.098107,-0.098107,-0.062981,-0.027854,0.0072719,0.042399,0.11265,0.14778,0.21803,0.25316,0.32341,0.32341,0.32341,0.25316,0.25316,0.25316,0.25316,0.32341,0.35854,0.32341,0.25316,0.21803,0.21803,0.32341,0.35854,0.32341,0.28828,0.32341,0.39366,0.42879,0.42879,0.42879,0.42879,0.46392,0.46392,0.46392,0.46392,0.49904,0.5693,0.5693,0.5693,0.53417,0.5693,0.63955,0.67467,0.7098,0.74493,0.74493,0.81518,0.88543,0.95569,0.99081,1.0259,1.0259,1.0259,0.99081,0.95569,0.95569,0.95569,0.92056,0.92056,0.92056,0.88543,0.92056,0.92056,0.88543,0.92056,1.0259,1.0259,0.95569,0.92056,0.95569,0.99081,0.95569,0.95569,0.88543,0.81518,0.7098,0.67467,0.74493,0.74493,0.74493,0.81518,0.95569,1.0611,1.2016,1.4475,1.588,1.6933,1.869,2.0095,2.0446,2.0797,2.1149,2.1149,2.15,2.0446,1.9744,2.0797,2.0446,2.1149,2.2554,2.4661,2.6769,2.8174,2.9579,3.0282,3.0984,3.1335,3.1687,3.1335,2.9579,2.7471,2.6066,2.2905,1.6582,1.5177,1.1313,0.60442,0.39366,0.35854,0.32341,0.28828,0.21803,0.077525,0.0072719,-0.027854,-0.062981,-0.062981,-0.20349,-0.098107,-0.062981,-0.062981,-0.13323,-0.27374,-0.20349,-0.13323,-0.16836,-0.16836,-0.20349,-0.23861,-0.20349,-0.27374,-0.27374,-0.27374,-0.30887,-0.34399,-0.34399,-0.30887,-0.34399,-0.41425,-0.58988,-0.58988,-0.62501,-0.69526,-0.87089,-0.87089,-0.83577,-0.83577,-0.73039,-0.58988,-0.69526,-0.66013,-0.69526,-0.66013,-0.69526,-0.83577,-0.94114,-0.94114,-0.97627,-1.0817,-1.187,-1.0465,-0.80064,-0.73039,-0.80064,-0.83577,-0.87089,-0.90602,-1.0114,-1.0817,-1.0817,-1.0817,-1.1168,-1.187,-1.2222,-1.2924,-1.3627,-1.3978,-1.468,-1.4329,-1.2924,-1.2222,-1.2573,-1.2573,-1.2573,-1.2222,-1.3275,-1.3978,-1.3627,-1.3978,-1.3627,-1.3978,-1.2573,-1.3275,-1.2573,-1.3275,-1.187,-1.1519,-0.94114,-0.83577,-0.83577,-0.83577,-0.83577,-0.87089,-0.69526,-0.80064,-0.80064,-0.80064,-0.62501,-0.4845,-0.4845,-0.4845,-0.41425,-0.30887,-0.13323,-0.027854,-0.062981,0.1829,0.32341,0.35854,0.42879,0.60442,0.81518
1.4123,1.2269,1.0333,0.89364,0.78359,0.65152,0.53544,0.39637,0.23005,0.10826,0.070488,-0.03336,-0.20815,-0.31187,-0.35006,-0.42299,-0.47146,-0.51476,-0.58937,-0.64756,-0.62104,-0.64149,-0.75241,-0.80873,-0.72713,-0.68268,-0.76005,-0.78476,-0.79925,-0.79983,-0.75439,-0.75647,-0.75254,-0.72434,-0.68851,-0.70287,-0.74444,-0.76878,-0.74974,-0.72667,-0.72615,-0.72441,-0.72728,-0.71417,-0.69001,-0.72126,-0.73839,-0.74075,-0.71786,-0.70067,-0.67926,-0.67169,-0.69072,-0.71911,-0.7219,-0.66592,-0.60073,-0.57012,-0.56352,-0.55861,-0.58007,-0.58101,-0.56619,-0.4803,-0.42023,-0.40143,-0.38203,-0.36995,-0.33097,-0.26165,-0.2419,-0.22447,-0.13436,-0.093266,-0.10419,-0.12671,-0.17245,-0.22358,-0.29266,-0.44345,-0.59379,-0.72115,-0.77123,-0.76506,-0.80008,-0.87754,-0.85024,-0.72001,-0.51467,-0.28742,-0.11214,0.0057078,0.14107,0.28839,0.4325,0.62777,0.81553,0.88774,0.92915,1.0383,1.0577,1.0047,0.90042,0.81742,0.80206,0.83208,0.73196,0.6409,0.49865,0.41477,0.40561,0.46968,0.5114,0.56602,0.69581,0.75162,0.66673,0.59461,0.64396,0.70205,0.78665,0.87792,1.0349,1.2184,1.401,1.6137,1.8799,2.1012,2.33,2.6336,2.9049,3.1325,3.1535,3.0046,2.7487,2.4594,2.1753,1.9183,1.6576,1.4129,1.2935,1.177,1.04,0.89223,0.79298,0.55456,0.35778,0.26331,0.15526,0.0070766,-0.1069,-0.25191,-0.36571,-0.4335,-0.47781,-0.53996,-0.55758,-0.57815,-0.61126,-0.63029,-0.64597,-0.64247,-0.62502,-0.6815,-0.69352,-0.7147,-0.7074,-0.71099,-0.71695,-0.70073,-0.71698,-0.73833,-0.73539,-0.7606,-0.76212,-0.73861,-0.74483,-0.74408,-0.69135,-0.71555,-0.71695,-0.67417,-0.67565,-0.70255,-0.66618,-0.67021,-0.72098,-0.74297,-0.75035,-0.76398,-0.76531,-0.72294,-0.6545,-0.6687,-0.74121,-0.76754,-0.77919,-0.79173,-0.72132,-0.62116,-0.59165,-0.60337,-0.56303,-0.48766,-0.44013,-0.42746,-0.38275,-0.33635,-0.29301,-0.19258,-0.12497,-0.1203,-0.097132,-0.0899,-0.10391,-0.10336,-0.15159,-0.26408,-0.40647,-0.49358,-0.59854,-0.72212,-0.78541,-0.78449,-0.72047,-0.58471,-0.36278,-0.030545,0.19359,0.19874,0.24362,0.36389,0.34895,0.29814,0.26834,0.25602,0.28235,0.31299,0.31014,0.28627,0.25158,0.20009,0.20427,0.22058,0.17194,0.10714,-0.0049499,-0.07501,-0.035265,0.010933,0.020399,-0.014873,0.26841,0.3185,0.21086,0.16934,0.3122,0.54001,0.70522,0.94051,1.2373,1.5747,1.8712,2.0917,2.3045,2.5612,2.8266,3.0291,3.1043,3.0489,2.914,2.7862,2.6695,2.5501,2.3801,2.2613,2.1846,2.0946,1.8973,1.6321,1.3388,1.1497,0.98647,0.82718,0.66253,0.49235,0.30963,0.17539,0.027186,-0.14384,-0.25982,-0.33785,-0.40687,-0.52149,-0.60537,-0.66128,-0.70704,-0.72072,-0.7138,-0.75907,-0.79492,-0.80537,-0.83016,-0.84545,-0.87183,-0.84914,-0.78364,-0.75955,-0.74442,-0.7591,-0.78808,-0.80257,-0.8344,-0.8542,-0.83162,-0.83834,-0.83335,-0.86176,-0.91426,-0.94925,-0.94659,-0.88642,-0.82427,-0.84855,-0.88528,-0.92161,-0.95451,-0.92808,-0.93861,-1.0152,-1.0535,-1.0406,-1.0795,-1.0885,-1.0837,-1.0717,-1.1301,-1.1518,-1.04,-0.93003,-0.87145,-0.83043,-0.85637
0.25578,0.23318,0.21802,0.17599,0.11151,0.051565,-0.026019,-0.057416,-0.0098384,0.016519,0.025991,-0.00054095,0.18046,0.044274,0.02406,0.059897,0.13498,0.15295,0.24476,0.31981,0.41191,0.69214,1.0466,1.3873,1.7187,1.8217,2.1473,2.5099,2.8454,2.9869,2.8562,2.5956,2.3933,2.2205,1.9628,1.6985,1.504,1.2337,1.0149,0.86526,0.77295,0.67745,0.47679,0.31686,0.19244,0.10165,-0.0075677,-0.13765,-0.23225,-0.30482,-0.36926,-0.39757,-0.48175,-0.56686,-0.61644,-0.55501,-0.55157,-0.56727,-0.56907,-0.58999,-0.61801,-0.65001,-0.7025,-0.72689,-0.69158,-0.71474,-0.7781,-0.76879,-0.74068,-0.73322,-0.68287,-0.7798,-0.76401,-0.73765,-0.68544,-0.55644,-0.63032,-0.74186,-0.71109,-0.69632,-0.70089,-0.69704,-0.72336,-0.75211,-0.75079,-0.73211,-0.73939,-0.76338,-0.71441,-0.66056,-0.68325,-0.70853,-0.64731,-0.6013,-0.56651,-0.5708,-0.58511,-0.60485,-0.59287,-0.59002,-0.61528,-0.62056,-0.66725,-0.67026,-0.60806,-0.5306,-0.52957,-0.50967,-0.48528,-0.48252,-0.4812,-0.47261,-0.55721,-0.64042,-0.73033,-0.8337,-0.92547,-1.0654,-1.0898,-1.209,-1.3007,-1.1909,-1.0355,-0.91241,-0.78205,-0.59734,-0.38692,-0.18551,-0.037186,0.068021,0.20551,0.34582,0.43331,0.46633,0.51726,0.51917,0.60405,0.61003,0.60436,0.57376,0.51126,0.51397,0.53935,0.52538,0.47245,0.4157,0.41299,0.4294,0.43424,0.43233,0.39589,0.34118,0.30961,0.25636,0.11196,0.45204,0.56316,0.42456,0.56688,0.84411,1.1344,1.3781,1.6649,1.969,2.2438,2.5205,2.8254,3.0126,3.1192,3.1005,2.8895,2.6401,2.3569,2.0841,1.8776,1.6868,1.4417,1.2061,1.0523,0.89941,0.67325,0.29684,0.011341,-0.16416,-0.26148,-0.33176,-0.49781,-0.63365,-0.66963,-0.65911,-0.67346,-0.73465,-0.77632,-0.82944,-0.85769,-0.86338,-0.85095,-0.84,-0.8485,-0.8532,-0.86426,-0.81961,-0.80516,-0.81037,-0.79865,-0.76383,-0.75655,-0.79466,-0.81152,-0.77741,-0.74502,-0.72692,-0.73946,-0.78796,-0.80217,-0.79521,-0.78401,-0.77544,-0.78462,-0.826,-0.84217,-0.8046,-0.79047,-0.80365,-0.82305,-0.85287,-0.8705,-0.8757,-0.85419,-0.82291,-0.81082,-0.80427,-0.7977,-0.81044,-0.86206,-0.89819,-0.90592,-0.83076,-0.72489,-0.68457,-0.67298,-0.66155,-0.64253,-0.57538,-0.52069,-0.52838,-0.56691,-0.57726,-0.60087,-0.66205,-0.79911,-0.85081,-0.7545,-0.7526,-0.8306,-0.98028,-1.0808,-0.98687,-0.83744,-0.67213,-0.48497,-0.28546,-0.12454,-0.0017826,0.13,0.23201,0.28641,0.34064,0.40522,0.40151,0.34937,0.31804,0.29101,0.26558,0.23404,0.21471,0.18606,0.13899,0.087062,0.040746,0.059993,0.21059,0.29829,0.16697,0.055204,0.04336,0.013946,0.010646,0.030721,0.032138,0.030464,0.042417,0.08787,0.1733,0.33363,0.54452,0.96472,1.3305,1.6027,1.8192,1.9804,2.1513,2.328,2.393,2.2121,1.9553,1.7612,1.5978,1.4345,1.2719,1.1457,1.0799,1.0095,0.89316,0.81173,0.75081,0.5976,0.41077,0.25156,0.056518,-0.13129,-0.22121,-0.2873,-0.39372,-0.56086,-0.73801,-0.91027,-1.067,-1.1459,-1.1722,-1.1622,-1.167,-1.1736,-1.1507,-1.1658,-1.1786,-1.1849,-1.1902,-1.1776,-1.1632,-1.1646,-1.1637,-1.1578
